difficulty,category,question,source,original_source_question,source_url,licence
easy,Geography,What is the capital of Australia?,Original project (edited where needed),What is the capital of Australia?,,Original project / new original content
easy,Geography,What is the largest country in the world by area?,Original project (edited where needed),What is the largest country in the world by area?,,Original project / new original content
easy,Geography,Which is the largest hot desert on Earth?,Original project (edited where needed),Which is the largest hot desert on Earth?,,Original project / new original content
easy,Geography,What is the tallest mountain above sea level?,Original project (edited where needed),What is the tallest mountain above sea level?,,Original project / new original content
easy,Geography,What is the capital of Canada?,Original project (edited where needed),What is the capital of Canada?,,Original project / new original content
easy,Geography,Which is the largest ocean on Earth?,Original project (edited where needed),Which is the largest ocean on Earth?,,Original project / new original content
easy,Geography,What is the capital of Japan?,Original project (edited where needed),What is the capital of Japan?,,Original project / new original content
easy,Geography,Which European country is shaped like a boot?,Original project (edited where needed),Which European country is shaped like a boot?,,Original project / new original content
easy,Geography,What is the capital of Egypt?,Original project (edited where needed),What is the capital of Egypt?,,Original project / new original content
easy,Geography,What is the largest island in the world?,Original project (edited where needed),What is the largest island in the world?,,Original project / new original content
easy,Geography,Which is the largest U.S. state by area?,Original project (edited where needed),Which is the largest U.S. state by area?,,Original project / new original content
easy,Geography,What is the capital of Brazil?,Original project (edited where needed),What is the capital of Brazil?,,Original project / new original content
easy,Geography,Which river flows through London?,Original project (edited where needed),Which river flows through London?,,Original project / new original content
easy,Geography,What is the smallest country in the world?,Original project (edited where needed),What is the smallest country in the world?,,Original project / new original content
easy,Geography,What is the capital of South Korea?,Original project (edited where needed),What is the capital of South Korea?,,Original project / new original content
easy,Geography,Which mountain range separates Europe and Asia?,Original project (edited where needed),Which mountain range separates Europe and Asia?,,Original project / new original content
easy,Geography,What is the largest lake in the world by area?,Original project (edited where needed),What is the largest lake in the world by area?,,Original project / new original content
easy,Geography,What is the capital of Spain?,Original project (edited where needed),What is the capital of Spain?,,Original project / new original content
easy,Geography,The Great Barrier Reef lies off the coast of which country?,Original project (edited where needed),The Great Barrier Reef lies off the coast of which country?,,Original project / new original content
easy,Geography,What is the capital of Russia?,Original project (edited where needed),What is the capital of Russia?,,Original project / new original content
easy,Geography,Which African country was formerly known as Abyssinia?,Original project (edited where needed),Which African country was formerly known as Abyssinia?,,Original project / new original content
easy,Geography,Which strait separates Spain from Morocco?,Original project (edited where needed),Which strait separates Spain from Morocco?,,Original project / new original content
easy,Geography,What is the capital of Argentina?,Original project (edited where needed),What is the capital of Argentina?,,Original project / new original content
easy,Geography,What is the highest waterfall in the world?,Original project (edited where needed),What is the highest waterfall in the world?,,Original project / new original content
easy,Geography,Which body of water is the lowest point on land?,Original project (edited where needed),Which body of water is the lowest point on land?,,Original project / new original content
easy,Geography,Which continent is the least populated?,Original project (edited where needed),Which continent is the least populated?,,Original project / new original content
easy,Geography,What is the capital of Germany?,Original project (edited where needed),What is the capital of Germany?,,Original project / new original content
easy,Geography,Which country has the most natural lakes?,Original project (edited where needed),Which country has the most natural lakes?,,Original project / new original content
easy,Geography,Which river flows through Cairo before reaching the Mediterranean Sea?,Original project (edited where needed),What is the longest river in the world?,,Original project / new original content
easy,Geography,Mount Kilimanjaro is located in which country?,Original project (edited where needed),Mount Kilimanjaro is located in which country?,,Original project / new original content
easy,Geography,"What is the largest country, by area, that has only one time zone?",Open Trivia DB via leakyhose/open-trivia-dataset @77d8e3cb5c8e264d50220eee75cfe08d233b1910,"What is the largest country, by area, that has only one time zone?",https://opentdb.com/,CC BY-SA 4.0 (adapted)
easy,Geography,What is the name of the ocean that Hawaii is located in?,Open Trivia DB via leakyhose/open-trivia-dataset @77d8e3cb5c8e264d50220eee75cfe08d233b1910,What is the name of the ocean that Hawaii is located in?,https://opentdb.com/,CC BY-SA 4.0 (adapted)
easy,Geography,Which ocean borders the west coast of the United States?,Open Trivia DB via leakyhose/open-trivia-dataset @77d8e3cb5c8e264d50220eee75cfe08d233b1910,Which ocean borders the west coast of the United States?,https://opentdb.com/,CC BY-SA 4.0 (adapted)
easy,Geography,What is the Capital of the United States?,Open Trivia DB via leakyhose/open-trivia-dataset @77d8e3cb5c8e264d50220eee75cfe08d233b1910,What is the Capital of the United States?,https://opentdb.com/,CC BY-SA 4.0 (adapted)
easy,Geography,In which country is the city of Rio de Janeiro?,Open Trivia DB via leakyhose/open-trivia-dataset @77d8e3cb5c8e264d50220eee75cfe08d233b1910,In which country is the city of Rio de Janeiro?,https://opentdb.com/,CC BY-SA 4.0 (adapted)
easy,Geography,What is the Polish city known to Germans as Danzig?,Open Trivia DB via leakyhose/open-trivia-dataset @77d8e3cb5c8e264d50220eee75cfe08d233b1910,What is the Polish city known to Germans as Danzig?,https://opentdb.com/,CC BY-SA 4.0 (adapted)
easy,Geography,What is the capital of Denmark?,Open Trivia DB via leakyhose/open-trivia-dataset @77d8e3cb5c8e264d50220eee75cfe08d233b1910,What is the capital of Denmark?,https://opentdb.com/,CC BY-SA 4.0 (adapted)
easy,Geography,What is the capital of India?,Open Trivia DB via leakyhose/open-trivia-dataset @77d8e3cb5c8e264d50220eee75cfe08d233b1910,What is the capital of India?,https://opentdb.com/,CC BY-SA 4.0 (adapted)
easy,Geography,What is the capital of Scotland?,Open Trivia DB via leakyhose/open-trivia-dataset @77d8e3cb5c8e264d50220eee75cfe08d233b1910,What is the capital of Scotland?,https://opentdb.com/,CC BY-SA 4.0 (adapted)
easy,Geography,Which area of Eastern Europe is famous for its association with vampires?,Open Trivia DB via leakyhose/open-trivia-dataset @77d8e3cb5c8e264d50220eee75cfe08d233b1910,Which area of Eastern Europe is famous for its association with vampires?,https://opentdb.com/,CC BY-SA 4.0 (adapted)
easy,Geography,The longest shared border in the world can be found between which two nations?,Open Trivia DB via leakyhose/open-trivia-dataset @77d8e3cb5c8e264d50220eee75cfe08d233b1910,The longest shared border in the world can be found between which two nations?,https://opentdb.com/,CC BY-SA 4.0 (adapted)
easy,Geography,What is Canada's smallest province?,Open Trivia DB via leakyhose/open-trivia-dataset @77d8e3cb5c8e264d50220eee75cfe08d233b1910,What is Canada's smallest province?,https://opentdb.com/,CC BY-SA 4.0 (adapted)
easy,Geography,What is the nickname for the US state Delaware?,Open Trivia DB via leakyhose/open-trivia-dataset @77d8e3cb5c8e264d50220eee75cfe08d233b1910,What is the nickname for the US state Delaware?,https://opentdb.com/,CC BY-SA 4.0 (adapted)
easy,Geography,Which UK country features a dragon on their flag?,Open Trivia DB via leakyhose/open-trivia-dataset @77d8e3cb5c8e264d50220eee75cfe08d233b1910,Which UK country features a dragon on their flag?,https://opentdb.com/,CC BY-SA 4.0 (adapted)
easy,Geography,What colour is the circle on the Japanese flag?,Open Trivia DB via leakyhose/open-trivia-dataset @77d8e3cb5c8e264d50220eee75cfe08d233b1910,What colour is the circle on the Japanese flag?,https://opentdb.com/,CC BY-SA 4.0 (adapted)
easy,Geography,"Where would you find the ""Spanish Steps""?",Open Trivia DB via leakyhose/open-trivia-dataset @77d8e3cb5c8e264d50220eee75cfe08d233b1910,"Where would you find the ""Spanish Steps""?",https://opentdb.com/,CC BY-SA 4.0 (adapted)
easy,Geography,What is the name of the peninsula containing Spain and Portugal?,Open Trivia DB via leakyhose/open-trivia-dataset @77d8e3cb5c8e264d50220eee75cfe08d233b1910,What is the name of the peninsula containing Spain and Portugal?,https://opentdb.com/,CC BY-SA 4.0 (adapted)
easy,Geography,What is the capital of Jamaica?,Open Trivia DB via leakyhose/open-trivia-dataset @77d8e3cb5c8e264d50220eee75cfe08d233b1910,What is the capital of Jamaica?,https://opentdb.com/,CC BY-SA 4.0 (adapted)
easy,Geography,"Vatican City, the smallest country in the world, is fully enclosed by which country?",Open Trivia DB via leakyhose/open-trivia-dataset @77d8e3cb5c8e264d50220eee75cfe08d233b1910,"Vatican City, the smallest country in the world, is fully enclosed by which country?",https://opentdb.com/,CC BY-SA 4.0 (adapted)
easy,Geography,What is the capital of the US State of New York?,Open Trivia DB via leakyhose/open-trivia-dataset @77d8e3cb5c8e264d50220eee75cfe08d233b1910,What is the capital of the US State of New York?,https://opentdb.com/,CC BY-SA 4.0 (adapted)
easy,Geography,How many US states start with the letter K?,Open Trivia DB via leakyhose/open-trivia-dataset @77d8e3cb5c8e264d50220eee75cfe08d233b1910,How many US states start with the letter K?,https://opentdb.com/,CC BY-SA 4.0 (adapted)
easy,Geography,What country is the second largest in the world by area?,Open Trivia DB via leakyhose/open-trivia-dataset @77d8e3cb5c8e264d50220eee75cfe08d233b1910,What country is the second largest in the world by area?,https://opentdb.com/,CC BY-SA 4.0 (adapted)
easy,Geography,Greenland is a part of which kingdom?,Open Trivia DB via leakyhose/open-trivia-dataset @77d8e3cb5c8e264d50220eee75cfe08d233b1910,Greenland is a part of which kingdom?,https://opentdb.com/,CC BY-SA 4.0 (adapted)
easy,Geography,The Alps are a mountain range on which continent?,Open Trivia DB via leakyhose/open-trivia-dataset @77d8e3cb5c8e264d50220eee75cfe08d233b1910,The Alps are a mountain range on which continent?,https://opentdb.com/,CC BY-SA 4.0 (adapted)
easy,Geography,What is the name of New Zealand's indigenous people?,Open Trivia DB via leakyhose/open-trivia-dataset @77d8e3cb5c8e264d50220eee75cfe08d233b1910,What is the name of New Zealand's indigenous people?,https://opentdb.com/,CC BY-SA 4.0 (adapted)
easy,Geography,Which country features a maple leaf on its flag?,Open Trivia DB via leakyhose/open-trivia-dataset @77d8e3cb5c8e264d50220eee75cfe08d233b1910,Which country features a maple leaf on its flag?,https://opentdb.com/,CC BY-SA 4.0 (adapted)
easy,Geography,What is the official language of Costa Rica?,Open Trivia DB via leakyhose/open-trivia-dataset @77d8e3cb5c8e264d50220eee75cfe08d233b1910,What is the official language of Costa Rica?,https://opentdb.com/,CC BY-SA 4.0 (adapted)
easy,Geography,"Which US state is nicknamed ""The Golden State""?",Open Trivia DB via leakyhose/open-trivia-dataset @77d8e3cb5c8e264d50220eee75cfe08d233b1910,"Which US state is nicknamed ""The Golden State""?",https://opentdb.com/,CC BY-SA 4.0 (adapted)
easy,Geography,In which Indian city can the Taj Mahal be found?,Open Trivia DB via leakyhose/open-trivia-dataset @77d8e3cb5c8e264d50220eee75cfe08d233b1910,In which Indian city can the Taj Mahal be found?,https://opentdb.com/,CC BY-SA 4.0 (adapted)
easy,Geography,The body of the Egyptian Sphinx was based on which animal?,Open Trivia DB via leakyhose/open-trivia-dataset @77d8e3cb5c8e264d50220eee75cfe08d233b1910,The body of the Egyptian Sphinx was based on which animal?,https://opentdb.com/,CC BY-SA 4.0 (adapted)
easy,Geography,Which Russian oblast forms a border with Poland?,Open Trivia DB via leakyhose/open-trivia-dataset @77d8e3cb5c8e264d50220eee75cfe08d233b1910,Which Russian oblast forms a border with Poland?,https://opentdb.com/,CC BY-SA 4.0 (adapted)
easy,Geography,Harvard University is located in which city?,Open Trivia DB via leakyhose/open-trivia-dataset @77d8e3cb5c8e264d50220eee75cfe08d233b1910,Harvard University is located in which city?,https://opentdb.com/,CC BY-SA 4.0 (adapted)
easy,Geography,What is the capital of the American state of Arizona?,Open Trivia DB via leakyhose/open-trivia-dataset @77d8e3cb5c8e264d50220eee75cfe08d233b1910,What is the capital of the American state of Arizona?,https://opentdb.com/,CC BY-SA 4.0 (adapted)
easy,Geography,How many federal states does Germany have?,Open Trivia DB via leakyhose/open-trivia-dataset @77d8e3cb5c8e264d50220eee75cfe08d233b1910,How many federal states does Germany have?,https://opentdb.com/,CC BY-SA 4.0 (adapted)
easy,Geography,The Space Needle is located in which city?,Open Trivia DB via leakyhose/open-trivia-dataset @77d8e3cb5c8e264d50220eee75cfe08d233b1910,The Space Needle is located in which city?,https://opentdb.com/,CC BY-SA 4.0 (adapted)
easy,Geography,Which small country is located between the borders of France and Spain?,Open Trivia DB via leakyhose/open-trivia-dataset @77d8e3cb5c8e264d50220eee75cfe08d233b1910,Which small country is located between the borders of France and Spain?,https://opentdb.com/,CC BY-SA 4.0 (adapted)
easy,Geography,What is the capital of France?,Newly authored supplement,What is the capital of France?,,Original project / new original content
easy,Geography,What is the capital of Italy?,Newly authored supplement,What is the capital of Italy?,,Original project / new original content
easy,Geography,Which continent contains Kenya?,Newly authored supplement,Which continent contains Kenya?,,Original project / new original content
easy,Geography,Which ocean lies between Africa and Australia?,Newly authored supplement,Which ocean lies between Africa and Australia?,,Original project / new original content
easy,Geography,Which country contains the cities of Lisbon and Porto?,Newly authored supplement,Which country contains the cities of Lisbon and Porto?,,Original project / new original content
easy,Geography,What is the capital of Austria?,Newly authored supplement,What is the capital of Austria?,,Original project / new original content
easy,Geography,What is the capital of Greece?,Newly authored supplement,What is the capital of Greece?,,Original project / new original content
easy,Geography,Which country contains the city of Barcelona?,Newly authored supplement,Which country contains the city of Barcelona?,,Original project / new original content
easy,Geography,Which continent contains Argentina?,Newly authored supplement,Which continent contains Argentina?,,Original project / new original content
easy,Geography,Which ocean lies between Europe and North America?,Newly authored supplement,Which ocean lies between Europe and North America?,,Original project / new original content
easy,Geography,Which country is home to the city of Amsterdam?,Newly authored supplement,Which country is home to the city of Amsterdam?,,Original project / new original content
easy,Geography,Which country contains the city of Dublin?,Newly authored supplement,Which country contains the city of Dublin?,,Original project / new original content
easy,Geography,What is the capital of Norway?,Newly authored supplement,What is the capital of Norway?,,Original project / new original content
easy,Geography,What is the capital of Sweden?,Newly authored supplement,What is the capital of Sweden?,,Original project / new original content
easy,Geography,Which country contains the city of Helsinki?,Newly authored supplement,Which country contains the city of Helsinki?,,Original project / new original content
easy,Geography,What is the capital of Poland?,Newly authored supplement,What is the capital of Poland?,,Original project / new original content
easy,Geography,What is the capital of Thailand?,Newly authored supplement,What is the capital of Thailand?,,Original project / new original content
easy,Geography,Which country contains the ancient city of Petra?,Newly authored supplement,Which country contains the ancient city of Petra?,,Original project / new original content
easy,Geography,Which country is home to the pyramids at Giza?,Newly authored supplement,Which country is home to the pyramids at Giza?,,Original project / new original content
easy,Geography,Which city is home to the Eiffel Tower?,Newly authored supplement,Which city is home to the Eiffel Tower?,,Original project / new original content
easy,Geography,What is the capital of China?,Newly authored supplement,What is the capital of China?,,Original project / new original content
easy,Geography,Which continent contains the Andes mountain range?,Newly authored supplement,Which continent contains the Andes mountain range?,,Original project / new original content
easy,Geography,Which continent contains the South Pole?,Newly authored supplement,Which continent contains the South Pole?,,Original project / new original content
easy,Geography,What is the imaginary line at zero degrees latitude called?,Newly authored supplement,What is the imaginary line at zero degrees latitude called?,,Original project / new original content
easy,Geography,What direction is opposite to north on a compass?,Newly authored supplement,What direction is opposite to north on a compass?,,Original project / new original content
easy,Geography,What direction is opposite to east on a compass?,Newly authored supplement,What direction is opposite to east on a compass?,,Original project / new original content
easy,Geography,What do we call land surrounded by water on all sides?,Newly authored supplement,What do we call land surrounded by water on all sides?,,Original project / new original content
easy,Geography,What is the name for a book of maps?,Newly authored supplement,What is the name for a book of maps?,,Original project / new original content
easy,Geography,Which country contains the city of Mumbai?,Newly authored supplement,Which country contains the city of Mumbai?,,Original project / new original content
easy,Geography,Which large island nation lies to the east of Mozambique?,Newly authored supplement,Which large island nation lies to the east of Mozambique?,,Original project / new original content
easy,Geography,Which country contains the city of Marrakesh?,Newly authored supplement,Which country contains the city of Marrakesh?,,Original project / new original content
easy,Geography,What is the capital of Mexico?,Newly authored supplement,What is the capital of Mexico?,,Original project / new original content
easy,Geography,Which country contains Machu Picchu?,Newly authored supplement,Which country contains Machu Picchu?,,Original project / new original content
easy,Geography,Which continent contains the Sahara Desert?,Newly authored supplement,Which continent contains the Sahara Desert?,,Original project / new original content
easy,Entertainment,Who played Jack in the 1997 film Titanic?,Original project (edited where needed),Who played Jack in the 1997 film Titanic?,,Original project / new original content
easy,Entertainment,What is the wizarding school in Harry Potter called?,Original project (edited where needed),What is the wizarding school in Harry Potter called?,,Original project / new original content
easy,Entertainment,Which band released Bohemian Rhapsody?,Original project (edited where needed),Which band released Bohemian Rhapsody?,,Original project / new original content
easy,Entertainment,Which 2009 film became the highest-grossing of all time?,Original project (edited where needed),Which 2009 film became the highest-grossing of all time?,,Original project / new original content
easy,Entertainment,Who directed Jaws and E.T.?,Original project (edited where needed),Who directed Jaws and E.T.?,,Original project / new original content
easy,Entertainment,Which singer is known as the King of Pop?,Original project (edited where needed),Which singer is known as the King of Pop?,,Original project / new original content
easy,Entertainment,What is Joey's catchphrase in Friends?,Original project (edited where needed),What is Joey's catchphrase in Friends?,,Original project / new original content
easy,Entertainment,Who voices Woody in the Toy Story films?,Original project (edited where needed),Who voices Woody in the Toy Story films?,,Original project / new original content
easy,Entertainment,Which Netflix show features the Upside Down?,Original project (edited where needed),Which Netflix show features the Upside Down?,,Original project / new original content
easy,Entertainment,Who sang Rolling in the Deep?,Original project (edited where needed),Who sang Rolling in the Deep?,,Original project / new original content
easy,Entertainment,Who played Iron Man in the Marvel films?,Original project (edited where needed),Who played Iron Man in the Marvel films?,,Original project / new original content
easy,Entertainment,What is the name of the kingdom in Frozen?,Original project (edited where needed),What is the name of the kingdom in Frozen?,,Original project / new original content
easy,Entertainment,Which animated TV family lives in Springfield?,Original project (edited where needed),Which animated TV family lives in Springfield?,,Original project / new original content
easy,Entertainment,Who wrote and performed Shake It Off?,Original project (edited where needed),Who wrote and performed Shake It Off?,,Original project / new original content
easy,Entertainment,Which movie features the catchphrase I will be back?,Original project (edited where needed),Which movie features the catchphrase I will be back?,,Original project / new original content
easy,Entertainment,Who is the lead singer of U2?,Original project (edited where needed),Who is the lead singer of U2?,,Original project / new original content
easy,Entertainment,What is Walter White's alias in Breaking Bad?,Original project (edited where needed),What is Walter White's alias in Breaking Bad?,,Original project / new original content
easy,Entertainment,Which animated film features a lion cub named Simba?,Original project (edited where needed),Which animated film features a lion cub named Simba?,,Original project / new original content
easy,Entertainment,Which hobbit carries the One Ring in The Lord of the Rings?,Original project (edited where needed),Which hobbit carries the One Ring in The Lord of the Rings?,,Original project / new original content
easy,Entertainment,Which pop star is nicknamed Queen B?,Original project (edited where needed),Which pop star is nicknamed Queen B?,,Original project / new original content
easy,Entertainment,Which dance move is Michael Jackson famous for?,Original project (edited where needed),Which dance move is Michael Jackson famous for?,,Original project / new original content
easy,Entertainment,Which film won Best Picture at the 2020 Oscars?,Original project (edited where needed),Which film won Best Picture at the 2020 Oscars?,,Original project / new original content
easy,Entertainment,Who wrote the novels behind Game of Thrones?,Original project (edited where needed),Who wrote the novels behind Game of Thrones?,,Original project / new original content
easy,Entertainment,What is the name of the lost clownfish in the Pixar film?,Original project (edited where needed),What is the name of the lost clownfish in the Pixar film?,,Original project / new original content
easy,Entertainment,Which band performed Hey Jude?,Original project (edited where needed),Which band performed Hey Jude?,,Original project / new original content
easy,Entertainment,Who played Captain Jack Sparrow in Pirates of the Caribbean?,Original project (edited where needed),Who played Captain Jack Sparrow in Pirates of the Caribbean?,,Original project / new original content
easy,Entertainment,Which superhero is also known as the Dark Knight?,Original project (edited where needed),Which superhero is also known as the Dark Knight?,,Original project / new original content
easy,Entertainment,Who sang Bad Guy and Ocean Eyes?,Original project (edited where needed),Who sang Bad Guy and Ocean Eyes?,,Original project / new original content
easy,Entertainment,What is the name of the coffee shop in Friends?,Original project (edited where needed),What is the name of the coffee shop in Friends?,,Original project / new original content
easy,Entertainment,Which film studio produces the Toy Story films?,Original project (edited where needed),Which film studio produces the Toy Story films?,,Original project / new original content
easy,Entertainment,"In the Super Mario Bros. Movie (2023), who plays Toad?",Open Trivia DB via leakyhose/open-trivia-dataset @77d8e3cb5c8e264d50220eee75cfe08d233b1910,"In the Super Mario Bros. Movie (2023), who plays Toad?",https://opentdb.com/,CC BY-SA 4.0 (adapted)
easy,Entertainment,"Which group performs the song ""Crash into Me""?",Open Trivia DB via leakyhose/open-trivia-dataset @77d8e3cb5c8e264d50220eee75cfe08d233b1910,"Which group performs the song ""Crash into Me""?",https://opentdb.com/,CC BY-SA 4.0 (adapted)
easy,Entertainment,What TV show is about a grandfather dragging his grandson around on adventures?,Open Trivia DB via leakyhose/open-trivia-dataset @77d8e3cb5c8e264d50220eee75cfe08d233b1910,What TV show is about a grandfather dragging his grandson around on adventures?,https://opentdb.com/,CC BY-SA 4.0 (adapted)
easy,Entertainment,"In ""Call Of Duty: Zombies"", what is the name of the machine that upgrades weapons?",Open Trivia DB via leakyhose/open-trivia-dataset @77d8e3cb5c8e264d50220eee75cfe08d233b1910,"In ""Call Of Duty: Zombies"", what is the name of the machine that upgrades weapons?",https://opentdb.com/,CC BY-SA 4.0 (adapted)
easy,Entertainment,Which Teenage Mutant Ninja Turtle traditionally wears an orange bandana?,Open Trivia DB via leakyhose/open-trivia-dataset @77d8e3cb5c8e264d50220eee75cfe08d233b1910,Which Teenage Mutant Ninja Turtle traditionally wears an orange bandana?,https://opentdb.com/,CC BY-SA 4.0 (adapted)
easy,Entertainment,"Who wrote the musical ""Hamilton""?",Open Trivia DB via leakyhose/open-trivia-dataset @77d8e3cb5c8e264d50220eee75cfe08d233b1910,"Who wrote the musical ""Hamilton""?",https://opentdb.com/,CC BY-SA 4.0 (adapted)
easy,Entertainment,"Who starred as Bruce Wayne and Batman in Tim Burton's 1989 movie ""Batman""?",Open Trivia DB via leakyhose/open-trivia-dataset @77d8e3cb5c8e264d50220eee75cfe08d233b1910,"Who starred as Bruce Wayne and Batman in Tim Burton's 1989 movie ""Batman""?",https://opentdb.com/,CC BY-SA 4.0 (adapted)
easy,Entertainment,Brian May was the guitarist for which band?,Open Trivia DB via leakyhose/open-trivia-dataset @77d8e3cb5c8e264d50220eee75cfe08d233b1910,Brian May was the guitarist for which band?,https://opentdb.com/,CC BY-SA 4.0 (adapted)
easy,Entertainment,What was the name of the teenage witch played by Melisa Joan Hart who lives with her witch aunts Hilda and Zelda?,Open Trivia DB via leakyhose/open-trivia-dataset @77d8e3cb5c8e264d50220eee75cfe08d233b1910,What was the name of the teenage witch played by Melisa Joan Hart who lives with her witch aunts Hilda and Zelda?,https://opentdb.com/,CC BY-SA 4.0 (adapted)
easy,Entertainment,What is the last name of Edward and Alphonse in the Fullmetal Alchemist series.,Open Trivia DB via leakyhose/open-trivia-dataset @77d8e3cb5c8e264d50220eee75cfe08d233b1910,What is the last name of Edward and Alphonse in the Fullmetal Alchemist series.,https://opentdb.com/,CC BY-SA 4.0 (adapted)
easy,Entertainment,"What was the title of the first Bond movie, released in 1962?",Open Trivia DB via leakyhose/open-trivia-dataset @77d8e3cb5c8e264d50220eee75cfe08d233b1910,"What was the title of the first Bond movie, released in 1962?",https://opentdb.com/,CC BY-SA 4.0 (adapted)
easy,Entertainment,"The band Muse released their first album, Showbiz, in what year?",Open Trivia DB via leakyhose/open-trivia-dataset @77d8e3cb5c8e264d50220eee75cfe08d233b1910,"The band Muse released their first album, Showbiz, in what year?",https://opentdb.com/,CC BY-SA 4.0 (adapted)
easy,Entertainment,In which state of America was the Fresh Prince of Bel-Air born and raised in?,Open Trivia DB via leakyhose/open-trivia-dataset @77d8e3cb5c8e264d50220eee75cfe08d233b1910,In which state of America was the Fresh Prince of Bel-Air born and raised in?,https://opentdb.com/,CC BY-SA 4.0 (adapted)
easy,Entertainment,Who is the main protagonist of Dead Space?,Open Trivia DB via leakyhose/open-trivia-dataset @77d8e3cb5c8e264d50220eee75cfe08d233b1910,Who is the main protagonist of Dead Space?,https://opentdb.com/,CC BY-SA 4.0 (adapted)
easy,Entertainment,What type of animal is Disney's Bambi?,Open Trivia DB via leakyhose/open-trivia-dataset @77d8e3cb5c8e264d50220eee75cfe08d233b1910,What type of animal is Disney's Bambi?,https://opentdb.com/,CC BY-SA 4.0 (adapted)
easy,Entertainment,"""Doctor Who"" star David Tennant performed in a rendition of which Shakespearean play?",Open Trivia DB via leakyhose/open-trivia-dataset @77d8e3cb5c8e264d50220eee75cfe08d233b1910,"""Doctor Who"" star David Tennant performed in a rendition of which Shakespearean play?",https://opentdb.com/,CC BY-SA 4.0 (adapted)
easy,Entertainment,"In ""Fairy Tail"", what is the nickname of Natsu Dragneel?",Open Trivia DB via leakyhose/open-trivia-dataset @77d8e3cb5c8e264d50220eee75cfe08d233b1910,"In ""Fairy Tail"", what is the nickname of Natsu Dragneel?",https://opentdb.com/,CC BY-SA 4.0 (adapted)
easy,Entertainment,"When does ""Rogue One: A Star Wars Story"" take place chronologically in the series?",Open Trivia DB via leakyhose/open-trivia-dataset @77d8e3cb5c8e264d50220eee75cfe08d233b1910,"When does ""Rogue One: A Star Wars Story"" take place chronologically in the series?",https://opentdb.com/,CC BY-SA 4.0 (adapted)
easy,Entertainment,"Who was featured in the song ""Words"" by Feint?",Open Trivia DB via leakyhose/open-trivia-dataset @77d8e3cb5c8e264d50220eee75cfe08d233b1910,"Who was featured in the song ""Words"" by Feint?",https://opentdb.com/,CC BY-SA 4.0 (adapted)
easy,Entertainment,"In the show ""Futurama"" what is Fry's full name?",Open Trivia DB via leakyhose/open-trivia-dataset @77d8e3cb5c8e264d50220eee75cfe08d233b1910,"In the show ""Futurama"" what is Fry's full name?",https://opentdb.com/,CC BY-SA 4.0 (adapted)
easy,Entertainment,"Who is the protagonist in the game ""The Walking Dead: Season One""?",Open Trivia DB via leakyhose/open-trivia-dataset @77d8e3cb5c8e264d50220eee75cfe08d233b1910,"Who is the protagonist in the game ""The Walking Dead: Season One""?",https://opentdb.com/,CC BY-SA 4.0 (adapted)
easy,Entertainment,Who is Winnie the Pooh's gloomy donkey friend?,Open Trivia DB via leakyhose/open-trivia-dataset @77d8e3cb5c8e264d50220eee75cfe08d233b1910,Who is Winnie the Pooh's gloomy donkey friend?,https://opentdb.com/,CC BY-SA 4.0 (adapted)
easy,Entertainment,Who wrote the play 'Angels in America'?,Open Trivia DB via leakyhose/open-trivia-dataset @77d8e3cb5c8e264d50220eee75cfe08d233b1910,Who wrote the play 'Angels in America'?,https://opentdb.com/,CC BY-SA 4.0 (adapted)
easy,Entertainment,"Which anime heavily features music from the genre ""Eurobeat""?",Open Trivia DB via leakyhose/open-trivia-dataset @77d8e3cb5c8e264d50220eee75cfe08d233b1910,"Which anime heavily features music from the genre ""Eurobeat""?",https://opentdb.com/,CC BY-SA 4.0 (adapted)
easy,Entertainment,The 2016 Disney animated film 'Moana' is based on which culture?,Open Trivia DB via leakyhose/open-trivia-dataset @77d8e3cb5c8e264d50220eee75cfe08d233b1910,The 2016 Disney animated film 'Moana' is based on which culture?,https://opentdb.com/,CC BY-SA 4.0 (adapted)
easy,Entertainment,"The Rush song ""YYZ"" derives its name from the IATA aiport identification code for which city?",Open Trivia DB via leakyhose/open-trivia-dataset @77d8e3cb5c8e264d50220eee75cfe08d233b1910,"The Rush song ""YYZ"" derives its name from the IATA aiport identification code for which city?",https://opentdb.com/,CC BY-SA 4.0 (adapted)
easy,Entertainment,"How many seasons did ""Stargate SG-1"" have?",Open Trivia DB via leakyhose/open-trivia-dataset @77d8e3cb5c8e264d50220eee75cfe08d233b1910,"How many seasons did ""Stargate SG-1"" have?",https://opentdb.com/,CC BY-SA 4.0 (adapted)
easy,Entertainment,Who is able to grab the survivors with his tongue in Left 4 Dead?,Open Trivia DB via leakyhose/open-trivia-dataset @77d8e3cb5c8e264d50220eee75cfe08d233b1910,Who is able to grab the survivors with his tongue in Left 4 Dead?,https://opentdb.com/,CC BY-SA 4.0 (adapted)
easy,Entertainment,"In Shakespeare's play Julius Caesar, Caesar's last words were...",Open Trivia DB via leakyhose/open-trivia-dataset @77d8e3cb5c8e264d50220eee75cfe08d233b1910,"In Shakespeare's play Julius Caesar, Caesar's last words were...",https://opentdb.com/,CC BY-SA 4.0 (adapted)
easy,Entertainment,"The two main characters of ""No Game No Life"", Sora and Shiro, together go by what name?",Open Trivia DB via leakyhose/open-trivia-dataset @77d8e3cb5c8e264d50220eee75cfe08d233b1910,"The two main characters of ""No Game No Life"", Sora and Shiro, together go by what name?",https://opentdb.com/,CC BY-SA 4.0 (adapted)
easy,Entertainment,"Who starred in the film 1973 movie ""Enter The Dragon""?",Open Trivia DB via leakyhose/open-trivia-dataset @77d8e3cb5c8e264d50220eee75cfe08d233b1910,"Who starred in the film 1973 movie ""Enter The Dragon""?",https://opentdb.com/,CC BY-SA 4.0 (adapted)
easy,Entertainment,What album did Bon Iver release in 2016?,Open Trivia DB via leakyhose/open-trivia-dataset @77d8e3cb5c8e264d50220eee75cfe08d233b1910,What album did Bon Iver release in 2016?,https://opentdb.com/,CC BY-SA 4.0 (adapted)
easy,Entertainment,"In AMC's TV Series ""The Walking Dead"" what are ""Zombies"" referred to as?",Open Trivia DB via leakyhose/open-trivia-dataset @77d8e3cb5c8e264d50220eee75cfe08d233b1910,"In AMC's TV Series ""The Walking Dead"" what are ""Zombies"" referred to as?",https://opentdb.com/,CC BY-SA 4.0 (adapted)
easy,Entertainment,"League of Legends, DOTA 2, Smite and Heroes of the Storm are all part of which game genre?",Open Trivia DB via leakyhose/open-trivia-dataset @77d8e3cb5c8e264d50220eee75cfe08d233b1910,"League of Legends, DOTA 2, Smite and Heroes of the Storm are all part of which game genre?",https://opentdb.com/,CC BY-SA 4.0 (adapted)
easy,Entertainment,What is the name of the city that The Flintstones is based in?,Open Trivia DB via leakyhose/open-trivia-dataset @77d8e3cb5c8e264d50220eee75cfe08d233b1910,What is the name of the city that The Flintstones is based in?,https://opentdb.com/,CC BY-SA 4.0 (adapted)
easy,Entertainment,What is Jean ValJean's first prisoner number?,Open Trivia DB via leakyhose/open-trivia-dataset @77d8e3cb5c8e264d50220eee75cfe08d233b1910,What is Jean ValJean's first prisoner number?,https://opentdb.com/,CC BY-SA 4.0 (adapted)
easy,Entertainment,"In the anime Black Butler, who is betrothed to be married to Ciel Phantomhive?",Open Trivia DB via leakyhose/open-trivia-dataset @77d8e3cb5c8e264d50220eee75cfe08d233b1910,"In the anime Black Butler, who is betrothed to be married to Ciel Phantomhive?",https://opentdb.com/,CC BY-SA 4.0 (adapted)
easy,Entertainment,"In the 1995 film ""Balto"", who are Steele's accomplices?",Open Trivia DB via leakyhose/open-trivia-dataset @77d8e3cb5c8e264d50220eee75cfe08d233b1910,"In the 1995 film ""Balto"", who are Steele's accomplices?",https://opentdb.com/,CC BY-SA 4.0 (adapted)
easy,Entertainment,"Which Disney character sings the song ""A Dream is a Wish Your Heart Makes""?",Open Trivia DB via leakyhose/open-trivia-dataset @77d8e3cb5c8e264d50220eee75cfe08d233b1910,"Which Disney character sings the song ""A Dream is a Wish Your Heart Makes""?",https://opentdb.com/,CC BY-SA 4.0 (adapted)
easy,Entertainment,What was the name of the the first episode of Doctor Who to air in 1963?,Open Trivia DB via leakyhose/open-trivia-dataset @77d8e3cb5c8e264d50220eee75cfe08d233b1910,What was the name of the the first episode of Doctor Who to air in 1963?,https://opentdb.com/,CC BY-SA 4.0 (adapted)
easy,Entertainment,"In the game ""DELTARUNE"", what is Ralsei's special ability?",Open Trivia DB via leakyhose/open-trivia-dataset @77d8e3cb5c8e264d50220eee75cfe08d233b1910,"In the game ""DELTARUNE"", what is Ralsei's special ability?",https://opentdb.com/,CC BY-SA 4.0 (adapted)
easy,Entertainment,"In the show ""Foster's Home For Imaginary Friends"", which character had an obsession with basketball?",Open Trivia DB via leakyhose/open-trivia-dataset @77d8e3cb5c8e264d50220eee75cfe08d233b1910,"In the show ""Foster's Home For Imaginary Friends"", which character had an obsession with basketball?",https://opentdb.com/,CC BY-SA 4.0 (adapted)
easy,Entertainment,"What caused the titular mascot of Yo-Kai Watch, Jibanyan, to become a yokai?",Open Trivia DB via leakyhose/open-trivia-dataset @77d8e3cb5c8e264d50220eee75cfe08d233b1910,"What caused the titular mascot of Yo-Kai Watch, Jibanyan, to become a yokai?",https://opentdb.com/,CC BY-SA 4.0 (adapted)
easy,Entertainment,"This movie contains the quote, ""Houston, we have a problem.""",Open Trivia DB via leakyhose/open-trivia-dataset @77d8e3cb5c8e264d50220eee75cfe08d233b1910,"This movie contains the quote, ""Houston, we have a problem.""",https://opentdb.com/,CC BY-SA 4.0 (adapted)
easy,Entertainment,Who is the lead singer of the British pop rock band Coldplay?,Open Trivia DB via leakyhose/open-trivia-dataset @77d8e3cb5c8e264d50220eee75cfe08d233b1910,Who is the lead singer of the British pop rock band Coldplay?,https://opentdb.com/,CC BY-SA 4.0 (adapted)
easy,Entertainment,What country is Cory in the House set in?,Open Trivia DB via leakyhose/open-trivia-dataset @77d8e3cb5c8e264d50220eee75cfe08d233b1910,What country is Cory in the House set in?,https://opentdb.com/,CC BY-SA 4.0 (adapted)
easy,Entertainment,"What is the boss round featured in the ""Call Of Duty: Zombies"" map ""Five""?",Open Trivia DB via leakyhose/open-trivia-dataset @77d8e3cb5c8e264d50220eee75cfe08d233b1910,"What is the boss round featured in the ""Call Of Duty: Zombies"" map ""Five""?",https://opentdb.com/,CC BY-SA 4.0 (adapted)
easy,Entertainment,The song 'Little April Shower' features in which Disney cartoon film?,Open Trivia DB via leakyhose/open-trivia-dataset @77d8e3cb5c8e264d50220eee75cfe08d233b1910,The song 'Little April Shower' features in which Disney cartoon film?,https://opentdb.com/,CC BY-SA 4.0 (adapted)
easy,Entertainment,Which Shakespeare play inspired the musical 'West Side Story'?,Open Trivia DB via leakyhose/open-trivia-dataset @77d8e3cb5c8e264d50220eee75cfe08d233b1910,Which Shakespeare play inspired the musical 'West Side Story'?,https://opentdb.com/,CC BY-SA 4.0 (adapted)
easy,Entertainment,Which Pokémon and it's evolutions were banned from appearing in a main role after the Episode 38 Incident?,Open Trivia DB via leakyhose/open-trivia-dataset @77d8e3cb5c8e264d50220eee75cfe08d233b1910,Which Pokémon and it's evolutions were banned from appearing in a main role after the Episode 38 Incident?,https://opentdb.com/,CC BY-SA 4.0 (adapted)
easy,Entertainment,The Queen song `A Kind Of Magic` is featured in which 1986 film?,Open Trivia DB via leakyhose/open-trivia-dataset @77d8e3cb5c8e264d50220eee75cfe08d233b1910,The Queen song `A Kind Of Magic` is featured in which 1986 film?,https://opentdb.com/,CC BY-SA 4.0 (adapted)
easy,Entertainment,"In the show, Doctor Who, what does T.A.R.D.I.S stand for?",Open Trivia DB via leakyhose/open-trivia-dataset @77d8e3cb5c8e264d50220eee75cfe08d233b1910,"In the show, Doctor Who, what does T.A.R.D.I.S stand for?",https://opentdb.com/,CC BY-SA 4.0 (adapted)
easy,Entertainment,"In the Assassin's Creed series,what was the name of Desmond Miles given by Abstergo?",Open Trivia DB via leakyhose/open-trivia-dataset @77d8e3cb5c8e264d50220eee75cfe08d233b1910,"In the Assassin's Creed series,what was the name of Desmond Miles given by Abstergo?",https://opentdb.com/,CC BY-SA 4.0 (adapted)
easy,Entertainment,"Who voiced the Genie in Disney's ""Aladdin""?",Open Trivia DB via leakyhose/open-trivia-dataset @77d8e3cb5c8e264d50220eee75cfe08d233b1910,"Who voiced the Genie in Disney's ""Aladdin""?",https://opentdb.com/,CC BY-SA 4.0 (adapted)
easy,Entertainment,What is the age of Ash Ketchum in Pokemon when he starts his journey?,Open Trivia DB via leakyhose/open-trivia-dataset @77d8e3cb5c8e264d50220eee75cfe08d233b1910,What is the age of Ash Ketchum in Pokemon when he starts his journey?,https://opentdb.com/,CC BY-SA 4.0 (adapted)
easy,Entertainment,"In the TV show ""Cheers"", Sam Malone was a former relief pitcher for which baseball team?",Open Trivia DB via leakyhose/open-trivia-dataset @77d8e3cb5c8e264d50220eee75cfe08d233b1910,"In the TV show ""Cheers"", Sam Malone was a former relief pitcher for which baseball team?",https://opentdb.com/,CC BY-SA 4.0 (adapted)
easy,Entertainment,Gordon Freeman is said to have burnt and destroyed what food in the break room microwave?,Open Trivia DB via leakyhose/open-trivia-dataset @77d8e3cb5c8e264d50220eee75cfe08d233b1910,Gordon Freeman is said to have burnt and destroyed what food in the break room microwave?,https://opentdb.com/,CC BY-SA 4.0 (adapted)
easy,Entertainment,"In South Park, what is Stan's surname?",Open Trivia DB via leakyhose/open-trivia-dataset @77d8e3cb5c8e264d50220eee75cfe08d233b1910,"In South Park, what is Stan's surname?",https://opentdb.com/,CC BY-SA 4.0 (adapted)
easy,Entertainment,"In the 2012 animated film ""Wolf Children"", what are the names of the wolf children?",Open Trivia DB via leakyhose/open-trivia-dataset @77d8e3cb5c8e264d50220eee75cfe08d233b1910,"In the 2012 animated film ""Wolf Children"", what are the names of the wolf children?",https://opentdb.com/,CC BY-SA 4.0 (adapted)
easy,Entertainment,Who plays Alice in the Resident Evil movies?,Open Trivia DB via leakyhose/open-trivia-dataset @77d8e3cb5c8e264d50220eee75cfe08d233b1910,Who plays Alice in the Resident Evil movies?,https://opentdb.com/,CC BY-SA 4.0 (adapted)
easy,Entertainment,"""Grande Valse"" is a phrase from the song ""Gran Vals"". What is that song segment known as?",Open Trivia DB via leakyhose/open-trivia-dataset @77d8e3cb5c8e264d50220eee75cfe08d233b1910,"""Grande Valse"" is a phrase from the song ""Gran Vals"". What is that song segment known as?",https://opentdb.com/,CC BY-SA 4.0 (adapted)
easy,Entertainment,"In the TV show 'M*A*S*H', what was the nickname of Corporal Walter O'Reilly?",Open Trivia DB via leakyhose/open-trivia-dataset @77d8e3cb5c8e264d50220eee75cfe08d233b1910,"In the TV show 'M*A*S*H', what was the nickname of Corporal Walter O'Reilly?",https://opentdb.com/,CC BY-SA 4.0 (adapted)
easy,Entertainment,What kind of animal is Shrek's companion Donkey?,Newly authored supplement,What kind of animal is Shrek's companion Donkey?,,Original project / new original content
easy,Entertainment,Which Disney princess loses a glass slipper?,Newly authored supplement,Which Disney princess loses a glass slipper?,,Original project / new original content
easy,Entertainment,What is the name of Mickey Mouse's dog?,Newly authored supplement,What is the name of Mickey Mouse's dog?,,Original project / new original content
easy,Entertainment,Which animated film features the snowman Olaf?,Newly authored supplement,Which animated film features the snowman Olaf?,,Original project / new original content
easy,Entertainment,Which superhero carries a shield with a star on it?,Newly authored supplement,Which superhero carries a shield with a star on it?,,Original project / new original content
easy,Entertainment,What is the name of Mario's brother in Nintendo games?,Newly authored supplement,What is the name of Mario's brother in Nintendo games?,,Original project / new original content
easy,Entertainment,Which yellow video game character eats dots in a maze?,Newly authored supplement,Which yellow video game character eats dots in a maze?,,Original project / new original content
easy,Entertainment,What type of animal is Sonic the Hedgehog?,Newly authored supplement,What type of animal is Sonic the Hedgehog?,,Original project / new original content
easy,History,Who was the first President of the United States?,Original project (edited where needed),Who was the first President of the United States?,,Original project / new original content
easy,History,In what year did World War II end?,Original project (edited where needed),In what year did World War II end?,,Original project / new original content
easy,History,Which civilization built the pyramids at Giza?,Original project (edited where needed),Which civilization built the pyramids at Giza?,,Original project / new original content
easy,History,Who was the British Prime Minister for most of World War II?,Original project (edited where needed),Who was the British Prime Minister for most of World War II?,,Original project / new original content
easy,History,In what year did the Berlin Wall fall?,Original project (edited where needed),In what year did the Berlin Wall fall?,,Original project / new original content
easy,History,Who reached the Caribbean in 1492 while sailing for Spain?,Original project (edited where needed),Who reached the Caribbean in 1492 while sailing for Spain?,,Original project / new original content
easy,History,Who was the first person to walk on the Moon?,Original project (edited where needed),Who was the first person to walk on the Moon?,,Original project / new original content
easy,History,In what year did the Titanic sink?,Original project (edited where needed),In what year did the Titanic sink?,,Original project / new original content
easy,History,Who led India to independence through nonviolent resistance?,Original project (edited where needed),Who led India to independence through nonviolent resistance?,,Original project / new original content
easy,History,Which war was fought between the Northern and Southern U.S. states?,Original project (edited where needed),Which war was fought between the Northern and Southern U.S. states?,,Original project / new original content
easy,History,Which Egyptian queen was linked to Caesar and Mark Antony?,Original project (edited where needed),Which Egyptian queen was linked to Caesar and Mark Antony?,,Original project / new original content
easy,History,In what year did the French Revolution begin?,Original project (edited where needed),In what year did the French Revolution begin?,,Original project / new original content
easy,History,Who was the primary author of the U.S. Declaration of Independence?,Original project (edited where needed),Who was the primary author of the U.S. Declaration of Independence?,,Original project / new original content
easy,History,Which ship carried the Pilgrims to America in 1620?,Original project (edited where needed),Which ship carried the Pilgrims to America in 1620?,,Original project / new original content
easy,History,Which U.S. president was assassinated in Dallas in 1963?,Original project (edited where needed),Which U.S. president was assassinated in Dallas in 1963?,,Original project / new original content
easy,History,Who was the leader of Nazi Germany?,Original project (edited where needed),Who was the leader of Nazi Germany?,,Original project / new original content
easy,History,In what year did the Great Fire of London occur?,Original project (edited where needed),In what year did the Great Fire of London occur?,,Original project / new original content
easy,History,Which ancient city-state is considered the birthplace of democracy?,Original project (edited where needed),Which ancient city-state is considered the birthplace of democracy?,,Original project / new original content
easy,History,Who was the first female Prime Minister of the United Kingdom?,Original project (edited where needed),Who was the first female Prime Minister of the United Kingdom?,,Original project / new original content
easy,History,In what year was the U.S. Declaration of Independence signed?,Original project (edited where needed),In what year was the U.S. Declaration of Independence signed?,,Original project / new original content
easy,History,Who was known as the Maid of Orleans?,Original project (edited where needed),Who was known as the Maid of Orleans?,,Original project / new original content
easy,History,Which empire did Genghis Khan found?,Original project (edited where needed),Which empire did Genghis Khan found?,,Original project / new original content
easy,History,In what year did World War I begin?,Original project (edited where needed),In what year did World War I begin?,,Original project / new original content
easy,History,Which U.S. president issued the Emancipation Proclamation?,Original project (edited where needed),Which U.S. president issued the Emancipation Proclamation?,,Original project / new original content
easy,History,Which pandemic devastated 14th-century Europe?,Original project (edited where needed),Which pandemic devastated 14th-century Europe?,,Original project / new original content
easy,History,Who was the first Roman emperor?,Original project (edited where needed),Who was the first Roman emperor?,,Original project / new original content
easy,History,The Cold War was mainly between the United States and which country?,Original project (edited where needed),The Cold War was mainly between the United States and which country?,,Original project / new original content
easy,History,Which queen ruled Britain from 1837 to 1901?,Original project (edited where needed),Which queen ruled Britain from 1837 to 1901?,,Original project / new original content
easy,History,Which wall divided a German city during the Cold War?,Original project (edited where needed),Which wall divided a German city during the Cold War?,,Original project / new original content
easy,History,"Which explorer led the expedition that began the first circumnavigation of Earth in 1519, but died before it was completed?",Original project (edited where needed),Which explorer first circumnavigated the globe's expedition in 1519-1522?,,Original project / new original content
easy,History,How was Socrates executed?,Open Trivia DB via leakyhose/open-trivia-dataset @77d8e3cb5c8e264d50220eee75cfe08d233b1910,How was Socrates executed?,https://opentdb.com/,CC BY-SA 4.0 (adapted)
easy,History,In what year did the nuclear power plant in Chernobyl melt down?,Open Trivia DB via leakyhose/open-trivia-dataset @77d8e3cb5c8e264d50220eee75cfe08d233b1910,In what year did the nuclear power plant in Chernobyl melt down?,https://opentdb.com/,CC BY-SA 4.0 (adapted)
easy,History,The Ottoman Empire was dissolved after their loss in which war?,Open Trivia DB via leakyhose/open-trivia-dataset @77d8e3cb5c8e264d50220eee75cfe08d233b1910,The Ottoman Empire was dissolved after their loss in which war?,https://opentdb.com/,CC BY-SA 4.0 (adapted)
easy,History,"Which famous military commander marched an army, which included war elephants, over the Alps during the Second Punic War?",Open Trivia DB via leakyhose/open-trivia-dataset @77d8e3cb5c8e264d50220eee75cfe08d233b1910,"Which famous military commander marched an army, which included war elephants, over the Alps during the Second Punic War?",https://opentdb.com/,CC BY-SA 4.0 (adapted)
easy,History,"The RMS Titanic sunk during her maiden voyage from Southampton, England to which American city?",Open Trivia DB via leakyhose/open-trivia-dataset @77d8e3cb5c8e264d50220eee75cfe08d233b1910,"The RMS Titanic sunk during her maiden voyage from Southampton, England to which American city?",https://opentdb.com/,CC BY-SA 4.0 (adapted)
easy,History,What country joined the EU in 2013?,Open Trivia DB via leakyhose/open-trivia-dataset @77d8e3cb5c8e264d50220eee75cfe08d233b1910,What country joined the EU in 2013?,https://opentdb.com/,CC BY-SA 4.0 (adapted)
easy,History,Who was the first prime minister of Canada?,Open Trivia DB via leakyhose/open-trivia-dataset @77d8e3cb5c8e264d50220eee75cfe08d233b1910,Who was the first prime minister of Canada?,https://opentdb.com/,CC BY-SA 4.0 (adapted)
easy,History,"Who was among those killed in the 2010 Smolensk, Russia plane crash tragedy?",Open Trivia DB via leakyhose/open-trivia-dataset @77d8e3cb5c8e264d50220eee75cfe08d233b1910,"Who was among those killed in the 2010 Smolensk, Russia plane crash tragedy?",https://opentdb.com/,CC BY-SA 4.0 (adapted)
easy,History,"During WWII, in 1945, the United States dropped atomic bombs on the two Japanese cities of Hiroshima and what other city?",Open Trivia DB via leakyhose/open-trivia-dataset @77d8e3cb5c8e264d50220eee75cfe08d233b1910,"During WWII, in 1945, the United States dropped atomic bombs on the two Japanese cities of Hiroshima and what other city?",https://opentdb.com/,CC BY-SA 4.0 (adapted)
easy,History,Which German field marshal was known as the `Desert Fox`?,Open Trivia DB via leakyhose/open-trivia-dataset @77d8e3cb5c8e264d50220eee75cfe08d233b1910,Which German field marshal was known as the `Desert Fox`?,https://opentdb.com/,CC BY-SA 4.0 (adapted)
easy,History,In which country was the Statue of Liberty built and exported to the United States of America?,Open Trivia DB via leakyhose/open-trivia-dataset @77d8e3cb5c8e264d50220eee75cfe08d233b1910,In which country was the Statue of Liberty built and exported to the United States of America?,https://opentdb.com/,CC BY-SA 4.0 (adapted)
easy,History,"In 1939, Britain and France declared war on Germany after it invaded which country?",Open Trivia DB via leakyhose/open-trivia-dataset @77d8e3cb5c8e264d50220eee75cfe08d233b1910,"In 1939, Britain and France declared war on Germany after it invaded which country?",https://opentdb.com/,CC BY-SA 4.0 (adapted)
easy,History,When did the Byzantine Empire collapse?,Open Trivia DB via leakyhose/open-trivia-dataset @77d8e3cb5c8e264d50220eee75cfe08d233b1910,When did the Byzantine Empire collapse?,https://opentdb.com/,CC BY-SA 4.0 (adapted)
easy,History,"Which famous world leader is famed for the saying, ""Let them eat cake"", yet is rumored that he/she never said it at all?",Open Trivia DB via leakyhose/open-trivia-dataset @77d8e3cb5c8e264d50220eee75cfe08d233b1910,"Which famous world leader is famed for the saying, ""Let them eat cake"", yet is rumored that he/she never said it at all?",https://opentdb.com/,CC BY-SA 4.0 (adapted)
easy,History,Which country was Josef Stalin born in?,Open Trivia DB via leakyhose/open-trivia-dataset @77d8e3cb5c8e264d50220eee75cfe08d233b1910,Which country was Josef Stalin born in?,https://opentdb.com/,CC BY-SA 4.0 (adapted)
easy,History,"Which modern country is known as ""The Graveyard of Empires""?",Open Trivia DB via leakyhose/open-trivia-dataset @77d8e3cb5c8e264d50220eee75cfe08d233b1910,"Which modern country is known as ""The Graveyard of Empires""?",https://opentdb.com/,CC BY-SA 4.0 (adapted)
easy,History,What is the historical name of Sri Lanka?,Open Trivia DB via leakyhose/open-trivia-dataset @77d8e3cb5c8e264d50220eee75cfe08d233b1910,What is the historical name of Sri Lanka?,https://opentdb.com/,CC BY-SA 4.0 (adapted)
easy,History,King Henry VIII was the second monarch of which European royal house?,Open Trivia DB via leakyhose/open-trivia-dataset @77d8e3cb5c8e264d50220eee75cfe08d233b1910,King Henry VIII was the second monarch of which European royal house?,https://opentdb.com/,CC BY-SA 4.0 (adapted)
easy,History,In which year did the Invasion of Kuwait by Iraq occur?,Open Trivia DB via leakyhose/open-trivia-dataset @77d8e3cb5c8e264d50220eee75cfe08d233b1910,In which year did the Invasion of Kuwait by Iraq occur?,https://opentdb.com/,CC BY-SA 4.0 (adapted)
easy,History,What was the name commonly given to the ancient trade routes that connected the East and West of Eurasia?,Open Trivia DB via leakyhose/open-trivia-dataset @77d8e3cb5c8e264d50220eee75cfe08d233b1910,What was the name commonly given to the ancient trade routes that connected the East and West of Eurasia?,https://opentdb.com/,CC BY-SA 4.0 (adapted)
easy,History,Which modern day country is the region that was known as Phrygia in ancient times?,Open Trivia DB via leakyhose/open-trivia-dataset @77d8e3cb5c8e264d50220eee75cfe08d233b1910,Which modern day country is the region that was known as Phrygia in ancient times?,https://opentdb.com/,CC BY-SA 4.0 (adapted)
easy,History,"The ""Trail of Tears"" was a result of which United States President's Indian Removal Policy?",Open Trivia DB via leakyhose/open-trivia-dataset @77d8e3cb5c8e264d50220eee75cfe08d233b1910,"The ""Trail of Tears"" was a result of which United States President's Indian Removal Policy?",https://opentdb.com/,CC BY-SA 4.0 (adapted)
easy,History,Who rode on horseback to warn the Minutemen that the British were coming during the U.S. Revolutionary War?,Open Trivia DB via leakyhose/open-trivia-dataset @77d8e3cb5c8e264d50220eee75cfe08d233b1910,Who rode on horseback to warn the Minutemen that the British were coming during the U.S. Revolutionary War?,https://opentdb.com/,CC BY-SA 4.0 (adapted)
easy,History,What was William Frederick Cody better known as?,Open Trivia DB via leakyhose/open-trivia-dataset @77d8e3cb5c8e264d50220eee75cfe08d233b1910,What was William Frederick Cody better known as?,https://opentdb.com/,CC BY-SA 4.0 (adapted)
easy,History,To what political party did Abraham Lincoln belong when elected POTUS?,Open Trivia DB via leakyhose/open-trivia-dataset @77d8e3cb5c8e264d50220eee75cfe08d233b1910,To what political party did Abraham Lincoln belong when elected POTUS?,https://opentdb.com/,CC BY-SA 4.0 (adapted)
easy,History,When did the Battle of the Somme begin?,Open Trivia DB via leakyhose/open-trivia-dataset @77d8e3cb5c8e264d50220eee75cfe08d233b1910,When did the Battle of the Somme begin?,https://opentdb.com/,CC BY-SA 4.0 (adapted)
easy,History,How old was Adolf Hitler when he died?,Open Trivia DB via leakyhose/open-trivia-dataset @77d8e3cb5c8e264d50220eee75cfe08d233b1910,How old was Adolf Hitler when he died?,https://opentdb.com/,CC BY-SA 4.0 (adapted)
easy,History,Pol Pot was the former dictator of which country?,Open Trivia DB via leakyhose/open-trivia-dataset @77d8e3cb5c8e264d50220eee75cfe08d233b1910,Pol Pot was the former dictator of which country?,https://opentdb.com/,CC BY-SA 4.0 (adapted)
easy,History,Who led the Communist Revolution of Russia?,Open Trivia DB via leakyhose/open-trivia-dataset @77d8e3cb5c8e264d50220eee75cfe08d233b1910,Who led the Communist Revolution of Russia?,https://opentdb.com/,CC BY-SA 4.0 (adapted)
easy,History,How long did World War II last?,Open Trivia DB via leakyhose/open-trivia-dataset @77d8e3cb5c8e264d50220eee75cfe08d233b1910,How long did World War II last?,https://opentdb.com/,CC BY-SA 4.0 (adapted)
easy,History,What was the first sport to have been played on the moon?,Open Trivia DB via leakyhose/open-trivia-dataset @77d8e3cb5c8e264d50220eee75cfe08d233b1910,What was the first sport to have been played on the moon?,https://opentdb.com/,CC BY-SA 4.0 (adapted)
easy,History,Who was the first American in space?,Open Trivia DB via leakyhose/open-trivia-dataset @77d8e3cb5c8e264d50220eee75cfe08d233b1910,Who was the first American in space?,https://opentdb.com/,CC BY-SA 4.0 (adapted)
easy,History,Who was the Prime Minister of Japan when Japan declared war on the US?,Open Trivia DB via leakyhose/open-trivia-dataset @77d8e3cb5c8e264d50220eee75cfe08d233b1910,Who was the Prime Minister of Japan when Japan declared war on the US?,https://opentdb.com/,CC BY-SA 4.0 (adapted)
easy,History,"In 1720, England was in massive debt and became involved in the South Sea Bubble. Who was the main mastermind behind it?",Open Trivia DB via leakyhose/open-trivia-dataset @77d8e3cb5c8e264d50220eee75cfe08d233b1910,"In 1720, England was in massive debt and became involved in the South Sea Bubble. Who was the main mastermind behind it?",https://opentdb.com/,CC BY-SA 4.0 (adapted)
easy,History,Who was the first ruler of Haiti after the country had gained its independence?,Open Trivia DB via leakyhose/open-trivia-dataset @77d8e3cb5c8e264d50220eee75cfe08d233b1910,Who was the first ruler of Haiti after the country had gained its independence?,https://opentdb.com/,CC BY-SA 4.0 (adapted)
easy,History,In which war did the atomic bombings of Hiroshima and Nagasaki occur?,Open Trivia DB via leakyhose/open-trivia-dataset @77d8e3cb5c8e264d50220eee75cfe08d233b1910,In which war did the atomic bombings of Hiroshima and Nagasaki occur?,https://opentdb.com/,CC BY-SA 4.0 (adapted)
easy,History,A collection of Sanskrit hymns and verses known as the Vedas are sacred texts in what religion?,Open Trivia DB via leakyhose/open-trivia-dataset @77d8e3cb5c8e264d50220eee75cfe08d233b1910,A collection of Sanskrit hymns and verses known as the Vedas are sacred texts in what religion?,https://opentdb.com/,CC BY-SA 4.0 (adapted)
easy,History,What was Manfred von Richthofen's nickname?,Open Trivia DB via leakyhose/open-trivia-dataset @77d8e3cb5c8e264d50220eee75cfe08d233b1910,What was Manfred von Richthofen's nickname?,https://opentdb.com/,CC BY-SA 4.0 (adapted)
easy,History,On what street did the 1666 Great Fire of London start?,Open Trivia DB via leakyhose/open-trivia-dataset @77d8e3cb5c8e264d50220eee75cfe08d233b1910,On what street did the 1666 Great Fire of London start?,https://opentdb.com/,CC BY-SA 4.0 (adapted)
easy,History,In what year did the Wall Street Crash take place?,Open Trivia DB via leakyhose/open-trivia-dataset @77d8e3cb5c8e264d50220eee75cfe08d233b1910,In what year did the Wall Street Crash take place?,https://opentdb.com/,CC BY-SA 4.0 (adapted)
easy,History,Abolitionist John Brown raided the arsenal in which Virginia Town?,Open Trivia DB via leakyhose/open-trivia-dataset @77d8e3cb5c8e264d50220eee75cfe08d233b1910,Abolitionist John Brown raided the arsenal in which Virginia Town?,https://opentdb.com/,CC BY-SA 4.0 (adapted)
easy,History,"In what year did the Great Northern War, between Russia and Sweden, end?",Open Trivia DB via leakyhose/open-trivia-dataset @77d8e3cb5c8e264d50220eee75cfe08d233b1910,"In what year did the Great Northern War, between Russia and Sweden, end?",https://opentdb.com/,CC BY-SA 4.0 (adapted)
easy,History,When was Google founded?,Open Trivia DB via leakyhose/open-trivia-dataset @77d8e3cb5c8e264d50220eee75cfe08d233b1910,When was Google founded?,https://opentdb.com/,CC BY-SA 4.0 (adapted)
easy,History,Which ancient civilization built the Colosseum?,Newly authored supplement,Which ancient civilization built the Colosseum?,,Original project / new original content
easy,History,Which country was ruled by pharaohs in ancient times?,Newly authored supplement,Which country was ruled by pharaohs in ancient times?,,Original project / new original content
easy,History,Which ancient people sailed longships from Scandinavia?,Newly authored supplement,Which ancient people sailed longships from Scandinavia?,,Original project / new original content
easy,History,Which country did Napoleon Bonaparte rule as emperor?,Newly authored supplement,Which country did Napoleon Bonaparte rule as emperor?,,Original project / new original content
easy,History,Which US president's home was called Mount Vernon?,Newly authored supplement,Which US president's home was called Mount Vernon?,,Original project / new original content
easy,History,What was the name of the first successful powered airplane's inventors?,Newly authored supplement,What was the name of the first successful powered airplane's inventors?,,Original project / new original content
easy,History,Which country launched the first human into space in 1961?,Newly authored supplement,Which country launched the first human into space in 1961?,,Original project / new original content
easy,History,Who was the first woman to fly solo across the Atlantic Ocean?,Newly authored supplement,Who was the first woman to fly solo across the Atlantic Ocean?,,Original project / new original content
easy,History,Which country presented the Statue of Liberty to the United States?,Newly authored supplement,Which country presented the Statue of Liberty to the United States?,,Original project / new original content
easy,History,Which city was buried by Mount Vesuvius in AD 79?,Newly authored supplement,Which city was buried by Mount Vesuvius in AD 79?,,Original project / new original content
easy,History,Which ancient civilization built Machu Picchu?,Newly authored supplement,Which ancient civilization built Machu Picchu?,,Original project / new original content
easy,History,Which war ended with an armistice on 11 November 1918?,Newly authored supplement,Which war ended with an armistice on 11 November 1918?,,Original project / new original content
easy,History,Which country did Nelson Mandela become president of in 1994?,Newly authored supplement,Which country did Nelson Mandela become president of in 1994?,,Original project / new original content
easy,History,What was the name of the system of racial segregation in South Africa?,Newly authored supplement,What was the name of the system of racial segregation in South Africa?,,Original project / new original content
easy,History,Who delivered the I Have a Dream speech in 1963?,Newly authored supplement,Who delivered the I Have a Dream speech in 1963?,,Original project / new original content
easy,History,Which country was divided into East and West after World War II?,Newly authored supplement,Which country was divided into East and West after World War II?,,Original project / new original content
easy,History,Which country sold Alaska to the United States in 1867?,Newly authored supplement,Which country sold Alaska to the United States in 1867?,,Original project / new original content
easy,History,Which French military leader was defeated at Waterloo?,Newly authored supplement,Which French military leader was defeated at Waterloo?,,Original project / new original content
easy,History,Who was the first woman to win a Nobel Prize?,Newly authored supplement,Who was the first woman to win a Nobel Prize?,,Original project / new original content
easy,History,Which civilization used the Latin language in ancient Italy?,Newly authored supplement,Which civilization used the Latin language in ancient Italy?,,Original project / new original content
easy,History,Which country built the Great Wall?,Newly authored supplement,Which country built the Great Wall?,,Original project / new original content
easy,History,Which country was ruled by the samurai warrior class?,Newly authored supplement,Which country was ruled by the samurai warrior class?,,Original project / new original content
easy,History,Who was the first human to travel into space?,Newly authored supplement,Who was the first human to travel into space?,,Original project / new original content
easy,History,Which US city hosted the Boston Tea Party?,Newly authored supplement,Which US city hosted the Boston Tea Party?,,Original project / new original content
easy,History,What was the name of the British passenger ship sunk by an iceberg in 1912?,Newly authored supplement,What was the name of the British passenger ship sunk by an iceberg in 1912?,,Original project / new original content
easy,History,Which ancient writing material was made from a reed plant in Egypt?,Newly authored supplement,Which ancient writing material was made from a reed plant in Egypt?,,Original project / new original content
easy,History,Which British king had six wives?,Newly authored supplement,Which British king had six wives?,,Original project / new original content
easy,Art & Literature,Who painted the Mona Lisa?,Original project (edited where needed),Who painted the Mona Lisa?,,Original project / new original content
easy,Art & Literature,Who wrote Romeo and Juliet?,Original project (edited where needed),Who wrote Romeo and Juliet?,,Original project / new original content
easy,Art & Literature,Who painted The Starry Night?,Original project (edited where needed),Who painted The Starry Night?,,Original project / new original content
easy,Art & Literature,Who wrote Pride and Prejudice?,Original project (edited where needed),Who wrote Pride and Prejudice?,,Original project / new original content
easy,Art & Literature,Which Spanish artist co-founded Cubism?,Original project (edited where needed),Which Spanish artist co-founded Cubism?,,Original project / new original content
easy,Art & Literature,Who wrote the novel 1984?,Original project (edited where needed),Who wrote the novel 1984?,,Original project / new original content
easy,Art & Literature,Who sculpted the statue of David?,Original project (edited where needed),Who sculpted the statue of David?,,Original project / new original content
easy,Art & Literature,Who wrote The Great Gatsby?,Original project (edited where needed),Who wrote The Great Gatsby?,,Original project / new original content
easy,Art & Literature,Which artist is famous for painting Campbell's soup cans?,Original project (edited where needed),Which artist is famous for painting Campbell's soup cans?,,Original project / new original content
easy,Art & Literature,Who wrote War and Peace?,Original project (edited where needed),Who wrote War and Peace?,,Original project / new original content
easy,Art & Literature,Who painted the ceiling of the Sistine Chapel?,Original project (edited where needed),Who painted the ceiling of the Sistine Chapel?,,Original project / new original content
easy,Art & Literature,Which Dutch master painted The Night Watch?,Original project (edited where needed),Which Dutch master painted The Night Watch?,,Original project / new original content
easy,Art & Literature,Who wrote the Harry Potter series?,Original project (edited where needed),Who wrote the Harry Potter series?,,Original project / new original content
easy,Art & Literature,Which art movement is Claude Monet associated with?,Original project (edited where needed),Which art movement is Claude Monet associated with?,,Original project / new original content
easy,Art & Literature,Who wrote Moby-Dick?,Original project (edited where needed),Who wrote Moby-Dick?,,Original project / new original content
easy,Art & Literature,Who painted The Persistence of Memory with its melting clocks?,Original project (edited where needed),Who painted The Persistence of Memory with its melting clocks?,,Original project / new original content
easy,Art & Literature,Who wrote Crime and Punishment?,Original project (edited where needed),Who wrote Crime and Punishment?,,Original project / new original content
easy,Art & Literature,Who wrote the epic poem The Odyssey?,Original project (edited where needed),Who wrote the epic poem The Odyssey?,,Original project / new original content
easy,Art & Literature,Who painted Guernica?,Original project (edited where needed),Who painted Guernica?,,Original project / new original content
easy,Art & Literature,Who wrote To Kill a Mockingbird?,Original project (edited where needed),Who wrote To Kill a Mockingbird?,,Original project / new original content
easy,Art & Literature,Which Italian artist painted The Birth of Venus?,Original project (edited where needed),Which Italian artist painted The Birth of Venus?,,Original project / new original content
easy,Art & Literature,Who wrote The Adventures of Huckleberry Finn?,Original project (edited where needed),Who wrote The Adventures of Huckleberry Finn?,,Original project / new original content
easy,Art & Literature,Who created the sculpture The Thinker?,Original project (edited where needed),Who created the sculpture The Thinker?,,Original project / new original content
easy,Art & Literature,Who wrote The Lord of the Rings?,Original project (edited where needed),Who wrote The Lord of the Rings?,,Original project / new original content
easy,Art & Literature,Who wrote Don Quixote?,Original project (edited where needed),Who wrote Don Quixote?,,Original project / new original content
easy,Art & Literature,Who painted The Scream?,Original project (edited where needed),Who painted The Scream?,,Original project / new original content
easy,Art & Literature,Who wrote A Christmas Carol?,Original project (edited where needed),Who wrote A Christmas Carol?,,Original project / new original content
easy,Art & Literature,Which painter is known for dripping and splattering paint onto canvas?,Original project (edited where needed),Which painter is known for dripping and splattering paint onto canvas?,,Original project / new original content
easy,Art & Literature,Who wrote the play A Doll's House?,Original project (edited where needed),Who wrote the play A Doll's House?,,Original project / new original content
easy,Art & Literature,What's Harry Potter's dad's name?,Open Trivia DB via leakyhose/open-trivia-dataset @77d8e3cb5c8e264d50220eee75cfe08d233b1910,What's Harry Potter's dad's name?,https://opentdb.com/,CC BY-SA 4.0 (adapted)
easy,Art & Literature,"In Greek mythology, which creatures have women's heads and birds' bodies?",Open Trivia DB via leakyhose/open-trivia-dataset @77d8e3cb5c8e264d50220eee75cfe08d233b1910,What mytological creatures have women's faces and vultures' bodies?,https://opentdb.com/,CC BY-SA 4.0 (adapted)
easy,Art & Literature,When was Marvel Comics founded?,Open Trivia DB via leakyhose/open-trivia-dataset @77d8e3cb5c8e264d50220eee75cfe08d233b1910,When was Marvel Comics founded?,https://opentdb.com/,CC BY-SA 4.0 (adapted)
easy,Art & Literature,What is the title of the first Sherlock Holmes book by Arthur Conan Doyle?,Open Trivia DB via leakyhose/open-trivia-dataset @77d8e3cb5c8e264d50220eee75cfe08d233b1910,What is the title of the first Sherlock Holmes book by Arthur Conan Doyle?,https://opentdb.com/,CC BY-SA 4.0 (adapted)
easy,Art & Literature,"Who in Greek mythology, who led the Argonauts in search of the Golden Fleece?",Open Trivia DB via leakyhose/open-trivia-dataset @77d8e3cb5c8e264d50220eee75cfe08d233b1910,"Who in Greek mythology, who led the Argonauts in search of the Golden Fleece?",https://opentdb.com/,CC BY-SA 4.0 (adapted)
easy,Art & Literature,"Who wrote the young adult novel ""The Fault in Our Stars""?",Open Trivia DB via leakyhose/open-trivia-dataset @77d8e3cb5c8e264d50220eee75cfe08d233b1910,"Who wrote the young adult novel ""The Fault in Our Stars""?",https://opentdb.com/,CC BY-SA 4.0 (adapted)
easy,Art & Literature,What is a fundamental element of the Gothic style of architecture?,Open Trivia DB via leakyhose/open-trivia-dataset @77d8e3cb5c8e264d50220eee75cfe08d233b1910,What is a fundamental element of the Gothic style of architecture?,https://opentdb.com/,CC BY-SA 4.0 (adapted)
easy,Art & Literature,"In most traditions, who was the wife of Zeus?",Open Trivia DB via leakyhose/open-trivia-dataset @77d8e3cb5c8e264d50220eee75cfe08d233b1910,"In most traditions, who was the wife of Zeus?",https://opentdb.com/,CC BY-SA 4.0 (adapted)
easy,Art & Literature,Which planet did Superman come from?,Open Trivia DB via leakyhose/open-trivia-dataset @77d8e3cb5c8e264d50220eee75cfe08d233b1910,Which planet did Superman come from?,https://opentdb.com/,CC BY-SA 4.0 (adapted)
easy,Art & Literature,"Who wrote ""A Tale of Two Cities""?",Open Trivia DB via leakyhose/open-trivia-dataset @77d8e3cb5c8e264d50220eee75cfe08d233b1910,"Who wrote ""A Tale of Two Cities""?",https://opentdb.com/,CC BY-SA 4.0 (adapted)
easy,Art & Literature,What is the name of the Japanese art of folding paper into decorative shapes and figures?,Open Trivia DB via leakyhose/open-trivia-dataset @77d8e3cb5c8e264d50220eee75cfe08d233b1910,What is the name of the Japanese art of folding paper into decorative shapes and figures?,https://opentdb.com/,CC BY-SA 4.0 (adapted)
easy,Art & Literature,The Nike apparel and footwear brand takes it's name from the Greek goddess of what?,Open Trivia DB via leakyhose/open-trivia-dataset @77d8e3cb5c8e264d50220eee75cfe08d233b1910,The Nike apparel and footwear brand takes it's name from the Greek goddess of what?,https://opentdb.com/,CC BY-SA 4.0 (adapted)
easy,Art & Literature,"Which universe crossover was introduced in the ""Sonic the Hedgehog"" comic issue #247?",Open Trivia DB via leakyhose/open-trivia-dataset @77d8e3cb5c8e264d50220eee75cfe08d233b1910,"Which universe crossover was introduced in the ""Sonic the Hedgehog"" comic issue #247?",https://opentdb.com/,CC BY-SA 4.0 (adapted)
easy,Art & Literature,"What was the name of Captain Nemo's submarine in ""20,000 Leagues Under the Sea""?",Open Trivia DB via leakyhose/open-trivia-dataset @77d8e3cb5c8e264d50220eee75cfe08d233b1910,"What was the name of Captain Nemo's submarine in ""20,000 Leagues Under the Sea""?",https://opentdb.com/,CC BY-SA 4.0 (adapted)
easy,Art & Literature,Who painted the biblical fresco The Creation of Adam?,Open Trivia DB via leakyhose/open-trivia-dataset @77d8e3cb5c8e264d50220eee75cfe08d233b1910,Who painted the biblical fresco The Creation of Adam?,https://opentdb.com/,CC BY-SA 4.0 (adapted)
easy,Art & Literature,The greek god Poseidon was the god of what?,Open Trivia DB via leakyhose/open-trivia-dataset @77d8e3cb5c8e264d50220eee75cfe08d233b1910,The greek god Poseidon was the god of what?,https://opentdb.com/,CC BY-SA 4.0 (adapted)
easy,Art & Literature,The main six year old protagonist in Calvin and Hobbes is named after what theologian?,Open Trivia DB via leakyhose/open-trivia-dataset @77d8e3cb5c8e264d50220eee75cfe08d233b1910,The main six year old protagonist in Calvin and Hobbes is named after what theologian?,https://opentdb.com/,CC BY-SA 4.0 (adapted)
easy,Art & Literature,What is the name of the three headed dog in Harry Potter and the Sorcerer's Stone?,Open Trivia DB via leakyhose/open-trivia-dataset @77d8e3cb5c8e264d50220eee75cfe08d233b1910,What is the name of the three headed dog in Harry Potter and the Sorcerer's Stone?,https://opentdb.com/,CC BY-SA 4.0 (adapted)
easy,Art & Literature,"What mythology did the god ""Apollo"" come from?",Open Trivia DB via leakyhose/open-trivia-dataset @77d8e3cb5c8e264d50220eee75cfe08d233b1910,"What mythology did the god ""Apollo"" come from?",https://opentdb.com/,CC BY-SA 4.0 (adapted)
easy,Art & Literature,"What is the alter-ego of the DC comics character ""Superman""?",Open Trivia DB via leakyhose/open-trivia-dataset @77d8e3cb5c8e264d50220eee75cfe08d233b1910,"What is the alter-ego of the DC comics character ""Superman""?",https://opentdb.com/,CC BY-SA 4.0 (adapted)
easy,Art & Literature,Who was the original author of Frankenstein?,Open Trivia DB via leakyhose/open-trivia-dataset @77d8e3cb5c8e264d50220eee75cfe08d233b1910,Who was the original author of Frankenstein?,https://opentdb.com/,CC BY-SA 4.0 (adapted)
easy,Art & Literature,Which Van Gogh painting depicts the view from his asylum in Saint-Rémy-de-Provence in southern France?,Open Trivia DB via leakyhose/open-trivia-dataset @77d8e3cb5c8e264d50220eee75cfe08d233b1910,Which Van Gogh painting depicts the view from his asylum in Saint-Rémy-de-Provence in southern France?,https://opentdb.com/,CC BY-SA 4.0 (adapted)
easy,Art & Literature,"In Greek mythology, who is the god of wine?",Open Trivia DB via leakyhose/open-trivia-dataset @77d8e3cb5c8e264d50220eee75cfe08d233b1910,"In Greek mythology, who is the god of wine?",https://opentdb.com/,CC BY-SA 4.0 (adapted)
easy,Art & Literature,Who is Batman?,Open Trivia DB via leakyhose/open-trivia-dataset @77d8e3cb5c8e264d50220eee75cfe08d233b1910,Who is Batman?,https://opentdb.com/,CC BY-SA 4.0 (adapted)
easy,Art & Literature,Who wrote the novel 'Fear And Loathing In Las Vegas'?,Open Trivia DB via leakyhose/open-trivia-dataset @77d8e3cb5c8e264d50220eee75cfe08d233b1910,Who wrote the novel 'Fear And Loathing In Las Vegas'?,https://opentdb.com/,CC BY-SA 4.0 (adapted)
easy,Art & Literature,"Which Greek & Roman god was known as the god of music, truth and prophecy, healing, the sun and light, plague, poetry, and more?",Open Trivia DB via leakyhose/open-trivia-dataset @77d8e3cb5c8e264d50220eee75cfe08d233b1910,"Which Greek & Roman god was known as the god of music, truth and prophecy, healing, the sun and light, plague, poetry, and more?",https://opentdb.com/,CC BY-SA 4.0 (adapted)
easy,Art & Literature,"This Marvel superhero is often called ""The man without fear"".",Open Trivia DB via leakyhose/open-trivia-dataset @77d8e3cb5c8e264d50220eee75cfe08d233b1910,"This Marvel superhero is often called ""The man without fear"".",https://opentdb.com/,CC BY-SA 4.0 (adapted)
easy,Art & Literature,"In the novel 1984, written by George Orwell, what is the name of the totalitarian regime that controls Oceania?",Open Trivia DB via leakyhose/open-trivia-dataset @77d8e3cb5c8e264d50220eee75cfe08d233b1910,"In the novel 1984, written by George Orwell, what is the name of the totalitarian regime that controls Oceania?",https://opentdb.com/,CC BY-SA 4.0 (adapted)
easy,Art & Literature,Which artist painted the late 15th century mural 'The Last Supper'?,Open Trivia DB via leakyhose/open-trivia-dataset @77d8e3cb5c8e264d50220eee75cfe08d233b1910,Which artist painted the late 15th century mural 'The Last Supper'?,https://opentdb.com/,CC BY-SA 4.0 (adapted)
easy,Art & Literature,Who was the King of Gods in Ancient Greek mythology?,Open Trivia DB via leakyhose/open-trivia-dataset @77d8e3cb5c8e264d50220eee75cfe08d233b1910,Who was the King of Gods in Ancient Greek mythology?,https://opentdb.com/,CC BY-SA 4.0 (adapted)
easy,Art & Literature,"According to their longtime nickname, what kind of ""duo"" are Batman & Robin?",Open Trivia DB via leakyhose/open-trivia-dataset @77d8e3cb5c8e264d50220eee75cfe08d233b1910,"According to their longtime nickname, what kind of ""duo"" are Batman & Robin?",https://opentdb.com/,CC BY-SA 4.0 (adapted)
easy,Art & Literature,What is the name of Sherlock Holmes's brother?,Open Trivia DB via leakyhose/open-trivia-dataset @77d8e3cb5c8e264d50220eee75cfe08d233b1910,What is the name of Sherlock Holmes's brother?,https://opentdb.com/,CC BY-SA 4.0 (adapted)
easy,Art & Literature,This Greek goddess's name was chosen for the dwarf planet responsible for discord on Pluto's classification amongst astronomers.,Open Trivia DB via leakyhose/open-trivia-dataset @77d8e3cb5c8e264d50220eee75cfe08d233b1910,This Greek goddess's name was chosen for the dwarf planet responsible for discord on Pluto's classification amongst astronomers.,https://opentdb.com/,CC BY-SA 4.0 (adapted)
easy,Art & Literature,What's the race of Invincible's father?,Open Trivia DB via leakyhose/open-trivia-dataset @77d8e3cb5c8e264d50220eee75cfe08d233b1910,What's the race of Invincible's father?,https://opentdb.com/,CC BY-SA 4.0 (adapted)
easy,Art & Literature,"Who wrote ""The Scarlet Letter"", published in 1850?",Open Trivia DB via leakyhose/open-trivia-dataset @77d8e3cb5c8e264d50220eee75cfe08d233b1910,"Who wrote ""The Scarlet Letter"", published in 1850?",https://opentdb.com/,CC BY-SA 4.0 (adapted)
easy,Art & Literature,Which figure from Greek mythology traveled to the underworld to return his wife Eurydice to the land of the living?,Open Trivia DB via leakyhose/open-trivia-dataset @77d8e3cb5c8e264d50220eee75cfe08d233b1910,Which figure from Greek mythology traveled to the underworld to return his wife Eurydice to the land of the living?,https://opentdb.com/,CC BY-SA 4.0 (adapted)
easy,Art & Literature,"In ""Homestuck"" what is Dave Strider's guardian?",Open Trivia DB via leakyhose/open-trivia-dataset @77d8e3cb5c8e264d50220eee75cfe08d233b1910,"In ""Homestuck"" what is Dave Strider's guardian?",https://opentdb.com/,CC BY-SA 4.0 (adapted)
easy,Art & Literature,What's the second book in George R. R. Martin's 'A Song of Ice and Fire' series?,Open Trivia DB via leakyhose/open-trivia-dataset @77d8e3cb5c8e264d50220eee75cfe08d233b1910,What's the second book in George R. R. Martin's 'A Song of Ice and Fire' series?,https://opentdb.com/,CC BY-SA 4.0 (adapted)
easy,Art & Literature,"In Black Hammer, what city did the heroes save from the Anti-God?",Open Trivia DB via leakyhose/open-trivia-dataset @77d8e3cb5c8e264d50220eee75cfe08d233b1910,"In Black Hammer, what city did the heroes save from the Anti-God?",https://opentdb.com/,CC BY-SA 4.0 (adapted)
easy,Art & Literature,Which famous book is sub-titled 'The Modern Prometheus'?,Open Trivia DB via leakyhose/open-trivia-dataset @77d8e3cb5c8e264d50220eee75cfe08d233b1910,Which famous book is sub-titled 'The Modern Prometheus'?,https://opentdb.com/,CC BY-SA 4.0 (adapted)
easy,Art & Literature,What color is produced by mixing black and white?,Open Trivia DB via leakyhose/open-trivia-dataset @77d8e3cb5c8e264d50220eee75cfe08d233b1910,What color is produced by mixing black and white?,https://opentdb.com/,CC BY-SA 4.0 (adapted)
easy,Art & Literature,"In ""Homestuck"" the ""Kingdom of Darkness"" is also known as?",Open Trivia DB via leakyhose/open-trivia-dataset @77d8e3cb5c8e264d50220eee75cfe08d233b1910,"In ""Homestuck"" the ""Kingdom of Darkness"" is also known as?",https://opentdb.com/,CC BY-SA 4.0 (adapted)
easy,Art & Literature,"This play is generally considered to be the most adaptable of Shakespeare’s works, and follows two “star-crossed lovers”.",Open Trivia DB via leakyhose/open-trivia-dataset @77d8e3cb5c8e264d50220eee75cfe08d233b1910,"This play is generally considered to be the most adaptable of Shakespeare’s works, and follows two “star-crossed lovers”.",https://opentdb.com/,CC BY-SA 4.0 (adapted)
easy,Art & Literature,"Who was the author of the 1954 novel, ""Lord of the Flies""?",Open Trivia DB via leakyhose/open-trivia-dataset @77d8e3cb5c8e264d50220eee75cfe08d233b1910,"Who was the author of the 1954 novel, ""Lord of the Flies""?",https://opentdb.com/,CC BY-SA 4.0 (adapted)
easy,Art & Literature,In what Harry Potter book was a Horcrux first encountered?,Open Trivia DB via leakyhose/open-trivia-dataset @77d8e3cb5c8e264d50220eee75cfe08d233b1910,In what Harry Potter book was a Horcrux first encountered?,https://opentdb.com/,CC BY-SA 4.0 (adapted)
easy,Art & Literature,What is the name of the protagonist of J.D. Salinger's novel Catcher in the Rye?,Open Trivia DB via leakyhose/open-trivia-dataset @77d8e3cb5c8e264d50220eee75cfe08d233b1910,What is the name of the protagonist of J.D. Salinger's novel Catcher in the Rye?,https://opentdb.com/,CC BY-SA 4.0 (adapted)
easy,Art & Literature,"Which famous spy novelist wrote the childrens' story ""Chitty-Chitty-Bang-Bang""?",Open Trivia DB via leakyhose/open-trivia-dataset @77d8e3cb5c8e264d50220eee75cfe08d233b1910,"Which famous spy novelist wrote the childrens' story ""Chitty-Chitty-Bang-Bang""?",https://opentdb.com/,CC BY-SA 4.0 (adapted)
easy,Art & Literature,"Which classic book opens with the line ""Call me Ishmael""?",Open Trivia DB via leakyhose/open-trivia-dataset @77d8e3cb5c8e264d50220eee75cfe08d233b1910,"Which classic book opens with the line ""Call me Ishmael""?",https://opentdb.com/,CC BY-SA 4.0 (adapted)
easy,Art & Literature,"What was Sir Handel's original name in ""The Railway Series"" and it's animated counterpart ""Thomas and Friends?""",Open Trivia DB via leakyhose/open-trivia-dataset @77d8e3cb5c8e264d50220eee75cfe08d233b1910,"What was Sir Handel's original name in ""The Railway Series"" and it's animated counterpart ""Thomas and Friends?""",https://opentdb.com/,CC BY-SA 4.0 (adapted)
easy,Art & Literature,What was the first ever entry written for the SCP Foundation collaborative writing project?,Open Trivia DB via leakyhose/open-trivia-dataset @77d8e3cb5c8e264d50220eee75cfe08d233b1910,What was the first ever entry written for the SCP Foundation collaborative writing project?,https://opentdb.com/,CC BY-SA 4.0 (adapted)
easy,Art & Literature,American illustrator and writer Maurice Sendak is most well-known for writing which children's book?,Open Trivia DB via leakyhose/open-trivia-dataset @77d8e3cb5c8e264d50220eee75cfe08d233b1910,American illustrator and writer Maurice Sendak is most well-known for writing which children's book?,https://opentdb.com/,CC BY-SA 4.0 (adapted)
easy,Art & Literature,"""Green Eggs And Ham"" is a book by which author?",Open Trivia DB via leakyhose/open-trivia-dataset @77d8e3cb5c8e264d50220eee75cfe08d233b1910,"""Green Eggs And Ham"" is a book by which author?",https://opentdb.com/,CC BY-SA 4.0 (adapted)
easy,Art & Literature,Under what pseudonym did Stephen King publish five novels between 1977 and 1984?,Open Trivia DB via leakyhose/open-trivia-dataset @77d8e3cb5c8e264d50220eee75cfe08d233b1910,Under what pseudonym did Stephen King publish five novels between 1977 and 1984?,https://opentdb.com/,CC BY-SA 4.0 (adapted)
easy,Art & Literature,Who wrote Alice's Adventures in Wonderland?,Newly authored supplement,Who wrote Alice's Adventures in Wonderland?,,Original project / new original content
easy,Art & Literature,What kind of animal is Peter in Beatrix Potter's The Tale of Peter Rabbit?,Newly authored supplement,What kind of animal is Peter in Beatrix Potter's The Tale of Peter Rabbit?,,Original project / new original content
easy,Art & Literature,Which fictional detective lives at 221B Baker Street?,Newly authored supplement,Which fictional detective lives at 221B Baker Street?,,Original project / new original content
easy,Art & Literature,Who wrote Charlie and the Chocolate Factory?,Newly authored supplement,Who wrote Charlie and the Chocolate Factory?,,Original project / new original content
easy,Art & Literature,Which bear loves honey in A. A. Milne's stories?,Newly authored supplement,Which bear loves honey in A. A. Milne's stories?,,Original project / new original content
easy,Art & Literature,What colour do red and yellow paint make when mixed?,Newly authored supplement,What colour do red and yellow paint make when mixed?,,Original project / new original content
easy,Art & Literature,What colour do blue and yellow paint make when mixed?,Newly authored supplement,What colour do blue and yellow paint make when mixed?,,Original project / new original content
easy,Art & Literature,What is a painting of a person's face and figure called?,Newly authored supplement,What is a painting of a person's face and figure called?,,Original project / new original content
easy,Art & Literature,What is a painting of countryside or other outdoor scenery called?,Newly authored supplement,What is a painting of countryside or other outdoor scenery called?,,Original project / new original content
easy,Art & Literature,What do we call the person who writes a book?,Newly authored supplement,What do we call the person who writes a book?,,Original project / new original content
easy,Art & Literature,What do we call a person who draws pictures for books?,Newly authored supplement,What do we call a person who draws pictures for books?,,Original project / new original content
easy,Art & Literature,What is the name for words spoken by characters in a story?,Newly authored supplement,What is the name for words spoken by characters in a story?,,Original project / new original content
easy,Art & Literature,What is the name for the main character in a story?,Newly authored supplement,What is the name for the main character in a story?,,Original project / new original content
easy,Art & Literature,Which wooden puppet's nose grows when he lies?,Newly authored supplement,Which wooden puppet's nose grows when he lies?,,Original project / new original content
easy,Art & Literature,Which fairy-tale girl visits a house belonging to three bears?,Newly authored supplement,Which fairy-tale girl visits a house belonging to three bears?,,Original project / new original content
easy,Art & Literature,Who wrote The Cat in the Hat?,Newly authored supplement,Who wrote The Cat in the Hat?,,Original project / new original content
easy,Art & Literature,Which fictional nanny arrives carrying a carpetbag and umbrella?,Newly authored supplement,Which fictional nanny arrives carrying a carpetbag and umbrella?,,Original project / new original content
easy,Art & Literature,"What is the name of the lion in The Lion, the Witch and the Wardrobe?",Newly authored supplement,"What is the name of the lion in The Lion, the Witch and the Wardrobe?",,Original project / new original content
easy,Science,What is the chemical formula for water?,Original project (edited where needed),What is the chemical formula for water?,,Original project / new original content
easy,Science,Which planet is known as the Red Planet?,Original project (edited where needed),Which planet is known as the Red Planet?,,Original project / new original content
easy,Science,Which gas do plants absorb from the air for photosynthesis?,Original project (edited where needed),What gas do plants absorb from the air?,,Original project / new original content
easy,Science,How many bones are in the adult human body?,Original project (edited where needed),How many bones are in the adult human body?,,Original project / new original content
easy,Science,What is the hardest natural substance on Earth?,Original project (edited where needed),What is the hardest natural substance on Earth?,,Original project / new original content
easy,Science,What is the chemical symbol for gold?,Original project (edited where needed),What is the chemical symbol for gold?,,Original project / new original content
easy,Science,What force pulls objects toward the Earth?,Original project (edited where needed),What force pulls objects toward the Earth?,,Original project / new original content
easy,Science,Which organelle is known as the powerhouse of the cell?,Original project (edited where needed),Which organelle is known as the powerhouse of the cell?,,Original project / new original content
easy,Science,Which is the largest planet in our solar system?,Original project (edited where needed),Which is the largest planet in our solar system?,,Original project / new original content
easy,Science,What is the most abundant gas in Earth's atmosphere?,Original project (edited where needed),What is the most abundant gas in Earth's atmosphere?,,Original project / new original content
easy,Science,Which blood cells help fight infection?,Original project (edited where needed),Which blood cells help fight infection?,,Original project / new original content
easy,Science,What is the central part of an atom called?,Original project (edited where needed),What is the central part of an atom called?,,Original project / new original content
easy,Science,Who developed the theory of general relativity?,Original project (edited where needed),Who developed the theory of general relativity?,,Original project / new original content
easy,Science,What is the freezing point of water in Celsius?,Original project (edited where needed),What is the freezing point of water in Celsius?,,Original project / new original content
easy,Science,Which organ pumps blood around the body?,Original project (edited where needed),Which organ pumps blood around the body?,,Original project / new original content
easy,Science,What is the chemical symbol for sodium?,Original project (edited where needed),What is the chemical symbol for sodium?,,Original project / new original content
easy,Science,Which planet is closest to the Sun?,Original project (edited where needed),Which planet is closest to the Sun?,,Original project / new original content
easy,Science,Which gas do humans need to breathe to survive?,Original project (edited where needed),Which gas do humans need to breathe to survive?,,Original project / new original content
easy,Science,What is the study of living organisms called?,Original project (edited where needed),What is the study of living organisms called?,,Original project / new original content
easy,Science,How many chambers does the human heart have?,Original project (edited where needed),How many chambers does the human heart have?,,Original project / new original content
easy,Science,What is the name of our galaxy?,Original project (edited where needed),What is the name of our galaxy?,,Original project / new original content
easy,Science,Which subatomic particle carries a negative charge?,Original project (edited where needed),Which subatomic particle carries a negative charge?,,Original project / new original content
easy,Science,What is the boiling point of water in Celsius at sea level?,Original project (edited where needed),What is the boiling point of water in Celsius at sea level?,,Original project / new original content
easy,Science,Which naturalist published On the Origin of Species in 1859?,Original project (edited where needed),Who proposed the theory of evolution by natural selection?,,Original project / new original content
easy,Science,What is the chemical symbol for iron?,Original project (edited where needed),What is the chemical symbol for iron?,,Original project / new original content
easy,Science,What is the largest organ of the human body?,Original project (edited where needed),What is the largest organ of the human body?,,Original project / new original content
easy,Science,"At 25°C, what is the pH of a neutral aqueous solution?",Original project (edited where needed),What is the pH value of a neutral solution?,,Original project / new original content
easy,Science,Which vitamin is produced when skin is exposed to sunlight?,Original project (edited where needed),Which vitamin is produced when skin is exposed to sunlight?,,Original project / new original content
easy,Science,"What is the speed of light in a vacuum, approximately?",Original project (edited where needed),"What is the speed of light in a vacuum, approximately?",,Original project / new original content
easy,Science,Which planet is famous for its prominent rings?,Original project (edited where needed),Which planet is famous for its prominent rings?,,Original project / new original content
easy,Science,"What was the name of the first artificial Earth satellite, launched by the Soviet Union in 1957?",Open Trivia DB via leakyhose/open-trivia-dataset @77d8e3cb5c8e264d50220eee75cfe08d233b1910,"What was the name of the first artificial Earth satellite, launched by the Soviet Union in 1957?",https://opentdb.com/,CC BY-SA 4.0 (adapted)
easy,Science,What is the collective noun for a group of crows?,Open Trivia DB via leakyhose/open-trivia-dataset @77d8e3cb5c8e264d50220eee75cfe08d233b1910,What is the collective noun for a group of crows?,https://opentdb.com/,CC BY-SA 4.0 (adapted)
easy,Science,"Using decimal prefixes, how many bytes are in one kilobyte?",Open Trivia DB via leakyhose/open-trivia-dataset @77d8e3cb5c8e264d50220eee75cfe08d233b1910,"According to the International System of Units, how many bytes are in a kilobyte of RAM?",https://opentdb.com/,CC BY-SA 4.0 (adapted)
easy,Science,What does GPS stand for?,Open Trivia DB via leakyhose/open-trivia-dataset @77d8e3cb5c8e264d50220eee75cfe08d233b1910,What does GPS stand for?,https://opentdb.com/,CC BY-SA 4.0 (adapted)
easy,Science,What does the letter 'S' stand for in 'NASA'?,Open Trivia DB via leakyhose/open-trivia-dataset @77d8e3cb5c8e264d50220eee75cfe08d233b1910,What does the letter 'S' stand for in 'NASA'?,https://opentdb.com/,CC BY-SA 4.0 (adapted)
easy,Science,What colour is the female blackbird?,Open Trivia DB via leakyhose/open-trivia-dataset @77d8e3cb5c8e264d50220eee75cfe08d233b1910,What colour is the female blackbird?,https://opentdb.com/,CC BY-SA 4.0 (adapted)
easy,Science,"In computing, what does LAN stand for?",Open Trivia DB via leakyhose/open-trivia-dataset @77d8e3cb5c8e264d50220eee75cfe08d233b1910,"In computing, what does LAN stand for?",https://opentdb.com/,CC BY-SA 4.0 (adapted)
easy,Science,"The metric prefix ""atto-"" makes a measurement how much smaller than the base unit?",Open Trivia DB via leakyhose/open-trivia-dataset @77d8e3cb5c8e264d50220eee75cfe08d233b1910,"The metric prefix ""atto-"" makes a measurement how much smaller than the base unit?",https://opentdb.com/,CC BY-SA 4.0 (adapted)
easy,Science,Which virtual assistant is developed by Amazon?,Open Trivia DB via leakyhose/open-trivia-dataset @77d8e3cb5c8e264d50220eee75cfe08d233b1910,Which virtual assistant is developed by Amazon?,https://opentdb.com/,CC BY-SA 4.0 (adapted)
easy,Science,What does DNA stand for?,Open Trivia DB via leakyhose/open-trivia-dataset @77d8e3cb5c8e264d50220eee75cfe08d233b1910,What does DNA stand for?,https://opentdb.com/,CC BY-SA 4.0 (adapted)
easy,Science,What is the scientific name for modern day humans?,Open Trivia DB via leakyhose/open-trivia-dataset @77d8e3cb5c8e264d50220eee75cfe08d233b1910,What is the scientific name for modern day humans?,https://opentdb.com/,CC BY-SA 4.0 (adapted)
easy,Science,Which SQL keyword is used to fetch data from a database?,Open Trivia DB via leakyhose/open-trivia-dataset @77d8e3cb5c8e264d50220eee75cfe08d233b1910,Which SQL keyword is used to fetch data from a database?,https://opentdb.com/,CC BY-SA 4.0 (adapted)
easy,Science,When was the iPhone released?,Open Trivia DB via leakyhose/open-trivia-dataset @77d8e3cb5c8e264d50220eee75cfe08d233b1910,When was the iPhone released?,https://opentdb.com/,CC BY-SA 4.0 (adapted)
easy,Science,Hippocampus is the Latin name for which marine creature?,Open Trivia DB via leakyhose/open-trivia-dataset @77d8e3cb5c8e264d50220eee75cfe08d233b1910,Hippocampus is the Latin name for which marine creature?,https://opentdb.com/,CC BY-SA 4.0 (adapted)
easy,Science,What does LTS stand for in the software market?,Open Trivia DB via leakyhose/open-trivia-dataset @77d8e3cb5c8e264d50220eee75cfe08d233b1910,What does LTS stand for in the software market?,https://opentdb.com/,CC BY-SA 4.0 (adapted)
easy,Science,"In Roman Numerals, what does XL equate to?",Open Trivia DB via leakyhose/open-trivia-dataset @77d8e3cb5c8e264d50220eee75cfe08d233b1910,"In Roman Numerals, what does XL equate to?",https://opentdb.com/,CC BY-SA 4.0 (adapted)
easy,Science,When was the Tamagotchi digital pet released?,Open Trivia DB via leakyhose/open-trivia-dataset @77d8e3cb5c8e264d50220eee75cfe08d233b1910,When was the Tamagotchi digital pet released?,https://opentdb.com/,CC BY-SA 4.0 (adapted)
easy,Science,What is the standard SI unit for distance?,Open Trivia DB via leakyhose/open-trivia-dataset @77d8e3cb5c8e264d50220eee75cfe08d233b1910,What is the standard SI unit for distance?,https://opentdb.com/,CC BY-SA 4.0 (adapted)
easy,Science,Which class of animals are newts members of?,Open Trivia DB via leakyhose/open-trivia-dataset @77d8e3cb5c8e264d50220eee75cfe08d233b1910,Which class of animals are newts members of?,https://opentdb.com/,CC BY-SA 4.0 (adapted)
easy,Science,"The term ""battery"" to describe an electrical storage device was coined by?",Open Trivia DB via leakyhose/open-trivia-dataset @77d8e3cb5c8e264d50220eee75cfe08d233b1910,"The term ""battery"" to describe an electrical storage device was coined by?",https://opentdb.com/,CC BY-SA 4.0 (adapted)
easy,Science,Alzheimer's disease primarily affects which part of the human body?,Open Trivia DB via leakyhose/open-trivia-dataset @77d8e3cb5c8e264d50220eee75cfe08d233b1910,Alzheimer's disease primarily affects which part of the human body?,https://opentdb.com/,CC BY-SA 4.0 (adapted)
easy,Science,What is the name of a rabbit's abode?,Open Trivia DB via leakyhose/open-trivia-dataset @77d8e3cb5c8e264d50220eee75cfe08d233b1910,What is the name of a rabbit's abode?,https://opentdb.com/,CC BY-SA 4.0 (adapted)
easy,Science,If you were to code software in this language you'd only be able to type 0's and 1's.,Open Trivia DB via leakyhose/open-trivia-dataset @77d8e3cb5c8e264d50220eee75cfe08d233b1910,If you were to code software in this language you'd only be able to type 0's and 1's.,https://opentdb.com/,CC BY-SA 4.0 (adapted)
easy,Science,What prime number comes next after 19?,Open Trivia DB via leakyhose/open-trivia-dataset @77d8e3cb5c8e264d50220eee75cfe08d233b1910,What prime number comes next after 19?,https://opentdb.com/,CC BY-SA 4.0 (adapted)
easy,Science,What is the name of a simple machine that is made up of a stiff arm that can move freely around a fixed point?,Open Trivia DB via leakyhose/open-trivia-dataset @77d8e3cb5c8e264d50220eee75cfe08d233b1910,What is the name of a simple machine that is made up of a stiff arm that can move freely around a fixed point?,https://opentdb.com/,CC BY-SA 4.0 (adapted)
easy,Science,"The Kākāpō is a large, flightless, nocturnal parrot native to which country?",Open Trivia DB via leakyhose/open-trivia-dataset @77d8e3cb5c8e264d50220eee75cfe08d233b1910,"The Kākāpō is a large, flightless, nocturnal parrot native to which country?",https://opentdb.com/,CC BY-SA 4.0 (adapted)
easy,Science,What does CPU stand for?,Open Trivia DB via leakyhose/open-trivia-dataset @77d8e3cb5c8e264d50220eee75cfe08d233b1910,What does CPU stand for?,https://opentdb.com/,CC BY-SA 4.0 (adapted)
easy,Science,How many degrees make a full circle?,Open Trivia DB via leakyhose/open-trivia-dataset @77d8e3cb5c8e264d50220eee75cfe08d233b1910,How many degrees make a full circle?,https://opentdb.com/,CC BY-SA 4.0 (adapted)
easy,Science,Which buzzword did Apple Inc. use to describe their removal of the headphone jack?,Open Trivia DB via leakyhose/open-trivia-dataset @77d8e3cb5c8e264d50220eee75cfe08d233b1910,Which buzzword did Apple Inc. use to describe their removal of the headphone jack?,https://opentdb.com/,CC BY-SA 4.0 (adapted)
easy,Science,Who discovered the Law of Gravity?,Open Trivia DB via leakyhose/open-trivia-dataset @77d8e3cb5c8e264d50220eee75cfe08d233b1910,Who discovered the Law of Gravity?,https://opentdb.com/,CC BY-SA 4.0 (adapted)
easy,Science,What do you call a baby bat?,Open Trivia DB via leakyhose/open-trivia-dataset @77d8e3cb5c8e264d50220eee75cfe08d233b1910,What do you call a baby bat?,https://opentdb.com/,CC BY-SA 4.0 (adapted)
easy,Science,"In computing, what does MIDI stand for?",Open Trivia DB via leakyhose/open-trivia-dataset @77d8e3cb5c8e264d50220eee75cfe08d233b1910,"In computing, what does MIDI stand for?",https://opentdb.com/,CC BY-SA 4.0 (adapted)
easy,Science,When did the CD begin to appear on the consumer market?,Open Trivia DB via leakyhose/open-trivia-dataset @77d8e3cb5c8e264d50220eee75cfe08d233b1910,When did the CD begin to appear on the consumer market?,https://opentdb.com/,CC BY-SA 4.0 (adapted)
easy,Science,What is the hottest planet in the Solar System?,Open Trivia DB via leakyhose/open-trivia-dataset @77d8e3cb5c8e264d50220eee75cfe08d233b1910,What is the hottest planet in the Solar System?,https://opentdb.com/,CC BY-SA 4.0 (adapted)
easy,Science,An abyssopelagic animal lives in which broad environment?,Open Trivia DB via leakyhose/open-trivia-dataset @77d8e3cb5c8e264d50220eee75cfe08d233b1910,"By definition, where does an abyssopelagic animal live?",https://opentdb.com/,CC BY-SA 4.0 (adapted)
easy,Science,What does the computer software acronym JVM stand for?,Open Trivia DB via leakyhose/open-trivia-dataset @77d8e3cb5c8e264d50220eee75cfe08d233b1910,What does the computer software acronym JVM stand for?,https://opentdb.com/,CC BY-SA 4.0 (adapted)
easy,Science,What type of angle is greater than 90° but less than 180°?,Open Trivia DB via leakyhose/open-trivia-dataset @77d8e3cb5c8e264d50220eee75cfe08d233b1910,What type of angle is greater than 90°?,https://opentdb.com/,CC BY-SA 4.0 (adapted)
easy,Science,Which gaming console is developed by Sony?,Open Trivia DB via leakyhose/open-trivia-dataset @77d8e3cb5c8e264d50220eee75cfe08d233b1910,Which gaming console is developed by Sony?,https://opentdb.com/,CC BY-SA 4.0 (adapted)
easy,Science,What produces the green colour of most plant leaves?,Open Trivia DB via leakyhose/open-trivia-dataset @77d8e3cb5c8e264d50220eee75cfe08d233b1910,What produces the green colour of most plant leaves?,https://opentdb.com/,CC BY-SA 4.0 (adapted)
easy,Science,What is the fastest land animal?,Open Trivia DB via leakyhose/open-trivia-dataset @77d8e3cb5c8e264d50220eee75cfe08d233b1910,What is the fastest land animal?,https://opentdb.com/,CC BY-SA 4.0 (adapted)
easy,Science,What is the formula for the volume of a sphere of radius r?,Open Trivia DB via leakyhose/open-trivia-dataset @77d8e3cb5c8e264d50220eee75cfe08d233b1910,What is the equation for the area of a sphere?,https://opentdb.com/,CC BY-SA 4.0 (adapted)
easy,Science,What is Grumpy Cat's real name?,Open Trivia DB via leakyhose/open-trivia-dataset @77d8e3cb5c8e264d50220eee75cfe08d233b1910,What is Grumpy Cat's real name?,https://opentdb.com/,CC BY-SA 4.0 (adapted)
easy,Science,"On Twitter, what was the original character limit for a Tweet?",Open Trivia DB via leakyhose/open-trivia-dataset @77d8e3cb5c8e264d50220eee75cfe08d233b1910,"On Twitter, what was the original character limit for a Tweet?",https://opentdb.com/,CC BY-SA 4.0 (adapted)
easy,Science,What does SSD stand for in the context of computer storage?,Open Trivia DB via leakyhose/open-trivia-dataset @77d8e3cb5c8e264d50220eee75cfe08d233b1910,What does SSD stand for in the context of computer storage?,https://opentdb.com/,CC BY-SA 4.0 (adapted)
easy,Science,What does LASER stand for?,Open Trivia DB via leakyhose/open-trivia-dataset @77d8e3cb5c8e264d50220eee75cfe08d233b1910,What does LASER stand for?,https://opentdb.com/,CC BY-SA 4.0 (adapted)
easy,Science,How many teeth does an adult rabbit have?,Open Trivia DB via leakyhose/open-trivia-dataset @77d8e3cb5c8e264d50220eee75cfe08d233b1910,How many teeth does an adult rabbit have?,https://opentdb.com/,CC BY-SA 4.0 (adapted)
easy,Science,When was the DVD invented?,Open Trivia DB via leakyhose/open-trivia-dataset @77d8e3cb5c8e264d50220eee75cfe08d233b1910,When was the DVD invented?,https://opentdb.com/,CC BY-SA 4.0 (adapted)
easy,Science,Which Apollo mission was the first one to land on the Moon?,Open Trivia DB via leakyhose/open-trivia-dataset @77d8e3cb5c8e264d50220eee75cfe08d233b1910,Which Apollo mission was the first one to land on the Moon?,https://opentdb.com/,CC BY-SA 4.0 (adapted)
easy,Science,The numbering system with a radix of 16 is more commonly referred to as,Open Trivia DB via leakyhose/open-trivia-dataset @77d8e3cb5c8e264d50220eee75cfe08d233b1910,The numbering system with a radix of 16 is more commonly referred to as,https://opentdb.com/,CC BY-SA 4.0 (adapted)
easy,Science,What is the primary addictive substance found in tobacco?,Open Trivia DB via leakyhose/open-trivia-dataset @77d8e3cb5c8e264d50220eee75cfe08d233b1910,What is the primary addictive substance found in tobacco?,https://opentdb.com/,CC BY-SA 4.0 (adapted)
easy,Science,"Snakes and lizards are known to flick their tongue, this behavior is to?",Open Trivia DB via leakyhose/open-trivia-dataset @77d8e3cb5c8e264d50220eee75cfe08d233b1910,"Snakes and lizards are known to flick their tongue, this behavior is to?",https://opentdb.com/,CC BY-SA 4.0 (adapted)
easy,Science,How many kilobytes in one gigabyte (in decimal)?,Open Trivia DB via leakyhose/open-trivia-dataset @77d8e3cb5c8e264d50220eee75cfe08d233b1910,How many kilobytes in one gigabyte (in decimal)?,https://opentdb.com/,CC BY-SA 4.0 (adapted)
easy,Science,Rhinoplasty is a surgical procedure on what part of the human body?,Open Trivia DB via leakyhose/open-trivia-dataset @77d8e3cb5c8e264d50220eee75cfe08d233b1910,Rhinoplasty is a surgical procedure on what part of the human body?,https://opentdb.com/,CC BY-SA 4.0 (adapted)
easy,Science,What is the domain name for the country Tuvalu?,Open Trivia DB via leakyhose/open-trivia-dataset @77d8e3cb5c8e264d50220eee75cfe08d233b1910,What is the domain name for the country Tuvalu?,https://opentdb.com/,CC BY-SA 4.0 (adapted)
easy,Science,Which computer language would you associate Django framework with?,Open Trivia DB via leakyhose/open-trivia-dataset @77d8e3cb5c8e264d50220eee75cfe08d233b1910,Which computer language would you associate Django framework with?,https://opentdb.com/,CC BY-SA 4.0 (adapted)
easy,Science,What is the mass number of the carbon isotope used to define the atomic mass unit?,Open Trivia DB via leakyhose/open-trivia-dataset @77d8e3cb5c8e264d50220eee75cfe08d233b1910,What is the atomic mass of Carbon?,https://opentdb.com/,CC BY-SA 4.0 (adapted)
easy,Science,What is the name of Layer 7 of the OSI model?,Open Trivia DB via leakyhose/open-trivia-dataset @77d8e3cb5c8e264d50220eee75cfe08d233b1910,What is the name of Layer 7 of the OSI model?,https://opentdb.com/,CC BY-SA 4.0 (adapted)
easy,Science,Which type of rock is created by intense heat AND pressure?,Open Trivia DB via leakyhose/open-trivia-dataset @77d8e3cb5c8e264d50220eee75cfe08d233b1910,Which type of rock is created by intense heat AND pressure?,https://opentdb.com/,CC BY-SA 4.0 (adapted)
easy,Science,Dry ice is the solid form of what substance?,Open Trivia DB via leakyhose/open-trivia-dataset @77d8e3cb5c8e264d50220eee75cfe08d233b1910,Dry ice is the solid form of what substance?,https://opentdb.com/,CC BY-SA 4.0 (adapted)
easy,Science,Which natural satellite orbits Earth?,Newly authored supplement,Which natural satellite orbits Earth?,,Original project / new original content
easy,Science,What do caterpillars become after metamorphosis in the butterfly life cycle?,Newly authored supplement,What do caterpillars become after metamorphosis in the butterfly life cycle?,,Original project / new original content
easy,Science,How many legs does an adult insect have?,Newly authored supplement,How many legs does an adult insect have?,,Original project / new original content
easy,Science,How many legs does a spider have?,Newly authored supplement,How many legs does a spider have?,,Original project / new original content
easy,Science,What is the name for water falling from clouds as liquid drops?,Newly authored supplement,What is the name for water falling from clouds as liquid drops?,,Original project / new original content
easy,Science,What instrument is used to measure temperature?,Newly authored supplement,What instrument is used to measure temperature?,,Original project / new original content
easy,Science,What is the name of the star at the centre of our solar system?,Newly authored supplement,What is the name of the star at the centre of our solar system?,,Original project / new original content
easy,Science,Which human organs are primarily used for breathing?,Newly authored supplement,Which human organs are primarily used for breathing?,,Original project / new original content
easy,Science,What is the name for a young frog before it grows legs?,Newly authored supplement,What is the name for a young frog before it grows legs?,,Original project / new original content
easy,Science,What do we call an animal that eats only plants?,Newly authored supplement,What do we call an animal that eats only plants?,,Original project / new original content
easy,Science,Which sense do the ears provide?,Newly authored supplement,Which sense do the ears provide?,,Original project / new original content
easy,Sports & Leisure,How many players from one team are on a soccer field at kickoff?,Original project (edited where needed),How many players from one team are on a soccer field at kickoff?,,Original project / new original content
easy,Sports & Leisure,In which sport would you perform a slam dunk?,Original project (edited where needed),In which sport would you perform a slam dunk?,,Original project / new original content
easy,Sports & Leisure,How many rings are on the Olympic flag?,Original project (edited where needed),How many rings are on the Olympic flag?,,Original project / new original content
easy,Sports & Leisure,Which country won its fifth men's FIFA World Cup in 2002?,Original project (edited where needed),Which country has won the most FIFA World Cups?,,Original project / new original content
easy,Sports & Leisure,"In tennis, what term describes a score of zero?",Original project (edited where needed),"In tennis, what term describes a score of zero?",,Original project / new original content
easy,Sports & Leisure,How many holes are played in a standard round of golf?,Original project (edited where needed),How many holes are played in a standard round of golf?,,Original project / new original content
easy,Sports & Leisure,Which sport is played with a shuttlecock?,Original project (edited where needed),Which sport is played with a shuttlecock?,,Original project / new original content
easy,Sports & Leisure,How many points is a touchdown worth in American football?,Original project (edited where needed),How many points is a touchdown worth in American football?,,Original project / new original content
easy,Sports & Leisure,Which sport is Michael Jordan famous for?,Original project (edited where needed),Which sport is Michael Jordan famous for?,,Original project / new original content
easy,Sports & Leisure,How often are the Summer Olympic Games held?,Original project (edited where needed),How often are the Summer Olympic Games held?,,Original project / new original content
easy,Sports & Leisure,Which Grand Slam tennis tournament is played on grass?,Original project (edited where needed),Which Grand Slam tennis tournament is played on grass?,,Original project / new original content
easy,Sports & Leisure,How many players from one team are on a basketball court?,Original project (edited where needed),How many players from one team are on a basketball court?,,Original project / new original content
easy,Sports & Leisure,What is Japan's traditional form of heavyweight wrestling?,Original project (edited where needed),What is Japan's traditional form of heavyweight wrestling?,,Original project / new original content
easy,Sports & Leisure,In which sport is the Stanley Cup awarded?,Original project (edited where needed),In which sport is the Stanley Cup awarded?,,Original project / new original content
easy,Sports & Leisure,What is the length of a marathon in kilometres?,Original project (edited where needed),What is the length of a marathon in kilometres?,,Original project / new original content
easy,Sports & Leisure,Which boxer called himself The Greatest?,Original project (edited where needed),Which boxer called himself The Greatest?,,Original project / new original content
easy,Sports & Leisure,How many strikes make an out in baseball?,Original project (edited where needed),How many strikes make an out in baseball?,,Original project / new original content
easy,Sports & Leisure,What colour jersey does the Tour de France leader wear?,Original project (edited where needed),What colour jersey does the Tour de France leader wear?,,Original project / new original content
easy,Sports & Leisure,"In darts, how many points is the inner bullseye worth?",Original project (edited where needed),"In darts, how many points is the inner bullseye worth?",,Original project / new original content
easy,Sports & Leisure,In which sport do teams compete for the America's Cup?,Original project (edited where needed),In which sport do teams compete for the America's Cup?,,Original project / new original content
easy,Sports & Leisure,How many Grand Slam tournaments are there in tennis each year?,Original project (edited where needed),How many Grand Slam tournaments are there in tennis each year?,,Original project / new original content
easy,Sports & Leisure,Which chess piece moves only diagonally?,Original project (edited where needed),Which chess piece moves only diagonally?,,Original project / new original content
easy,Sports & Leisure,Which card sends a soccer player off the field?,Original project (edited where needed),Which card sends a soccer player off the field?,,Original project / new original content
easy,Sports & Leisure,How many players from one team are on a volleyball court?,Original project (edited where needed),How many players from one team are on a volleyball court?,,Original project / new original content
easy,Sports & Leisure,"At the 2009 World Championships, Usain Bolt set world records in which two sprint events?",Original project (edited where needed),Usain Bolt holds world records in which two sprint events?,,Original project / new original content
easy,Sports & Leisure,In which sport are the terms birdie and bogey used?,Original project (edited where needed),In which sport are the terms birdie and bogey used?,,Original project / new original content
easy,Sports & Leisure,How many minutes are in a standard professional soccer match?,Original project (edited where needed),How many minutes are in a standard professional soccer match?,,Original project / new original content
easy,Sports & Leisure,Which country originated the sport of table tennis?,Original project (edited where needed),Which country originated the sport of table tennis?,,Original project / new original content
easy,Sports & Leisure,"In rugby union, how many players are on each team on the field?",Original project (edited where needed),"In rugby union, how many players are on each team on the field?",,Original project / new original content
easy,Sports & Leisure,Which annual race is nicknamed The Greatest Spectacle in Racing?,Original project (edited where needed),Which annual race is nicknamed The Greatest Spectacle in Racing?,,Original project / new original content
easy,Sports & Leisure,Which wrestler won the 2019 Men’s Royal Rumble?,Open Trivia DB via leakyhose/open-trivia-dataset @77d8e3cb5c8e264d50220eee75cfe08d233b1910,Which wrestler won the 2019 Men’s Royal Rumble?,https://opentdb.com/,CC BY-SA 4.0 (adapted)
easy,Sports & Leisure,"When was the board game Twister, released to the public?",Open Trivia DB via leakyhose/open-trivia-dataset @77d8e3cb5c8e264d50220eee75cfe08d233b1910,"When was the board game Twister, released to the public?",https://opentdb.com/,CC BY-SA 4.0 (adapted)
easy,Sports & Leisure,What is the maximum level you can have in a single class in Dungeons and Dragons (5e)?,Open Trivia DB via leakyhose/open-trivia-dataset @77d8e3cb5c8e264d50220eee75cfe08d233b1910,What is the maximum level you can have in a single class in Dungeons and Dragons (5e)?,https://opentdb.com/,CC BY-SA 4.0 (adapted)
easy,Sports & Leisure,"In Dungeons and Dragons (5th edition), what stat do you normally add onto your initiative die roll?",Open Trivia DB via leakyhose/open-trivia-dataset @77d8e3cb5c8e264d50220eee75cfe08d233b1910,"In Dungeons and Dragons (5th edition), what stat do you normally add onto your initiative die roll?",https://opentdb.com/,CC BY-SA 4.0 (adapted)
easy,Sports & Leisure,Which two teams played in Super Bowl XLII?,Open Trivia DB via leakyhose/open-trivia-dataset @77d8e3cb5c8e264d50220eee75cfe08d233b1910,Which two teams played in Super Bowl XLII?,https://opentdb.com/,CC BY-SA 4.0 (adapted)
easy,Sports & Leisure,"In board games, an additional or ammended rule that applies to a certain group or place is informally known as a ""what"" rule?",Open Trivia DB via leakyhose/open-trivia-dataset @77d8e3cb5c8e264d50220eee75cfe08d233b1910,"In board games, an additional or ammended rule that applies to a certain group or place is informally known as a ""what"" rule?",https://opentdb.com/,CC BY-SA 4.0 (adapted)
easy,Sports & Leisure,Carcassonne is based on which French town?,Open Trivia DB via leakyhose/open-trivia-dataset @77d8e3cb5c8e264d50220eee75cfe08d233b1910,Carcassonne is based on which French town?,https://opentdb.com/,CC BY-SA 4.0 (adapted)
easy,Sports & Leisure,The Rio 2016 Summer Olympics held it's closing ceremony on what date?,Open Trivia DB via leakyhose/open-trivia-dataset @77d8e3cb5c8e264d50220eee75cfe08d233b1910,The Rio 2016 Summer Olympics held it's closing ceremony on what date?,https://opentdb.com/,CC BY-SA 4.0 (adapted)
easy,Sports & Leisure,"On a standard Monopoly board, which square is diagonally opposite 'Go'?",Open Trivia DB via leakyhose/open-trivia-dataset @77d8e3cb5c8e264d50220eee75cfe08d233b1910,"On a standard Monopoly board, which square is diagonally opposite 'Go'?",https://opentdb.com/,CC BY-SA 4.0 (adapted)
easy,Sports & Leisure,Who won the UEFA Champions League in 2016?,Open Trivia DB via leakyhose/open-trivia-dataset @77d8e3cb5c8e264d50220eee75cfe08d233b1910,Who won the UEFA Champions League in 2016?,https://opentdb.com/,CC BY-SA 4.0 (adapted)
easy,Sports & Leisure,How many dice are used in the game of Yahtzee?,Open Trivia DB via leakyhose/open-trivia-dataset @77d8e3cb5c8e264d50220eee75cfe08d233b1910,How many dice are used in the game of Yahtzee?,https://opentdb.com/,CC BY-SA 4.0 (adapted)
easy,Sports & Leisure,What team did England beat to win in the 1966 World Cup final?,Open Trivia DB via leakyhose/open-trivia-dataset @77d8e3cb5c8e264d50220eee75cfe08d233b1910,What team did England beat to win in the 1966 World Cup final?,https://opentdb.com/,CC BY-SA 4.0 (adapted)
easy,Sports & Leisure,How many spaces are there on a standard Monopoly board?,Open Trivia DB via leakyhose/open-trivia-dataset @77d8e3cb5c8e264d50220eee75cfe08d233b1910,How many spaces are there on a standard Monopoly board?,https://opentdb.com/,CC BY-SA 4.0 (adapted)
easy,Sports & Leisure,"What sport features the terms love, deuce, match and volley?",Open Trivia DB via leakyhose/open-trivia-dataset @77d8e3cb5c8e264d50220eee75cfe08d233b1910,"What sport features the terms love, deuce, match and volley?",https://opentdb.com/,CC BY-SA 4.0 (adapted)
easy,Sports & Leisure,The standard US edition of Monopoly uses street names from which New Jersey city?,Open Trivia DB via leakyhose/open-trivia-dataset @77d8e3cb5c8e264d50220eee75cfe08d233b1910,The board game Monopoly takes its street names from which real American city?,https://opentdb.com/,CC BY-SA 4.0 (adapted)
easy,Sports & Leisure,The UEFA Champions League is an annual club football competition featuring clubs from which continent?,Open Trivia DB via leakyhose/open-trivia-dataset @77d8e3cb5c8e264d50220eee75cfe08d233b1910,The UEFA Champions League is an annual club football competition featuring clubs from which continent?,https://opentdb.com/,CC BY-SA 4.0 (adapted)
easy,Sports & Leisure,How many dots are on all six faces of a standard six-sided die?,Open Trivia DB via leakyhose/open-trivia-dataset @77d8e3cb5c8e264d50220eee75cfe08d233b1910,How many dots are on a single die?,https://opentdb.com/,CC BY-SA 4.0 (adapted)
easy,Sports & Leisure,Which NFL team plays for New England?,Open Trivia DB via leakyhose/open-trivia-dataset @77d8e3cb5c8e264d50220eee75cfe08d233b1910,Which NFL team plays for New England?,https://opentdb.com/,CC BY-SA 4.0 (adapted)
easy,Sports & Leisure,How many pieces are there on the board at the start of a game of chess?,Open Trivia DB via leakyhose/open-trivia-dataset @77d8e3cb5c8e264d50220eee75cfe08d233b1910,How many pieces are there on the board at the start of a game of chess?,https://opentdb.com/,CC BY-SA 4.0 (adapted)
easy,Sports & Leisure,Who won the 2016 Formula 1 World Driver's Championship?,Open Trivia DB via leakyhose/open-trivia-dataset @77d8e3cb5c8e264d50220eee75cfe08d233b1910,Who won the 2016 Formula 1 World Driver's Championship?,https://opentdb.com/,CC BY-SA 4.0 (adapted)
easy,Sports & Leisure,"On a modern standard UK Monopoly board, what colour are Old Kent Road and Whitechapel Road?",Open Trivia DB via leakyhose/open-trivia-dataset @77d8e3cb5c8e264d50220eee75cfe08d233b1910,"In a standard game of Monopoly, what colour are the two cheapest properties?",https://opentdb.com/,CC BY-SA 4.0 (adapted)
easy,Sports & Leisure,Which country won the 2018 FIFA World Cup hosted in Russia?,Open Trivia DB via leakyhose/open-trivia-dataset @77d8e3cb5c8e264d50220eee75cfe08d233b1910,Which country won the 2018 FIFA World Cup hosted in Russia?,https://opentdb.com/,CC BY-SA 4.0 (adapted)
easy,Sports & Leisure,"In which year was the pen and paper RPG ""Deadlands"" released?",Open Trivia DB via leakyhose/open-trivia-dataset @77d8e3cb5c8e264d50220eee75cfe08d233b1910,"In which year was the pen and paper RPG ""Deadlands"" released?",https://opentdb.com/,CC BY-SA 4.0 (adapted)
easy,Sports & Leisure,When was the FC Schalke 04 founded?,Open Trivia DB via leakyhose/open-trivia-dataset @77d8e3cb5c8e264d50220eee75cfe08d233b1910,When was the FC Schalke 04 founded?,https://opentdb.com/,CC BY-SA 4.0 (adapted)
easy,Sports & Leisure,"In chess, which is a characteristic of the King's Gambit?",Open Trivia DB via leakyhose/open-trivia-dataset @77d8e3cb5c8e264d50220eee75cfe08d233b1910,"In chess, which is a characteristic of the King's Gambit?",https://opentdb.com/,CC BY-SA 4.0 (adapted)
easy,Sports & Leisure,Who won the 2017 Formula One World Drivers' Championship?,Open Trivia DB via leakyhose/open-trivia-dataset @77d8e3cb5c8e264d50220eee75cfe08d233b1910,Who won the 2017 Formula One World Drivers' Championship?,https://opentdb.com/,CC BY-SA 4.0 (adapted)
easy,Sports & Leisure,Which year did Jenson Button won his first ever Formula One World Drivers' Championship?,Open Trivia DB via leakyhose/open-trivia-dataset @77d8e3cb5c8e264d50220eee75cfe08d233b1910,Which year did Jenson Button won his first ever Formula One World Drivers' Championship?,https://opentdb.com/,CC BY-SA 4.0 (adapted)
easy,Sports & Leisure,What was the final score of the Germany vs. Brazil 2014 FIFA World Cup match?,Open Trivia DB via leakyhose/open-trivia-dataset @77d8e3cb5c8e264d50220eee75cfe08d233b1910,What was the final score of the Germany vs. Brazil 2014 FIFA World Cup match?,https://opentdb.com/,CC BY-SA 4.0 (adapted)
easy,Sports & Leisure,Which English football club has the nickname 'The Foxes'?,Open Trivia DB via leakyhose/open-trivia-dataset @77d8e3cb5c8e264d50220eee75cfe08d233b1910,Which English football club has the nickname 'The Foxes'?,https://opentdb.com/,CC BY-SA 4.0 (adapted)
easy,Sports & Leisure,Which country hosted the 2020 Summer Olympics?,Open Trivia DB via leakyhose/open-trivia-dataset @77d8e3cb5c8e264d50220eee75cfe08d233b1910,Which country hosted the 2020 Summer Olympics?,https://opentdb.com/,CC BY-SA 4.0 (adapted)
easy,Sports & Leisure,In which year did Scotland and England play the first officially recognised international association football match?,Open Trivia DB via leakyhose/open-trivia-dataset @77d8e3cb5c8e264d50220eee75cfe08d233b1910,When was the first official international game played?,https://opentdb.com/,CC BY-SA 4.0 (adapted)
easy,Sports & Leisure,Who did Steven Gerrard win the Champions League with?,Open Trivia DB via leakyhose/open-trivia-dataset @77d8e3cb5c8e264d50220eee75cfe08d233b1910,Who did Steven Gerrard win the Champions League with?,https://opentdb.com/,CC BY-SA 4.0 (adapted)
easy,Sports & Leisure,What team won the 2016 MLS Cup?,Open Trivia DB via leakyhose/open-trivia-dataset @77d8e3cb5c8e264d50220eee75cfe08d233b1910,What team won the 2016 MLS Cup?,https://opentdb.com/,CC BY-SA 4.0 (adapted)
easy,Sports & Leisure,What year did the New Orleans Saints win the Super Bowl?,Open Trivia DB via leakyhose/open-trivia-dataset @77d8e3cb5c8e264d50220eee75cfe08d233b1910,What year did the New Orleans Saints win the Super Bowl?,https://opentdb.com/,CC BY-SA 4.0 (adapted)
easy,Sports & Leisure,Which country hosted the 2022 FIFA World Cup?,Open Trivia DB via leakyhose/open-trivia-dataset @77d8e3cb5c8e264d50220eee75cfe08d233b1910,Which country hosted the 2022 FIFA World Cup?,https://opentdb.com/,CC BY-SA 4.0 (adapted)
easy,Sports & Leisure,Which team won the 2015-16 English Premier League?,Open Trivia DB via leakyhose/open-trivia-dataset @77d8e3cb5c8e264d50220eee75cfe08d233b1910,Which team won the 2015-16 English Premier League?,https://opentdb.com/,CC BY-SA 4.0 (adapted)
easy,Sports & Leisure,What is the name of Manchester United's home stadium?,Open Trivia DB via leakyhose/open-trivia-dataset @77d8e3cb5c8e264d50220eee75cfe08d233b1910,What is the name of Manchester United's home stadium?,https://opentdb.com/,CC BY-SA 4.0 (adapted)
easy,Sports & Leisure,Which African American is in part responsible for integrating Major League baseball?,Open Trivia DB via leakyhose/open-trivia-dataset @77d8e3cb5c8e264d50220eee75cfe08d233b1910,Which African American is in part responsible for integrating Major League baseball?,https://opentdb.com/,CC BY-SA 4.0 (adapted)
easy,Sports & Leisure,"In golf, what name is given to a hole score of two under par?",Open Trivia DB via leakyhose/open-trivia-dataset @77d8e3cb5c8e264d50220eee75cfe08d233b1910,"In golf, what name is given to a hole score of two under par?",https://opentdb.com/,CC BY-SA 4.0 (adapted)
easy,Sports & Leisure,"Which city did the former NHL team ""The Nordiques"" originiate from?",Open Trivia DB via leakyhose/open-trivia-dataset @77d8e3cb5c8e264d50220eee75cfe08d233b1910,"Which city did the former NHL team ""The Nordiques"" originiate from?",https://opentdb.com/,CC BY-SA 4.0 (adapted)
easy,Sports & Leisure,What was the year of estabilishment of the Bari Italian Football Club?,Open Trivia DB via leakyhose/open-trivia-dataset @77d8e3cb5c8e264d50220eee75cfe08d233b1910,What was the year of estabilishment of the Bari Italian Football Club?,https://opentdb.com/,CC BY-SA 4.0 (adapted)
easy,Sports & Leisure,"What is the name of the ""tool"" used to hit the white ball in snooker or billiards?",Open Trivia DB via leakyhose/open-trivia-dataset @77d8e3cb5c8e264d50220eee75cfe08d233b1910,"What is the name of the ""tool"" used to hit the white ball in snooker or billiards?",https://opentdb.com/,CC BY-SA 4.0 (adapted)
easy,Sports & Leisure,Which boxer was banned for taking a bite out of Evander Holyfield's ear in 1997?,Open Trivia DB via leakyhose/open-trivia-dataset @77d8e3cb5c8e264d50220eee75cfe08d233b1910,Which boxer was banned for taking a bite out of Evander Holyfield's ear in 1997?,https://opentdb.com/,CC BY-SA 4.0 (adapted)
easy,Sports & Leisure,Which team won 2014 FIFA World Cup in Brazil?,Open Trivia DB via leakyhose/open-trivia-dataset @77d8e3cb5c8e264d50220eee75cfe08d233b1910,Which team won 2014 FIFA World Cup in Brazil?,https://opentdb.com/,CC BY-SA 4.0 (adapted)
easy,Sports & Leisure,"""Stadium of Light"" is the home stadium for which soccer team?",Open Trivia DB via leakyhose/open-trivia-dataset @77d8e3cb5c8e264d50220eee75cfe08d233b1910,"""Stadium of Light"" is the home stadium for which soccer team?",https://opentdb.com/,CC BY-SA 4.0 (adapted)
easy,Sports & Leisure,Which country hosted the 2018 FIFA World Cup?,Open Trivia DB via leakyhose/open-trivia-dataset @77d8e3cb5c8e264d50220eee75cfe08d233b1910,Which country hosted the 2018 FIFA World Cup?,https://opentdb.com/,CC BY-SA 4.0 (adapted)
easy,Sports & Leisure,In which New York City borough were the Dodgers based before moving to Los Angeles?,Open Trivia DB via leakyhose/open-trivia-dataset @77d8e3cb5c8e264d50220eee75cfe08d233b1910,The Los Angeles Dodgers were originally from what U.S. city?,https://opentdb.com/,CC BY-SA 4.0 (adapted)
easy,Sports & Leisure,"In bowling, what is the term used for getting three consecutive strikes?",Open Trivia DB via leakyhose/open-trivia-dataset @77d8e3cb5c8e264d50220eee75cfe08d233b1910,"In bowling, what is the term used for getting three consecutive strikes?",https://opentdb.com/,CC BY-SA 4.0 (adapted)
easy,Sports & Leisure,How many points did LeBron James score in his first NBA game?,Open Trivia DB via leakyhose/open-trivia-dataset @77d8e3cb5c8e264d50220eee75cfe08d233b1910,How many points did LeBron James score in his first NBA game?,https://opentdb.com/,CC BY-SA 4.0 (adapted)
easy,Sports & Leisure,"Which sport uses a bat, wickets and a ball?",Newly authored supplement,"Which sport uses a bat, wickets and a ball?",,Original project / new original content
easy,Sports & Leisure,What do cyclists wear on their heads for protection?,Newly authored supplement,What do cyclists wear on their heads for protection?,,Original project / new original content
easy,Sports & Leisure,Which sport involves riding ocean waves on a board?,Newly authored supplement,Which sport involves riding ocean waves on a board?,,Original project / new original content
easy,Sports & Leisure,Which chess piece is shaped like a horse?,Newly authored supplement,Which chess piece is shaped like a horse?,,Original project / new original content
easy,Sports & Leisure,What colour moves first in a standard chess game?,Newly authored supplement,What colour moves first in a standard chess game?,,Original project / new original content
easy,Sports & Leisure,How many squares are on a standard chessboard?,Newly authored supplement,How many squares are on a standard chessboard?,,Original project / new original content
easy,Sports & Leisure,"Which game uses cards marked with numbers and the letters B, I, N, G and O?",Newly authored supplement,"Which game uses cards marked with numbers and the letters B, I, N, G and O?",,Original project / new original content
easy,Sports & Leisure,What is the name of the object passed between runners in a relay race?,Newly authored supplement,What is the name of the object passed between runners in a relay race?,,Original project / new original content
easy,Sports & Leisure,Which winter sport involves travelling downhill on two long narrow runners?,Newly authored supplement,Which winter sport involves travelling downhill on two long narrow runners?,,Original project / new original content
easy,Sports & Leisure,What do you call a person who controls a football match and enforces its rules?,Newly authored supplement,What do you call a person who controls a football match and enforces its rules?,,Original project / new original content
easy,Sports & Leisure,"Which sport uses a net, rackets and a small yellow ball on a court?",Newly authored supplement,"Which sport uses a net, rackets and a small yellow ball on a court?",,Original project / new original content
easy,Sports & Leisure,Which leisure activity involves assembling interlocking pieces into a picture?,Newly authored supplement,Which leisure activity involves assembling interlocking pieces into a picture?,,Original project / new original content
easy,Sports & Leisure,Which sport involves throwing a heavy ball to knock down pins?,Newly authored supplement,Which sport involves throwing a heavy ball to knock down pins?,,Original project / new original content
easy,Sports & Leisure,What is the name for an extra player who can replace a teammate during a match?,Newly authored supplement,What is the name for an extra player who can replace a teammate during a match?,,Original project / new original content
easy,Sports & Leisure,"Which activity uses a rod, a line and a hook to catch fish?",Newly authored supplement,"Which activity uses a rod, a line and a hook to catch fish?",,Original project / new original content
easy,Sports & Leisure,What is a person who climbs mountains called?,Newly authored supplement,What is a person who climbs mountains called?,,Original project / new original content
easy,Sports & Leisure,Which winter sport uses a single wide board instead of two skis?,Newly authored supplement,Which winter sport uses a single wide board instead of two skis?,,Original project / new original content
easy,Sports & Leisure,"What is the name of the sport of running, swimming and cycling in one race?",Newly authored supplement,"What is the name of the sport of running, swimming and cycling in one race?",,Original project / new original content
easy,Sports & Leisure,What do you call the protective hand coverings worn by boxers?,Newly authored supplement,What do you call the protective hand coverings worn by boxers?,,Original project / new original content
easy,Sports & Leisure,Which board game involves finding words using letter tiles on a grid?,Newly authored supplement,Which board game involves finding words using letter tiles on a grid?,,Original project / new original content
easy,Sports & Leisure,Which leisure activity involves growing flowers or vegetables?,Newly authored supplement,Which leisure activity involves growing flowers or vegetables?,,Original project / new original content
medium,Geography,Which country has the most time zones (including its overseas territories)?,Original project (edited where needed),Which country has the most time zones (including its overseas territories)?,,Original project / new original content
medium,Geography,What is the capital of the Australian state of Victoria?,Original project (edited where needed),What is the capital of the Australian state of Victoria?,,Original project / new original content
medium,Geography,Lake Titicaca sits on the border of Peru and which other country?,Original project (edited where needed),Lake Titicaca sits on the border of Peru and which other country?,,Original project / new original content
medium,Geography,Which African nation is completely surrounded by South Africa?,Original project (edited where needed),Which African nation is completely surrounded by South Africa?,,Original project / new original content
medium,Geography,The Atacama Desert is primarily located in which country?,Original project (edited where needed),The Atacama Desert is primarily located in which country?,,Original project / new original content
medium,Geography,What is the longest river in Asia?,Original project (edited where needed),What is the longest river in Asia?,,Original project / new original content
medium,Geography,Which city is split between Europe and Asia by the Bosphorus?,Original project (edited where needed),Which city is split between Europe and Asia by the Bosphorus?,,Original project / new original content
medium,Geography,"Mount Elbrus, the highest peak in Europe, is in which country?",Original project (edited where needed),"Mount Elbrus, the highest peak in Europe, is in which country?",,Original project / new original content
medium,Geography,What is the capital of Lithuania?,Open Trivia DB via leakyhose/open-trivia-dataset @77d8e3cb5c8e264d50220eee75cfe08d233b1910,What is the capital of Lithuania?,https://opentdb.com/,CC BY-SA 4.0 (adapted)
medium,Geography,Which country claims ownership of the disputed state Kosovo?,Open Trivia DB via leakyhose/open-trivia-dataset @77d8e3cb5c8e264d50220eee75cfe08d233b1910,Which country claims ownership of the disputed state Kosovo?,https://opentdb.com/,CC BY-SA 4.0 (adapted)
medium,Geography,"Frankenmuth, a US city nicknamed ""Little Bavaria"", is located in what state?",Open Trivia DB via leakyhose/open-trivia-dataset @77d8e3cb5c8e264d50220eee75cfe08d233b1910,"Frankenmuth, a US city nicknamed ""Little Bavaria"", is located in what state?",https://opentdb.com/,CC BY-SA 4.0 (adapted)
medium,Geography,"What is the capital of the State of Washington, United States?",Open Trivia DB via leakyhose/open-trivia-dataset @77d8e3cb5c8e264d50220eee75cfe08d233b1910,"What is the capital of the State of Washington, United States?",https://opentdb.com/,CC BY-SA 4.0 (adapted)
medium,Geography,The land of Gotland is located in which European country?,Open Trivia DB via leakyhose/open-trivia-dataset @77d8e3cb5c8e264d50220eee75cfe08d233b1910,The land of Gotland is located in which European country?,https://opentdb.com/,CC BY-SA 4.0 (adapted)
medium,Geography,What is the capital of Peru?,Open Trivia DB via leakyhose/open-trivia-dataset @77d8e3cb5c8e264d50220eee75cfe08d233b1910,What is the capital of Peru?,https://opentdb.com/,CC BY-SA 4.0 (adapted)
medium,Geography,What was the African nation of Zimbabwe formerly known as?,Open Trivia DB via leakyhose/open-trivia-dataset @77d8e3cb5c8e264d50220eee75cfe08d233b1910,What was the African nation of Zimbabwe formerly known as?,https://opentdb.com/,CC BY-SA 4.0 (adapted)
medium,Geography,On which continent is the country of Angola located?,Open Trivia DB via leakyhose/open-trivia-dataset @77d8e3cb5c8e264d50220eee75cfe08d233b1910,On which continent is the country of Angola located?,https://opentdb.com/,CC BY-SA 4.0 (adapted)
medium,Geography,What is the right way to spell the capital of Hungary?,Open Trivia DB via leakyhose/open-trivia-dataset @77d8e3cb5c8e264d50220eee75cfe08d233b1910,What is the right way to spell the capital of Hungary?,https://opentdb.com/,CC BY-SA 4.0 (adapted)
medium,Geography,What is the capital of Seychelles?,Open Trivia DB via leakyhose/open-trivia-dataset @77d8e3cb5c8e264d50220eee75cfe08d233b1910,What is the capital of Seychelles?,https://opentdb.com/,CC BY-SA 4.0 (adapted)
medium,Geography,Where is the world's oldest still operational space launch facility located?,Open Trivia DB via leakyhose/open-trivia-dataset @77d8e3cb5c8e264d50220eee75cfe08d233b1910,Where is the world's oldest still operational space launch facility located?,https://opentdb.com/,CC BY-SA 4.0 (adapted)
medium,Geography,Kuala Lumpur is the capital of which country?,Open Trivia DB via leakyhose/open-trivia-dataset @77d8e3cb5c8e264d50220eee75cfe08d233b1910,Kuala Lumpur is the capital of which country?,https://opentdb.com/,CC BY-SA 4.0 (adapted)
medium,Geography,How many timezones does Russia have?,Open Trivia DB via leakyhose/open-trivia-dataset @77d8e3cb5c8e264d50220eee75cfe08d233b1910,How many timezones does Russia have?,https://opentdb.com/,CC BY-SA 4.0 (adapted)
medium,Geography,What is the capital of Belarus?,Open Trivia DB via leakyhose/open-trivia-dataset @77d8e3cb5c8e264d50220eee75cfe08d233b1910,What is the capital of Belarus?,https://opentdb.com/,CC BY-SA 4.0 (adapted)
medium,Geography,What is the capital of Estonia?,Open Trivia DB via leakyhose/open-trivia-dataset @77d8e3cb5c8e264d50220eee75cfe08d233b1910,What is the capital of Estonia?,https://opentdb.com/,CC BY-SA 4.0 (adapted)
medium,Geography,"The towns of Brugelette, Arlon and Ath are located in which country?",Open Trivia DB via leakyhose/open-trivia-dataset @77d8e3cb5c8e264d50220eee75cfe08d233b1910,"The towns of Brugelette, Arlon and Ath are located in which country?",https://opentdb.com/,CC BY-SA 4.0 (adapted)
medium,Geography,How many independent countries are there within the continent of South America?,Open Trivia DB via leakyhose/open-trivia-dataset @77d8e3cb5c8e264d50220eee75cfe08d233b1910,How many independent countries are there within the continent of South America?,https://opentdb.com/,CC BY-SA 4.0 (adapted)
medium,Geography,What is the capital of Senegal?,Open Trivia DB via leakyhose/open-trivia-dataset @77d8e3cb5c8e264d50220eee75cfe08d233b1910,What is the capital of Senegal?,https://opentdb.com/,CC BY-SA 4.0 (adapted)
medium,Geography,What is the name of the only remaining Grand Duchy in the world ?,Open Trivia DB via leakyhose/open-trivia-dataset @77d8e3cb5c8e264d50220eee75cfe08d233b1910,What is the name of the only remaining Grand Duchy in the world ?,https://opentdb.com/,CC BY-SA 4.0 (adapted)
medium,Geography,Which country has three capital cities?,Open Trivia DB via leakyhose/open-trivia-dataset @77d8e3cb5c8e264d50220eee75cfe08d233b1910,Which country has three capital cities?,https://opentdb.com/,CC BY-SA 4.0 (adapted)
medium,Geography,The Principality of Sealand is an unrecognized micronation off the coast of what country?,Open Trivia DB via leakyhose/open-trivia-dataset @77d8e3cb5c8e264d50220eee75cfe08d233b1910,The Principality of Sealand is an unrecognized micronation off the coast of what country?,https://opentdb.com/,CC BY-SA 4.0 (adapted)
medium,Geography,What continent is the country Lesotho in?,Open Trivia DB via leakyhose/open-trivia-dataset @77d8e3cb5c8e264d50220eee75cfe08d233b1910,What continent is the country Lesotho in?,https://opentdb.com/,CC BY-SA 4.0 (adapted)
medium,Geography,How many countries are inside the United Kingdom?,Open Trivia DB via leakyhose/open-trivia-dataset @77d8e3cb5c8e264d50220eee75cfe08d233b1910,How many countries are inside the United Kingdom?,https://opentdb.com/,CC BY-SA 4.0 (adapted)
medium,Geography,What's the first National Park designated in the United States?,Open Trivia DB via leakyhose/open-trivia-dataset @77d8e3cb5c8e264d50220eee75cfe08d233b1910,What's the first National Park designated in the United States?,https://opentdb.com/,CC BY-SA 4.0 (adapted)
medium,Geography,What is the capital city of Slovenia?,Open Trivia DB via leakyhose/open-trivia-dataset @77d8e3cb5c8e264d50220eee75cfe08d233b1910,What is the capital city of Slovenia?,https://opentdb.com/,CC BY-SA 4.0 (adapted)
medium,Geography,"Where is the ""Sonoran Desert"" located?",Open Trivia DB via leakyhose/open-trivia-dataset @77d8e3cb5c8e264d50220eee75cfe08d233b1910,"Where is the ""Sonoran Desert"" located?",https://opentdb.com/,CC BY-SA 4.0 (adapted)
medium,Geography,Which Canadian province has Charlottetown as its capital?,Open Trivia DB via leakyhose/open-trivia-dataset @77d8e3cb5c8e264d50220eee75cfe08d233b1910,Which Canadian province has Charlottetown as its capital?,https://opentdb.com/,CC BY-SA 4.0 (adapted)
medium,Geography,In which part of England does Hadrian's Wall cross the country?,Open Trivia DB via leakyhose/open-trivia-dataset @77d8e3cb5c8e264d50220eee75cfe08d233b1910,Where is Hadrian's Wall located?,https://opentdb.com/,CC BY-SA 4.0 (adapted)
medium,Geography,What mountain range lines the border between Spain and France?,Open Trivia DB via leakyhose/open-trivia-dataset @77d8e3cb5c8e264d50220eee75cfe08d233b1910,What mountain range lines the border between Spain and France?,https://opentdb.com/,CC BY-SA 4.0 (adapted)
medium,Geography,What is the capital city of the U.S. state of Texas?,Open Trivia DB via leakyhose/open-trivia-dataset @77d8e3cb5c8e264d50220eee75cfe08d233b1910,What is the capital city of the U.S. state of Texas?,https://opentdb.com/,CC BY-SA 4.0 (adapted)
medium,Geography,In which English county is Stonehenge?,Open Trivia DB via leakyhose/open-trivia-dataset @77d8e3cb5c8e264d50220eee75cfe08d233b1910,In which English county is Stonehenge?,https://opentdb.com/,CC BY-SA 4.0 (adapted)
medium,Geography,What is the capital city of New Zealand?,Open Trivia DB via leakyhose/open-trivia-dataset @77d8e3cb5c8e264d50220eee75cfe08d233b1910,What is the capital city of New Zealand?,https://opentdb.com/,CC BY-SA 4.0 (adapted)
medium,Geography,How many provinces are in the Netherlands?,Open Trivia DB via leakyhose/open-trivia-dataset @77d8e3cb5c8e264d50220eee75cfe08d233b1910,How many provinces are in the Netherlands?,https://opentdb.com/,CC BY-SA 4.0 (adapted)
medium,Geography,Broome is a town in which state of Australia?,Open Trivia DB via leakyhose/open-trivia-dataset @77d8e3cb5c8e264d50220eee75cfe08d233b1910,Broome is a town in which state of Australia?,https://opentdb.com/,CC BY-SA 4.0 (adapted)
medium,Geography,What is the official national language of Pakistan?,Open Trivia DB via leakyhose/open-trivia-dataset @77d8e3cb5c8e264d50220eee75cfe08d233b1910,What is the official national language of Pakistan?,https://opentdb.com/,CC BY-SA 4.0 (adapted)
medium,Geography,What island in the Canary Islands was the scene of one of the worst air disasters in history with the collision of two jumbo jets?,Open Trivia DB via leakyhose/open-trivia-dataset @77d8e3cb5c8e264d50220eee75cfe08d233b1910,What island in the Canary Islands was the scene of one of the worst air disasters in history with the collision of two jumbo jets?,https://opentdb.com/,CC BY-SA 4.0 (adapted)
medium,Geography,What event led to Liechenstein adding a crown to its flag?,Open Trivia DB via leakyhose/open-trivia-dataset @77d8e3cb5c8e264d50220eee75cfe08d233b1910,What event led to Liechenstein adding a crown to its flag?,https://opentdb.com/,CC BY-SA 4.0 (adapted)
medium,Geography,What are the four corner states of the US?,Open Trivia DB via leakyhose/open-trivia-dataset @77d8e3cb5c8e264d50220eee75cfe08d233b1910,What are the four corner states of the US?,https://opentdb.com/,CC BY-SA 4.0 (adapted)
medium,Geography,"What is the name of the former country that was succeeded by countries such as Serbia, Croatia and Slovenia?",Open Trivia DB via leakyhose/open-trivia-dataset @77d8e3cb5c8e264d50220eee75cfe08d233b1910,"What is the name of the former country that was succeeded by countries such as Serbia, Croatia and Slovenia?",https://opentdb.com/,CC BY-SA 4.0 (adapted)
medium,Geography,Bridgetown is the capital of which island country in the Carribean?,Open Trivia DB via leakyhose/open-trivia-dataset @77d8e3cb5c8e264d50220eee75cfe08d233b1910,Bridgetown is the capital of which island country in the Carribean?,https://opentdb.com/,CC BY-SA 4.0 (adapted)
medium,Geography,The World Health Organization headquarters is located in which European country?,Open Trivia DB via leakyhose/open-trivia-dataset @77d8e3cb5c8e264d50220eee75cfe08d233b1910,The World Health Organization headquarters is located in which European country?,https://opentdb.com/,CC BY-SA 4.0 (adapted)
medium,Geography,Where is the area commonly known as the Bermuda Triangle?,Open Trivia DB via leakyhose/open-trivia-dataset @77d8e3cb5c8e264d50220eee75cfe08d233b1910,Where is the area commonly known as the Bermuda Triangle?,https://opentdb.com/,CC BY-SA 4.0 (adapted)
medium,Geography,Montreal is in which Canadian province?,Open Trivia DB via leakyhose/open-trivia-dataset @77d8e3cb5c8e264d50220eee75cfe08d233b1910,Montreal is in which Canadian province?,https://opentdb.com/,CC BY-SA 4.0 (adapted)
medium,Geography,Which German city is located on the River Isar?,Open Trivia DB via leakyhose/open-trivia-dataset @77d8e3cb5c8e264d50220eee75cfe08d233b1910,Which German city is located on the River Isar?,https://opentdb.com/,CC BY-SA 4.0 (adapted)
medium,Geography,What is the capital of Vietnam?,Open Trivia DB via leakyhose/open-trivia-dataset @77d8e3cb5c8e264d50220eee75cfe08d233b1910,What is the capital of Vietnam?,https://opentdb.com/,CC BY-SA 4.0 (adapted)
medium,Geography,What is the traditional name for the large peninsula forming most of Asian Turkey?,Open Trivia DB via leakyhose/open-trivia-dataset @77d8e3cb5c8e264d50220eee75cfe08d233b1910,The land mass of modern day Turkey is called what?,https://opentdb.com/,CC BY-SA 4.0 (adapted)
medium,Geography,What is the longest river in Europe?,Open Trivia DB via leakyhose/open-trivia-dataset @77d8e3cb5c8e264d50220eee75cfe08d233b1910,What is the longest river in Europe?,https://opentdb.com/,CC BY-SA 4.0 (adapted)
medium,Geography,"Eritrea, which became the 182nd member of the UN in 1993, is in the continent of?",Open Trivia DB via leakyhose/open-trivia-dataset @77d8e3cb5c8e264d50220eee75cfe08d233b1910,"Eritrea, which became the 182nd member of the UN in 1993, is in the continent of?",https://opentdb.com/,CC BY-SA 4.0 (adapted)
medium,Geography,What is the only country in the world with a flag that doesn't have four right angles?,Open Trivia DB via leakyhose/open-trivia-dataset @77d8e3cb5c8e264d50220eee75cfe08d233b1910,What is the only country in the world with a flag that doesn't have four right angles?,https://opentdb.com/,CC BY-SA 4.0 (adapted)
medium,Geography,Which is the largest city in Morocco?,Open Trivia DB via leakyhose/open-trivia-dataset @77d8e3cb5c8e264d50220eee75cfe08d233b1910,Which is the largest city in Morocco?,https://opentdb.com/,CC BY-SA 4.0 (adapted)
medium,Geography,"In the 2016 Global Peace Index poll, out of 163 countries, what was the United States of America ranked?",Open Trivia DB via leakyhose/open-trivia-dataset @77d8e3cb5c8e264d50220eee75cfe08d233b1910,"In the 2016 Global Peace Index poll, out of 163 countries, what was the United States of America ranked?",https://opentdb.com/,CC BY-SA 4.0 (adapted)
medium,Geography,How many counties in the Republic of Ireland.,Open Trivia DB via leakyhose/open-trivia-dataset @77d8e3cb5c8e264d50220eee75cfe08d233b1910,How many counties in the Republic of Ireland.,https://opentdb.com/,CC BY-SA 4.0 (adapted)
medium,Geography,Which English county will you find the University of East Anglia?,Open Trivia DB via leakyhose/open-trivia-dataset @77d8e3cb5c8e264d50220eee75cfe08d233b1910,Which English county will you find the University of East Anglia?,https://opentdb.com/,CC BY-SA 4.0 (adapted)
medium,Geography,"Colchester Overpass, otherwise known as ""Bunny Man Bridge"", is located where?",Open Trivia DB via leakyhose/open-trivia-dataset @77d8e3cb5c8e264d50220eee75cfe08d233b1910,"Colchester Overpass, otherwise known as ""Bunny Man Bridge"", is located where?",https://opentdb.com/,CC BY-SA 4.0 (adapted)
medium,Geography,What is the largest lake in the African continent?,Open Trivia DB via leakyhose/open-trivia-dataset @77d8e3cb5c8e264d50220eee75cfe08d233b1910,What is the largest lake in the African continent?,https://opentdb.com/,CC BY-SA 4.0 (adapted)
medium,Geography,Where are the Nazca Lines located?,Open Trivia DB via leakyhose/open-trivia-dataset @77d8e3cb5c8e264d50220eee75cfe08d233b1910,Where are the Nazca Lines located?,https://opentdb.com/,CC BY-SA 4.0 (adapted)
medium,Geography,What is the fifth largest country by area?,Open Trivia DB via leakyhose/open-trivia-dataset @77d8e3cb5c8e264d50220eee75cfe08d233b1910,What is the fifth largest country by area?,https://opentdb.com/,CC BY-SA 4.0 (adapted)
medium,Geography,How many member states did the United Nations have after South Sudan joined in 2011?,Open Trivia DB via leakyhose/open-trivia-dataset @77d8e3cb5c8e264d50220eee75cfe08d233b1910,How many sovereign states are members of the United Nations?,https://opentdb.com/,CC BY-SA 4.0 (adapted)
medium,Geography,What is the official language of Bhutan?,Open Trivia DB via leakyhose/open-trivia-dataset @77d8e3cb5c8e264d50220eee75cfe08d233b1910,What is the official language of Bhutan?,https://opentdb.com/,CC BY-SA 4.0 (adapted)
medium,Geography,On which continent/s is the entire country of Spain specifically located when taking into account all of its territory?,Open Trivia DB via leakyhose/open-trivia-dataset @77d8e3cb5c8e264d50220eee75cfe08d233b1910,On which continent/s is the entire country of Spain specifically located when taking into account all of its territory?,https://opentdb.com/,CC BY-SA 4.0 (adapted)
medium,Geography,How tall is One World Trade Center in New York City?,Open Trivia DB via leakyhose/open-trivia-dataset @77d8e3cb5c8e264d50220eee75cfe08d233b1910,How tall is One World Trade Center in New York City?,https://opentdb.com/,CC BY-SA 4.0 (adapted)
medium,Geography,The Gambia is a nation found on which continent?,Open Trivia DB via leakyhose/open-trivia-dataset @77d8e3cb5c8e264d50220eee75cfe08d233b1910,The Gambia is a nation found on which continent?,https://opentdb.com/,CC BY-SA 4.0 (adapted)
medium,Geography,Which city serves as Switzerland's federal city and seat of government?,Open Trivia DB via leakyhose/open-trivia-dataset @77d8e3cb5c8e264d50220eee75cfe08d233b1910,Which city is the capital of Switzerland?,https://opentdb.com/,CC BY-SA 4.0 (adapted)
medium,Geography,"Gibraltar, located just south of the Iberian peninsula, is a territory of which West Europe country?",Open Trivia DB via leakyhose/open-trivia-dataset @77d8e3cb5c8e264d50220eee75cfe08d233b1910,"Gibraltar, located just south of the Iberian peninsula, is a territory of which West Europe country?",https://opentdb.com/,CC BY-SA 4.0 (adapted)
medium,Geography,What is the name of the capital of Turkey?,Open Trivia DB via leakyhose/open-trivia-dataset @77d8e3cb5c8e264d50220eee75cfe08d233b1910,What is the name of the capital of Turkey?,https://opentdb.com/,CC BY-SA 4.0 (adapted)
medium,Geography,Which state of the United States is the smallest?,Open Trivia DB via leakyhose/open-trivia-dataset @77d8e3cb5c8e264d50220eee75cfe08d233b1910,Which state of the United States is the smallest?,https://opentdb.com/,CC BY-SA 4.0 (adapted)
medium,Geography,What is the capital of Greenland?,Open Trivia DB via leakyhose/open-trivia-dataset @77d8e3cb5c8e264d50220eee75cfe08d233b1910,What is the capital of Greenland?,https://opentdb.com/,CC BY-SA 4.0 (adapted)
medium,Geography,What is the capital of Chile?,Open Trivia DB via leakyhose/open-trivia-dataset @77d8e3cb5c8e264d50220eee75cfe08d233b1910,What is the capital of Chile?,https://opentdb.com/,CC BY-SA 4.0 (adapted)
medium,Geography,What is the capital of the US state Nevada?,Open Trivia DB via leakyhose/open-trivia-dataset @77d8e3cb5c8e264d50220eee75cfe08d233b1910,What is the capital of the US state Nevada?,https://opentdb.com/,CC BY-SA 4.0 (adapted)
medium,Geography,The Japanese district Akihabara is also known by what nickname?,Open Trivia DB via leakyhose/open-trivia-dataset @77d8e3cb5c8e264d50220eee75cfe08d233b1910,The Japanese district Akihabara is also known by what nickname?,https://opentdb.com/,CC BY-SA 4.0 (adapted)
medium,Geography,In which English county is the city of Portsmouth?,Open Trivia DB via leakyhose/open-trivia-dataset @77d8e3cb5c8e264d50220eee75cfe08d233b1910,In which English county is the city of Portsmouth?,https://opentdb.com/,CC BY-SA 4.0 (adapted)
medium,Geography,"On a London Underground map, what colour is the Circle Line?",Open Trivia DB via leakyhose/open-trivia-dataset @77d8e3cb5c8e264d50220eee75cfe08d233b1910,"On a London Underground map, what colour is the Circle Line?",https://opentdb.com/,CC BY-SA 4.0 (adapted)
medium,Geography,Which two modern-day countries used to be known as the region of Rhodesia between the 1890s and 1980?,Open Trivia DB via leakyhose/open-trivia-dataset @77d8e3cb5c8e264d50220eee75cfe08d233b1910,Which two modern-day countries used to be known as the region of Rhodesia between the 1890s and 1980?,https://opentdb.com/,CC BY-SA 4.0 (adapted)
medium,Geography,What is the capital of Slovakia?,Open Trivia DB via leakyhose/open-trivia-dataset @77d8e3cb5c8e264d50220eee75cfe08d233b1910,What is the capital of Slovakia?,https://opentdb.com/,CC BY-SA 4.0 (adapted)
medium,Geography,"Which country has the abbreviation ""CH""?",Open Trivia DB via leakyhose/open-trivia-dataset @77d8e3cb5c8e264d50220eee75cfe08d233b1910,"Which country has the abbreviation ""CH""?",https://opentdb.com/,CC BY-SA 4.0 (adapted)
medium,Geography,What city is the Terracotta Army located in?,Open Trivia DB via leakyhose/open-trivia-dataset @77d8e3cb5c8e264d50220eee75cfe08d233b1910,What city is the Terracotta Army located in?,https://opentdb.com/,CC BY-SA 4.0 (adapted)
medium,Geography,"What is the capital of British Columbia, Canada?",Open Trivia DB via leakyhose/open-trivia-dataset @77d8e3cb5c8e264d50220eee75cfe08d233b1910,"What is the capital of British Columbia, Canada?",https://opentdb.com/,CC BY-SA 4.0 (adapted)
medium,Geography,Which river flows through Baghdad?,Newly authored supplement,Which river flows through Baghdad?,,Original project / new original content
medium,Geography,Which sea lies to the east of the Italian peninsula?,Newly authored supplement,Which sea lies to the east of the Italian peninsula?,,Original project / new original content
medium,Geography,Which country contains the historic city of Samarkand?,Newly authored supplement,Which country contains the historic city of Samarkand?,,Original project / new original content
medium,Geography,What is the capital of Armenia?,Newly authored supplement,What is the capital of Armenia?,,Original project / new original content
medium,Geography,What is the capital of Mongolia?,Newly authored supplement,What is the capital of Mongolia?,,Original project / new original content
medium,Geography,Which river forms much of the border between Mexico and Texas?,Newly authored supplement,Which river forms much of the border between Mexico and Texas?,,Original project / new original content
medium,Geography,Which country contains the city of Dubrovnik?,Newly authored supplement,Which country contains the city of Dubrovnik?,,Original project / new original content
medium,Geography,Which river flows through Budapest?,Newly authored supplement,Which river flows through Budapest?,,Original project / new original content
medium,Geography,Which sea is connected to the Mediterranean by the Suez Canal?,Newly authored supplement,Which sea is connected to the Mediterranean by the Suez Canal?,,Original project / new original content
medium,Geography,Which Canadian province is predominantly French-speaking?,Newly authored supplement,Which Canadian province is predominantly French-speaking?,,Original project / new original content
medium,Geography,Which desert covers much of Botswana?,Newly authored supplement,Which desert covers much of Botswana?,,Original project / new original content
medium,Geography,What is the capital of Iceland?,Newly authored supplement,What is the capital of Iceland?,,Original project / new original content
medium,Geography,Which country is home to the port city of Valparaiso?,Newly authored supplement,Which country is home to the port city of Valparaiso?,,Original project / new original content
medium,Geography,What is the capital of Nepal?,Newly authored supplement,What is the capital of Nepal?,,Original project / new original content
medium,Geography,Which country surrounds the independent state of San Marino?,Newly authored supplement,Which country surrounds the independent state of San Marino?,,Original project / new original content
medium,Entertainment,Who directed Pulp Fiction and Kill Bill?,Original project (edited where needed),Who directed Pulp Fiction and Kill Bill?,,Original project / new original content
medium,Entertainment,Which actor played the Joker in The Dark Knight (2008)?,Original project (edited where needed),Which actor played the Joker in The Dark Knight (2008)?,,Original project / new original content
medium,Entertainment,What is the name of the fictional African nation in Black Panther?,Original project (edited where needed),What is the name of the fictional African nation in Black Panther?,,Original project / new original content
medium,Entertainment,Which artist released the album 21 in 2011?,Original project (edited where needed),Which artist released the album 21 in 2011?,,Original project / new original content
medium,Entertainment,"In the US version of The Office, what is the name of the paper company?",Original project (edited where needed),"In the US version of The Office, what is the name of the paper company?",,Original project / new original content
medium,Entertainment,Who composed the scores for Star Wars and Indiana Jones?,Original project (edited where needed),Who composed the scores for Star Wars and Indiana Jones?,,Original project / new original content
medium,Entertainment,Which band released the album The Dark Side of the Moon?,Original project (edited where needed),Which band released the album The Dark Side of the Moon?,,Original project / new original content
medium,Entertainment,What is the name of the ship in the TV series Firefly?,Original project (edited where needed),What is the name of the ship in the TV series Firefly?,,Original project / new original content
medium,Entertainment,In which African country was the 2006 film 'Blood Diamond' mostly set in?,Open Trivia DB via leakyhose/open-trivia-dataset @77d8e3cb5c8e264d50220eee75cfe08d233b1910,In which African country was the 2006 film 'Blood Diamond' mostly set in?,https://opentdb.com/,CC BY-SA 4.0 (adapted)
medium,Entertainment,What year was Netflix founded?,Open Trivia DB via leakyhose/open-trivia-dataset @77d8e3cb5c8e264d50220eee75cfe08d233b1910,What year was Netflix founded?,https://opentdb.com/,CC BY-SA 4.0 (adapted)
medium,Entertainment,How many playable characters were there in Street Fighter II: Champion Edition?,Open Trivia DB via leakyhose/open-trivia-dataset @77d8e3cb5c8e264d50220eee75cfe08d233b1910,How many playable characters were there in Street Fighter II: Champion Edition?,https://opentdb.com/,CC BY-SA 4.0 (adapted)
medium,Entertainment,Which episode from The Amazing World Of Gumball won the Childrens Choice Award at the British Animation Awards in 2016?,Open Trivia DB via leakyhose/open-trivia-dataset @77d8e3cb5c8e264d50220eee75cfe08d233b1910,Which episode from The Amazing World Of Gumball won the Childrens Choice Award at the British Animation Awards in 2016?,https://opentdb.com/,CC BY-SA 4.0 (adapted)
medium,Entertainment,Who is the main character in One Piece?,Open Trivia DB via leakyhose/open-trivia-dataset @77d8e3cb5c8e264d50220eee75cfe08d233b1910,Who is the main character in One Piece?,https://opentdb.com/,CC BY-SA 4.0 (adapted)
medium,Entertainment,"In the 1971 film ""Willy Wonka & the Chocolate Factory"", who played Willy Wonka?",Open Trivia DB via leakyhose/open-trivia-dataset @77d8e3cb5c8e264d50220eee75cfe08d233b1910,"In the 1971 film ""Willy Wonka & the Chocolate Factory"", who played Willy Wonka?",https://opentdb.com/,CC BY-SA 4.0 (adapted)
medium,Entertainment,"May 16th of every year is known as __________ Day, named after a punk band prominent in the 1990s.",Open Trivia DB via leakyhose/open-trivia-dataset @77d8e3cb5c8e264d50220eee75cfe08d233b1910,"May 16th of every year is known as __________ Day, named after a punk band prominent in the 1990s.",https://opentdb.com/,CC BY-SA 4.0 (adapted)
medium,Entertainment,What does Bart sell his soul for in The Simpsons episode 'Bart Sells His Soul'?,Open Trivia DB via leakyhose/open-trivia-dataset @77d8e3cb5c8e264d50220eee75cfe08d233b1910,What does Bart sell his soul for in The Simpsons episode 'Bart Sells His Soul'?,https://opentdb.com/,CC BY-SA 4.0 (adapted)
medium,Entertainment,"In ""World of Warcraft,"" what dragon appears in the human guise of Lord Victor Nefarius?",Open Trivia DB via leakyhose/open-trivia-dataset @77d8e3cb5c8e264d50220eee75cfe08d233b1910,"In ""World of Warcraft,"" what dragon appears in the human guise of Lord Victor Nefarius?",https://opentdb.com/,CC BY-SA 4.0 (adapted)
medium,Entertainment,"What is the name of the Alligator that The Simpsons ""killed"" in the episode ""Kill The Alligator and Run""?",Open Trivia DB via leakyhose/open-trivia-dataset @77d8e3cb5c8e264d50220eee75cfe08d233b1910,"What is the name of the Alligator that The Simpsons ""killed"" in the episode ""Kill The Alligator and Run""?",https://opentdb.com/,CC BY-SA 4.0 (adapted)
medium,Entertainment,"In which Shakespeare play does the character Marcellus say, ""Something is rotten in the state of Denmark""?",Open Trivia DB via leakyhose/open-trivia-dataset @77d8e3cb5c8e264d50220eee75cfe08d233b1910,"In which Shakespeare play does the character Marcellus say, ""Something is rotten in the state of Denmark""?",https://opentdb.com/,CC BY-SA 4.0 (adapted)
medium,Entertainment,"In JoJo's Bizarre Adventure, which character is able to accelerate time?",Open Trivia DB via leakyhose/open-trivia-dataset @77d8e3cb5c8e264d50220eee75cfe08d233b1910,"In JoJo's Bizarre Adventure, which character is able to accelerate time?",https://opentdb.com/,CC BY-SA 4.0 (adapted)
medium,Entertainment,"Who provided a majority of the songs and lyrics for ""Spirit: Stallion of the Cimarron""?",Open Trivia DB via leakyhose/open-trivia-dataset @77d8e3cb5c8e264d50220eee75cfe08d233b1910,"Who provided a majority of the songs and lyrics for ""Spirit: Stallion of the Cimarron""?",https://opentdb.com/,CC BY-SA 4.0 (adapted)
medium,Entertainment,What country did Shirley Bassey originate from?,Open Trivia DB via leakyhose/open-trivia-dataset @77d8e3cb5c8e264d50220eee75cfe08d233b1910,What country did Shirley Bassey originate from?,https://opentdb.com/,CC BY-SA 4.0 (adapted)
medium,Entertainment,In Game of Thrones what is the name of Jon Snow's sword?,Open Trivia DB via leakyhose/open-trivia-dataset @77d8e3cb5c8e264d50220eee75cfe08d233b1910,In Game of Thrones what is the name of Jon Snow's sword?,https://opentdb.com/,CC BY-SA 4.0 (adapted)
medium,Entertainment,What is the name the location-based augmented reality game developed by Niantic before Pokémon GO?,Open Trivia DB via leakyhose/open-trivia-dataset @77d8e3cb5c8e264d50220eee75cfe08d233b1910,What is the name the location-based augmented reality game developed by Niantic before Pokémon GO?,https://opentdb.com/,CC BY-SA 4.0 (adapted)
medium,Entertainment,Which Hanna-Barbera cartoon character travelled with a canine companion named Beegle Beagle?,Open Trivia DB via leakyhose/open-trivia-dataset @77d8e3cb5c8e264d50220eee75cfe08d233b1910,Which Hanna-Barbera cartoon character travelled with a canine companion named Beegle Beagle?,https://opentdb.com/,CC BY-SA 4.0 (adapted)
medium,Entertainment,"When was the play ""Macbeth"" written?",Open Trivia DB via leakyhose/open-trivia-dataset @77d8e3cb5c8e264d50220eee75cfe08d233b1910,"When was the play ""Macbeth"" written?",https://opentdb.com/,CC BY-SA 4.0 (adapted)
medium,Entertainment,"What is the name of the final villain in the manga series ""Bleach""?",Open Trivia DB via leakyhose/open-trivia-dataset @77d8e3cb5c8e264d50220eee75cfe08d233b1910,"What is the name of the final villain in the manga series ""Bleach""?",https://opentdb.com/,CC BY-SA 4.0 (adapted)
medium,Entertainment,In what year was the first Transformers movie released?,Open Trivia DB via leakyhose/open-trivia-dataset @77d8e3cb5c8e264d50220eee75cfe08d233b1910,In what year was the first Transformers movie released?,https://opentdb.com/,CC BY-SA 4.0 (adapted)
medium,Entertainment,What was the title of ABBA`s first UK hit single?,Open Trivia DB via leakyhose/open-trivia-dataset @77d8e3cb5c8e264d50220eee75cfe08d233b1910,What was the title of ABBA`s first UK hit single?,https://opentdb.com/,CC BY-SA 4.0 (adapted)
medium,Entertainment,"At which university do ""The Big Bang Theory"" characters Mr. Wolowitz and Drs. Cooper, Hofstadter and Koothrappali work?",Open Trivia DB via leakyhose/open-trivia-dataset @77d8e3cb5c8e264d50220eee75cfe08d233b1910,"At which university do ""The Big Bang Theory"" characters Mr. Wolowitz and Drs. Cooper, Hofstadter and Koothrappali work?",https://opentdb.com/,CC BY-SA 4.0 (adapted)
medium,Entertainment,What song is played during the ending credits of Guitar Hero: World Tour?,Open Trivia DB via leakyhose/open-trivia-dataset @77d8e3cb5c8e264d50220eee75cfe08d233b1910,What song is played during the ending credits of Guitar Hero: World Tour?,https://opentdb.com/,CC BY-SA 4.0 (adapted)
medium,Entertainment,What animated internet character is known to answer emails with his boxing gloves?,Open Trivia DB via leakyhose/open-trivia-dataset @77d8e3cb5c8e264d50220eee75cfe08d233b1910,What animated internet character is known to answer emails with his boxing gloves?,https://opentdb.com/,CC BY-SA 4.0 (adapted)
medium,Entertainment,"The World Chess Championship in Chess, Act 1 is set in which Italian city?",Open Trivia DB via leakyhose/open-trivia-dataset @77d8e3cb5c8e264d50220eee75cfe08d233b1910,"The World Chess Championship in Chess, Act 1 is set in which Italian city?",https://opentdb.com/,CC BY-SA 4.0 (adapted)
medium,Entertainment,"In the movie ""Back to the Future,"" what speed does Doc Brown's DeLorean need to reach in order to travel through time?",Open Trivia DB via leakyhose/open-trivia-dataset @77d8e3cb5c8e264d50220eee75cfe08d233b1910,"In the movie ""Back to the Future,"" what speed does Doc Brown's DeLorean need to reach in order to travel through time?",https://opentdb.com/,CC BY-SA 4.0 (adapted)
medium,Entertainment,"The 1952 musical composition 4'33"", composed by prolific American composer John Cage, is mainly comprised of what sound?",Open Trivia DB via leakyhose/open-trivia-dataset @77d8e3cb5c8e264d50220eee75cfe08d233b1910,"The 1952 musical composition 4'33"", composed by prolific American composer John Cage, is mainly comprised of what sound?",https://opentdb.com/,CC BY-SA 4.0 (adapted)
medium,Entertainment,What is the name of the main antagonists in Battlestar Galactica?,Open Trivia DB via leakyhose/open-trivia-dataset @77d8e3cb5c8e264d50220eee75cfe08d233b1910,What is the name of the main antagonists in Battlestar Galactica?,https://opentdb.com/,CC BY-SA 4.0 (adapted)
medium,Entertainment,"In the Halo series, what fleet was Thel 'Vadam supreme commander of before being branded an Arbiter?",Open Trivia DB via leakyhose/open-trivia-dataset @77d8e3cb5c8e264d50220eee75cfe08d233b1910,"In the Halo series, what fleet was Thel 'Vadam supreme commander of before being branded an Arbiter?",https://opentdb.com/,CC BY-SA 4.0 (adapted)
medium,Entertainment,"In the Dreamworks animated movie ""Madagascar,"" who voices Maurice the lemur?",Open Trivia DB via leakyhose/open-trivia-dataset @77d8e3cb5c8e264d50220eee75cfe08d233b1910,"In the Dreamworks animated movie ""Madagascar,"" who voices Maurice the lemur?",https://opentdb.com/,CC BY-SA 4.0 (adapted)
medium,Entertainment,"What play is the quote ""Hell is other people"" from?",Open Trivia DB via leakyhose/open-trivia-dataset @77d8e3cb5c8e264d50220eee75cfe08d233b1910,"What play is the quote ""Hell is other people"" from?",https://opentdb.com/,CC BY-SA 4.0 (adapted)
medium,Entertainment,What studio animated Ouran High School Host Club?,Open Trivia DB via leakyhose/open-trivia-dataset @77d8e3cb5c8e264d50220eee75cfe08d233b1910,What studio animated Ouran High School Host Club?,https://opentdb.com/,CC BY-SA 4.0 (adapted)
medium,Entertainment,"This movie contains the quote, ""I love the smell of napalm in the morning!""",Open Trivia DB via leakyhose/open-trivia-dataset @77d8e3cb5c8e264d50220eee75cfe08d233b1910,"This movie contains the quote, ""I love the smell of napalm in the morning!""",https://opentdb.com/,CC BY-SA 4.0 (adapted)
medium,Entertainment,Which American family band had a 1986 top 10 hit with the song 'Crush On You'?,Open Trivia DB via leakyhose/open-trivia-dataset @77d8e3cb5c8e264d50220eee75cfe08d233b1910,Which American family band had a 1986 top 10 hit with the song 'Crush On You'?,https://opentdb.com/,CC BY-SA 4.0 (adapted)
medium,Entertainment,"What actor portrays Hogan ""Wash"" Washburne in the TV Show Firefly?",Open Trivia DB via leakyhose/open-trivia-dataset @77d8e3cb5c8e264d50220eee75cfe08d233b1910,"What actor portrays Hogan ""Wash"" Washburne in the TV Show Firefly?",https://opentdb.com/,CC BY-SA 4.0 (adapted)
medium,Entertainment,What is the name of the final boss in Turok: Dinosaur Hunter?,Open Trivia DB via leakyhose/open-trivia-dataset @77d8e3cb5c8e264d50220eee75cfe08d233b1910,What is the name of the final boss in Turok: Dinosaur Hunter?,https://opentdb.com/,CC BY-SA 4.0 (adapted)
medium,Entertainment,"What is Dipper's real name from ""Gravity Falls""?",Open Trivia DB via leakyhose/open-trivia-dataset @77d8e3cb5c8e264d50220eee75cfe08d233b1910,"What is Dipper's real name from ""Gravity Falls""?",https://opentdb.com/,CC BY-SA 4.0 (adapted)
medium,Entertainment,"The musical ""Dirty Rotten Scoundrels"" is set in what country?",Open Trivia DB via leakyhose/open-trivia-dataset @77d8e3cb5c8e264d50220eee75cfe08d233b1910,"The musical ""Dirty Rotten Scoundrels"" is set in what country?",https://opentdb.com/,CC BY-SA 4.0 (adapted)
medium,Entertainment,"In the anime series ""Full Metal Alchemist"", what do Alchemists consider the greatest taboo?",Open Trivia DB via leakyhose/open-trivia-dataset @77d8e3cb5c8e264d50220eee75cfe08d233b1910,"In the anime series ""Full Metal Alchemist"", what do Alchemists consider the greatest taboo?",https://opentdb.com/,CC BY-SA 4.0 (adapted)
medium,Entertainment,"Who plays ""Bruce Wayne"" in the 2008 movie ""The Dark Knight""?",Open Trivia DB via leakyhose/open-trivia-dataset @77d8e3cb5c8e264d50220eee75cfe08d233b1910,"Who plays ""Bruce Wayne"" in the 2008 movie ""The Dark Knight""?",https://opentdb.com/,CC BY-SA 4.0 (adapted)
medium,Entertainment,Which electronic musician released the album The Uncanny Valley in 2016?,Open Trivia DB via leakyhose/open-trivia-dataset @77d8e3cb5c8e264d50220eee75cfe08d233b1910,Who is the artist of the recent new album the Uncanny Valley?,https://opentdb.com/,CC BY-SA 4.0 (adapted)
medium,Entertainment,"In the Netflix show, Stranger Things, what song would Will sing to himself as he was missing?",Open Trivia DB via leakyhose/open-trivia-dataset @77d8e3cb5c8e264d50220eee75cfe08d233b1910,"In the Netflix show, Stranger Things, what song would Will sing to himself as he was missing?",https://opentdb.com/,CC BY-SA 4.0 (adapted)
medium,Entertainment,"In Splatoon, what is the age that inklings can freely change between squid and humanoid forms?",Open Trivia DB via leakyhose/open-trivia-dataset @77d8e3cb5c8e264d50220eee75cfe08d233b1910,"In Splatoon, what is the age that inklings can freely change between squid and humanoid forms?",https://opentdb.com/,CC BY-SA 4.0 (adapted)
medium,Entertainment,"What is the cartoon character, Andy Capp, known as in Germany?",Open Trivia DB via leakyhose/open-trivia-dataset @77d8e3cb5c8e264d50220eee75cfe08d233b1910,"What is the cartoon character, Andy Capp, known as in Germany?",https://opentdb.com/,CC BY-SA 4.0 (adapted)
medium,Entertainment,Who played Marquis de Lafayette and Thomas Jefferson in the original Broadway run of Hamilton?,Open Trivia DB via leakyhose/open-trivia-dataset @77d8e3cb5c8e264d50220eee75cfe08d233b1910,Who played Marquis de Lafayette and Thomas Jefferson in the original Broadway run of Hamilton?,https://opentdb.com/,CC BY-SA 4.0 (adapted)
medium,Entertainment,What sport is being played in the Anime Eyeshield 21?,Open Trivia DB via leakyhose/open-trivia-dataset @77d8e3cb5c8e264d50220eee75cfe08d233b1910,What sport is being played in the Anime Eyeshield 21?,https://opentdb.com/,CC BY-SA 4.0 (adapted)
medium,Entertainment,"What year did the movie ""Napoleon Dynamite"" come out?",Open Trivia DB via leakyhose/open-trivia-dataset @77d8e3cb5c8e264d50220eee75cfe08d233b1910,"What year did the movie ""Napoleon Dynamite"" come out?",https://opentdb.com/,CC BY-SA 4.0 (adapted)
medium,Entertainment,What song on ScHoolboy Q's album Black Face LP featured Kanye West?,Open Trivia DB via leakyhose/open-trivia-dataset @77d8e3cb5c8e264d50220eee75cfe08d233b1910,What song on ScHoolboy Q's album Black Face LP featured Kanye West?,https://opentdb.com/,CC BY-SA 4.0 (adapted)
medium,Entertainment,"In the TV series ""Person of Interest"", who plays the character ""Harold Finch""?",Open Trivia DB via leakyhose/open-trivia-dataset @77d8e3cb5c8e264d50220eee75cfe08d233b1910,"In the TV series ""Person of Interest"", who plays the character ""Harold Finch""?",https://opentdb.com/,CC BY-SA 4.0 (adapted)
medium,Entertainment,"In which game does a character say, ""Sometimes, I dream about cheese""?",Open Trivia DB via leakyhose/open-trivia-dataset @77d8e3cb5c8e264d50220eee75cfe08d233b1910,"In which game does a character say, ""Sometimes, I dream about cheese""?",https://opentdb.com/,CC BY-SA 4.0 (adapted)
medium,Entertainment,"The character White Diamond from Steven Universe, is voiced by who?",Open Trivia DB via leakyhose/open-trivia-dataset @77d8e3cb5c8e264d50220eee75cfe08d233b1910,"The character White Diamond from Steven Universe, is voiced by who?",https://opentdb.com/,CC BY-SA 4.0 (adapted)
medium,Entertainment,"Ikki Kurogane is known by what nickname at the beginning of ""Chivalry of a Failed Knight""?",Open Trivia DB via leakyhose/open-trivia-dataset @77d8e3cb5c8e264d50220eee75cfe08d233b1910,"Ikki Kurogane is known by what nickname at the beginning of ""Chivalry of a Failed Knight""?",https://opentdb.com/,CC BY-SA 4.0 (adapted)
medium,Entertainment,Which Marvel superhero did Chris Evans play prior to his role as Captain America?,Open Trivia DB via leakyhose/open-trivia-dataset @77d8e3cb5c8e264d50220eee75cfe08d233b1910,Which Marvel superhero did Chris Evans play prior to his role as Captain America?,https://opentdb.com/,CC BY-SA 4.0 (adapted)
medium,Entertainment,What is rapper Drake's real name?,Open Trivia DB via leakyhose/open-trivia-dataset @77d8e3cb5c8e264d50220eee75cfe08d233b1910,What is rapper Drake's real name?,https://opentdb.com/,CC BY-SA 4.0 (adapted)
medium,Entertainment,What is the name of the race horse that Tony Soprano becomes attached to?,Open Trivia DB via leakyhose/open-trivia-dataset @77d8e3cb5c8e264d50220eee75cfe08d233b1910,What is the name of the race horse that Tony Soprano becomes attached to?,https://opentdb.com/,CC BY-SA 4.0 (adapted)
medium,Entertainment,Who voiced Finn in Adventure Time?,Open Trivia DB via leakyhose/open-trivia-dataset @77d8e3cb5c8e264d50220eee75cfe08d233b1910,Who voiced Finn in Adventure Time?,https://opentdb.com/,CC BY-SA 4.0 (adapted)
medium,Entertainment,"In Jeff Wayne's Musical Version of War of the Worlds, the chances of anything coming from Mars are...",Open Trivia DB via leakyhose/open-trivia-dataset @77d8e3cb5c8e264d50220eee75cfe08d233b1910,"In Jeff Wayne's Musical Version of War of the Worlds, the chances of anything coming from Mars are...",https://opentdb.com/,CC BY-SA 4.0 (adapted)
medium,Entertainment,In the anime Assassination Classroom what is the class that Korosensei teaches?,Open Trivia DB via leakyhose/open-trivia-dataset @77d8e3cb5c8e264d50220eee75cfe08d233b1910,In the anime Assassination Classroom what is the class that Korosensei teaches?,https://opentdb.com/,CC BY-SA 4.0 (adapted)
medium,Entertainment,"Which director directed the movie ""Pan's Labyrinth""?",Open Trivia DB via leakyhose/open-trivia-dataset @77d8e3cb5c8e264d50220eee75cfe08d233b1910,"Which director directed the movie ""Pan's Labyrinth""?",https://opentdb.com/,CC BY-SA 4.0 (adapted)
medium,Entertainment,What is the last song on the first Panic! At the Disco album?,Open Trivia DB via leakyhose/open-trivia-dataset @77d8e3cb5c8e264d50220eee75cfe08d233b1910,What is the last song on the first Panic! At the Disco album?,https://opentdb.com/,CC BY-SA 4.0 (adapted)
medium,Entertainment,"In ""Spongebob Squarepants,"" what is Mr. Krabs' full name?",Open Trivia DB via leakyhose/open-trivia-dataset @77d8e3cb5c8e264d50220eee75cfe08d233b1910,"In ""Spongebob Squarepants,"" what is Mr. Krabs' full name?",https://opentdb.com/,CC BY-SA 4.0 (adapted)
medium,Entertainment,Who is the character you play as in Yume Nikki?,Open Trivia DB via leakyhose/open-trivia-dataset @77d8e3cb5c8e264d50220eee75cfe08d233b1910,Who is the character you play as in Yume Nikki?,https://opentdb.com/,CC BY-SA 4.0 (adapted)
medium,Entertainment,"In the show ""Fat Albert and the Cosby Kids"", what is the name of the characters' fictional gang?",Open Trivia DB via leakyhose/open-trivia-dataset @77d8e3cb5c8e264d50220eee75cfe08d233b1910,"In the show ""Fat Albert and the Cosby Kids"", what is the name of the characters' fictional gang?",https://opentdb.com/,CC BY-SA 4.0 (adapted)
medium,Entertainment,What was George Bizet's last opera?,Open Trivia DB via leakyhose/open-trivia-dataset @77d8e3cb5c8e264d50220eee75cfe08d233b1910,What was George Bizet's last opera?,https://opentdb.com/,CC BY-SA 4.0 (adapted)
medium,Entertainment,"What is the name of the infamous pachinko machine from ""Kaiji""?",Open Trivia DB via leakyhose/open-trivia-dataset @77d8e3cb5c8e264d50220eee75cfe08d233b1910,"What is the name of the infamous pachinko machine from ""Kaiji""?",https://opentdb.com/,CC BY-SA 4.0 (adapted)
medium,Entertainment,What is the name of the queen's pet in A Bug's Life?,Open Trivia DB via leakyhose/open-trivia-dataset @77d8e3cb5c8e264d50220eee75cfe08d233b1910,What is the name of the queen's pet in A Bug's Life?,https://opentdb.com/,CC BY-SA 4.0 (adapted)
medium,Entertainment,"Which novelty band was best known for their UK chart hits ""Combine Harvester"" and ""I Am a Cider Drinker"" in 1976?",Open Trivia DB via leakyhose/open-trivia-dataset @77d8e3cb5c8e264d50220eee75cfe08d233b1910,"Which novelty band was best known for their UK chart hits ""Combine Harvester"" and ""I Am a Cider Drinker"" in 1976?",https://opentdb.com/,CC BY-SA 4.0 (adapted)
medium,Entertainment,How long was Ken Jennings' win streak on Jeopardy?,Open Trivia DB via leakyhose/open-trivia-dataset @77d8e3cb5c8e264d50220eee75cfe08d233b1910,How long was Ken Jennings' win streak on Jeopardy?,https://opentdb.com/,CC BY-SA 4.0 (adapted)
medium,Entertainment,"In the game series ""The Legend of Zelda"", what was the first 3D game?",Open Trivia DB via leakyhose/open-trivia-dataset @77d8e3cb5c8e264d50220eee75cfe08d233b1910,"In the game series ""The Legend of Zelda"", what was the first 3D game?",https://opentdb.com/,CC BY-SA 4.0 (adapted)
medium,Entertainment,"Who created ""RWBY""?",Open Trivia DB via leakyhose/open-trivia-dataset @77d8e3cb5c8e264d50220eee75cfe08d233b1910,"Who created ""RWBY""?",https://opentdb.com/,CC BY-SA 4.0 (adapted)
medium,Entertainment,The musical Cats is based on poems by which author?,Open Trivia DB via leakyhose/open-trivia-dataset @77d8e3cb5c8e264d50220eee75cfe08d233b1910,"The Andrew Lloyd Webber musical ""Cats"" is based off a book of poems written by which author?",https://opentdb.com/,CC BY-SA 4.0 (adapted)
medium,Entertainment,"In ""JoJo's Bizarre Adventure: Stardust Crusaders"", what is the last name of the protagonist Jotaro?",Open Trivia DB via leakyhose/open-trivia-dataset @77d8e3cb5c8e264d50220eee75cfe08d233b1910,"In ""JoJo's Bizarre Adventure: Stardust Crusaders"", what is the last name of the protagonist Jotaro?",https://opentdb.com/,CC BY-SA 4.0 (adapted)
medium,Entertainment,"What Queen song plays during the final fight scene of the film ""Hardcore Henry""?",Open Trivia DB via leakyhose/open-trivia-dataset @77d8e3cb5c8e264d50220eee75cfe08d233b1910,"What Queen song plays during the final fight scene of the film ""Hardcore Henry""?",https://opentdb.com/,CC BY-SA 4.0 (adapted)
medium,Entertainment,Which European capital city gives its name to a 1981 song by Ultravox?,Open Trivia DB via leakyhose/open-trivia-dataset @77d8e3cb5c8e264d50220eee75cfe08d233b1910,Which European capital city gives its name to a 1981 song by Ultravox?,https://opentdb.com/,CC BY-SA 4.0 (adapted)
medium,Entertainment,Who composed the theme song for The Simpsons?,Open Trivia DB via leakyhose/open-trivia-dataset @77d8e3cb5c8e264d50220eee75cfe08d233b1910,Who composed the theme song for The Simpsons?,https://opentdb.com/,CC BY-SA 4.0 (adapted)
medium,Entertainment,"Bugs Bunny, Tony the Tiger, and other bipedal animal characters are known as what type of character?",Open Trivia DB via leakyhose/open-trivia-dataset @77d8e3cb5c8e264d50220eee75cfe08d233b1910,"Bugs Bunny, Tony the Tiger, and other bipedal animal characters are known as what type of character?",https://opentdb.com/,CC BY-SA 4.0 (adapted)
medium,Entertainment,"What was the reason for the banning of episode 35 of the ""Pokémon Original Series"" Anime?",Open Trivia DB via leakyhose/open-trivia-dataset @77d8e3cb5c8e264d50220eee75cfe08d233b1910,"What was the reason for the banning of episode 35 of the ""Pokémon Original Series"" Anime?",https://opentdb.com/,CC BY-SA 4.0 (adapted)
medium,Entertainment,"Which album by American rapper Kanye West contained songs such as ""Love Lockdown"", ""Paranoid"" and ""Heartless""?",Open Trivia DB via leakyhose/open-trivia-dataset @77d8e3cb5c8e264d50220eee75cfe08d233b1910,"Which album by American rapper Kanye West contained songs such as ""Love Lockdown"", ""Paranoid"" and ""Heartless""?",https://opentdb.com/,CC BY-SA 4.0 (adapted)
medium,Entertainment,"In ""Breaking Bad,"" which main character was planned to be killed in Season 1 but wasn't because the show creator liked the actor?",Open Trivia DB via leakyhose/open-trivia-dataset @77d8e3cb5c8e264d50220eee75cfe08d233b1910,"In ""Breaking Bad,"" which main character was planned to be killed in Season 1 but wasn't because the show creator liked the actor?",https://opentdb.com/,CC BY-SA 4.0 (adapted)
medium,Entertainment,What was the name of the device used by Scarecrow in Batman: Arkham Knight to cover Gotham in fear gas?,Open Trivia DB via leakyhose/open-trivia-dataset @77d8e3cb5c8e264d50220eee75cfe08d233b1910,What was the name of the device used by Scarecrow in Batman: Arkham Knight to cover Gotham in fear gas?,https://opentdb.com/,CC BY-SA 4.0 (adapted)
medium,Entertainment,"In ""The Simpsons"", where did Homer and Marge first meet?",Open Trivia DB via leakyhose/open-trivia-dataset @77d8e3cb5c8e264d50220eee75cfe08d233b1910,"In ""The Simpsons"", where did Homer and Marge first meet?",https://opentdb.com/,CC BY-SA 4.0 (adapted)
medium,Entertainment,"In ""Shakugan no Shana"" what was the Shana usually referred as?",Open Trivia DB via leakyhose/open-trivia-dataset @77d8e3cb5c8e264d50220eee75cfe08d233b1910,"In ""Shakugan no Shana"" what was the Shana usually referred as?",https://opentdb.com/,CC BY-SA 4.0 (adapted)
medium,Entertainment,"Ed Koch, the Mayor of New York in 1984, played himself in which Muppets movie?",Open Trivia DB via leakyhose/open-trivia-dataset @77d8e3cb5c8e264d50220eee75cfe08d233b1910,"Ed Koch, the Mayor of New York in 1984, played himself in which Muppets movie?",https://opentdb.com/,CC BY-SA 4.0 (adapted)
medium,Entertainment,"Which alternative rock band released the critically-acclaimed album ""OK Computer""?",Open Trivia DB via leakyhose/open-trivia-dataset @77d8e3cb5c8e264d50220eee75cfe08d233b1910,"Which alternative rock band released the critically-acclaimed album ""OK Computer""?",https://opentdb.com/,CC BY-SA 4.0 (adapted)
medium,Entertainment,"In ""Star Trek"", what is the Klingon death ritual?",Open Trivia DB via leakyhose/open-trivia-dataset @77d8e3cb5c8e264d50220eee75cfe08d233b1910,"In ""Star Trek"", what is the Klingon death ritual?",https://opentdb.com/,CC BY-SA 4.0 (adapted)
medium,Entertainment,"In the 2000 video game ""Crimson Skies,"" what was the name of the protagonists' zeppelin?",Open Trivia DB via leakyhose/open-trivia-dataset @77d8e3cb5c8e264d50220eee75cfe08d233b1910,"In the 2000 video game ""Crimson Skies,"" what was the name of the protagonists' zeppelin?",https://opentdb.com/,CC BY-SA 4.0 (adapted)
medium,Entertainment,What is Scooby-Doo's real name?,Open Trivia DB via leakyhose/open-trivia-dataset @77d8e3cb5c8e264d50220eee75cfe08d233b1910,What is Scooby-Doo's real name?,https://opentdb.com/,CC BY-SA 4.0 (adapted)
medium,Entertainment,Who directed the 2001 animated film Spirited Away?,Newly authored supplement,Who directed the 2001 animated film Spirited Away?,,Original project / new original content
medium,Entertainment,Who played Neo in The Matrix (1999)?,Newly authored supplement,Who played Neo in The Matrix (1999)?,,Original project / new original content
medium,Entertainment,Which band released the album Rumours in 1977?,Newly authored supplement,Which band released the album Rumours in 1977?,,Original project / new original content
medium,Entertainment,What is the name of the spaceship in Alien (1979)?,Newly authored supplement,What is the name of the spaceship in Alien (1979)?,,Original project / new original content
medium,Entertainment,Who played the title role in the 2000 film Gladiator?,Newly authored supplement,Who played the title role in the 2000 film Gladiator?,,Original project / new original content
medium,History,Which 1919 treaty formally ended the state of war between Germany and the Allied powers?,Original project (edited where needed),Which treaty formally ended World War I?,,Original project / new original content
medium,History,Who was the Soviet leader during the Cuban Missile Crisis?,Original project (edited where needed),Who was the Soviet leader during the Cuban Missile Crisis?,,Original project / new original content
medium,History,The Rosetta Stone was key to deciphering which writing system?,Original project (edited where needed),The Rosetta Stone was key to deciphering which writing system?,,Original project / new original content
medium,History,In what year did the Soviet Union collapse?,Original project (edited where needed),In what year did the Soviet Union collapse?,,Original project / new original content
medium,History,Which empire was ruled by Suleiman the Magnificent?,Original project (edited where needed),Which empire was ruled by Suleiman the Magnificent?,,Original project / new original content
medium,History,Who became the world's first female Prime Minister in 1960?,Original project (edited where needed),Who became the world's first female Prime Minister in 1960?,,Original project / new original content
medium,History,In which year did King John first seal Magna Carta?,Original project (edited where needed),In which year was the Magna Carta signed?,,Original project / new original content
medium,History,Which 1066 battle led to the Norman conquest of England?,Original project (edited where needed),Which 1066 battle led to the Norman conquest of England?,,Original project / new original content
medium,History,"In World War I, what was the name of the alliance of Germany, Austria-Hungary, the Ottoman Empire, and Bulgaria?",Open Trivia DB via leakyhose/open-trivia-dataset @77d8e3cb5c8e264d50220eee75cfe08d233b1910,"In World War I, what was the name of the alliance of Germany, Austria-Hungary, the Ottoman Empire, and Bulgaria?",https://opentdb.com/,CC BY-SA 4.0 (adapted)
medium,History,What was the unofficial name for Germany between 1919 and 1933?,Open Trivia DB via leakyhose/open-trivia-dataset @77d8e3cb5c8e264d50220eee75cfe08d233b1910,What was the unofficial name for Germany between 1919 and 1933?,https://opentdb.com/,CC BY-SA 4.0 (adapted)
medium,History,In what year did Kentucky become the 15th state to join the union?,Open Trivia DB via leakyhose/open-trivia-dataset @77d8e3cb5c8e264d50220eee75cfe08d233b1910,In what year did Kentucky become the 15th state to join the union?,https://opentdb.com/,CC BY-SA 4.0 (adapted)
medium,History,What was the name of the chemical that was dropped on Vietnam during the Vietnam war?,Open Trivia DB via leakyhose/open-trivia-dataset @77d8e3cb5c8e264d50220eee75cfe08d233b1910,What was the name of the chemical that was dropped on Vietnam during the Vietnam war?,https://opentdb.com/,CC BY-SA 4.0 (adapted)
medium,History,"What was the transfer of disease, crops, and people across the Atlantic shortly after the discovery of the Americas called?",Open Trivia DB via leakyhose/open-trivia-dataset @77d8e3cb5c8e264d50220eee75cfe08d233b1910,"What was the transfer of disease, crops, and people across the Atlantic shortly after the discovery of the Americas called?",https://opentdb.com/,CC BY-SA 4.0 (adapted)
medium,History,Which Greek god was the god of the Sun?,Open Trivia DB via leakyhose/open-trivia-dataset @77d8e3cb5c8e264d50220eee75cfe08d233b1910,Which Greek god was the god of the Sun?,https://opentdb.com/,CC BY-SA 4.0 (adapted)
medium,History,In what year was the last natural case of smallpox documented?,Open Trivia DB via leakyhose/open-trivia-dataset @77d8e3cb5c8e264d50220eee75cfe08d233b1910,In what year was the last natural case of smallpox documented?,https://opentdb.com/,CC BY-SA 4.0 (adapted)
medium,History,What year did the Boxing Day earthquake & tsunami occur in the Indian Ocean?,Open Trivia DB via leakyhose/open-trivia-dataset @77d8e3cb5c8e264d50220eee75cfe08d233b1910,What year did the Boxing Day earthquake & tsunami occur in the Indian Ocean?,https://opentdb.com/,CC BY-SA 4.0 (adapted)
medium,History,America's Strategic Defense System during the Cold War was nicknamed after this famous movie.,Open Trivia DB via leakyhose/open-trivia-dataset @77d8e3cb5c8e264d50220eee75cfe08d233b1910,America's Strategic Defense System during the Cold War was nicknamed after this famous movie.,https://opentdb.com/,CC BY-SA 4.0 (adapted)
medium,History,"When Christopher Columbus sailed to America, what was the first region he arrived in?",Open Trivia DB via leakyhose/open-trivia-dataset @77d8e3cb5c8e264d50220eee75cfe08d233b1910,"When Christopher Columbus sailed to America, what was the first region he arrived in?",https://opentdb.com/,CC BY-SA 4.0 (adapted)
medium,History,What were the first states to break away from Yugoslavia?,Open Trivia DB via leakyhose/open-trivia-dataset @77d8e3cb5c8e264d50220eee75cfe08d233b1910,What were the first states to break away from Yugoslavia?,https://opentdb.com/,CC BY-SA 4.0 (adapted)
medium,History,The United States Army Air Corps became the United States Air Force on what date?,Open Trivia DB via leakyhose/open-trivia-dataset @77d8e3cb5c8e264d50220eee75cfe08d233b1910,The United States Army Air Corps became the United States Air Force on what date?,https://opentdb.com/,CC BY-SA 4.0 (adapted)
medium,History,On what day did Germany invade Poland?,Open Trivia DB via leakyhose/open-trivia-dataset @77d8e3cb5c8e264d50220eee75cfe08d233b1910,On what day did Germany invade Poland?,https://opentdb.com/,CC BY-SA 4.0 (adapted)
medium,History,Who was the main developer of the Suez Canal?,Open Trivia DB via leakyhose/open-trivia-dataset @77d8e3cb5c8e264d50220eee75cfe08d233b1910,Who was the main developer of the Suez Canal?,https://opentdb.com/,CC BY-SA 4.0 (adapted)
medium,History,"When did L. L. Zamenhof first publish ""Unua Libro"", the first publication describing his international language Esperanto?",Open Trivia DB via leakyhose/open-trivia-dataset @77d8e3cb5c8e264d50220eee75cfe08d233b1910,"When did L. L. Zamenhof first publish ""Unua Libro"", the first publication describing his international language Esperanto?",https://opentdb.com/,CC BY-SA 4.0 (adapted)
medium,History,Which U.S. President was in office when the Gulf War began?,Open Trivia DB via leakyhose/open-trivia-dataset @77d8e3cb5c8e264d50220eee75cfe08d233b1910,Which U.S. President was in office when the Gulf War began?,https://opentdb.com/,CC BY-SA 4.0 (adapted)
medium,History,What is the mnemonic device for remembering the fates of the wives of Henry VIII?,Open Trivia DB via leakyhose/open-trivia-dataset @77d8e3cb5c8e264d50220eee75cfe08d233b1910,What is the mnemonic device for remembering the fates of the wives of Henry VIII?,https://opentdb.com/,CC BY-SA 4.0 (adapted)
medium,History,Which Roman Emperor led the Roman Empire to reach its maximum territorial extent?,Open Trivia DB via leakyhose/open-trivia-dataset @77d8e3cb5c8e264d50220eee75cfe08d233b1910,Which Roman Emperor led the Roman Empire to reach its maximum territorial extent?,https://opentdb.com/,CC BY-SA 4.0 (adapted)
medium,History,In what year did the North American Video Game Crash occur?,Open Trivia DB via leakyhose/open-trivia-dataset @77d8e3cb5c8e264d50220eee75cfe08d233b1910,In what year did the North American Video Game Crash occur?,https://opentdb.com/,CC BY-SA 4.0 (adapted)
medium,History,In what year was the famous 45 foot tall Hollywood sign first erected?,Open Trivia DB via leakyhose/open-trivia-dataset @77d8e3cb5c8e264d50220eee75cfe08d233b1910,In what year was the famous 45 foot tall Hollywood sign first erected?,https://opentdb.com/,CC BY-SA 4.0 (adapted)
medium,History,How many years did the Hundred Years' War last?,Open Trivia DB via leakyhose/open-trivia-dataset @77d8e3cb5c8e264d50220eee75cfe08d233b1910,How many years did the Hundred Years' War last?,https://opentdb.com/,CC BY-SA 4.0 (adapted)
medium,History,"What happened on June 6, 1944?",Open Trivia DB via leakyhose/open-trivia-dataset @77d8e3cb5c8e264d50220eee75cfe08d233b1910,"What happened on June 6, 1944?",https://opentdb.com/,CC BY-SA 4.0 (adapted)
medium,History,Which Filipino writer of Noli Me Tangere was executed in 1896?,Open Trivia DB via leakyhose/open-trivia-dataset @77d8e3cb5c8e264d50220eee75cfe08d233b1910,What was the name of the national hero of the Philippines who inspired and lead the Philippine Revolution against colonial Spain?,https://opentdb.com/,CC BY-SA 4.0 (adapted)
medium,History,What was the code name for the German invasion of the Soviet Union in WW2?,Open Trivia DB via leakyhose/open-trivia-dataset @77d8e3cb5c8e264d50220eee75cfe08d233b1910,What was the code name for the German invasion of the Soviet Union in WW2?,https://opentdb.com/,CC BY-SA 4.0 (adapted)
medium,History,What was the bloodiest single-day battle during the American Civil War?,Open Trivia DB via leakyhose/open-trivia-dataset @77d8e3cb5c8e264d50220eee75cfe08d233b1910,What was the bloodiest single-day battle during the American Civil War?,https://opentdb.com/,CC BY-SA 4.0 (adapted)
medium,History,"The Tsar Bomba, the most powerful nuclear bomb ever tested, had a yield of 50 megatons but theoretically had a maximum yield of how much?",Open Trivia DB via leakyhose/open-trivia-dataset @77d8e3cb5c8e264d50220eee75cfe08d233b1910,"The Tsar Bomba, the most powerful nuclear bomb ever tested, had a yield of 50 megatons but theoretically had a maximum yield of how much?",https://opentdb.com/,CC BY-SA 4.0 (adapted)
medium,History,What was the name of the planned invasion of Japan towards the end of World War II?,Open Trivia DB via leakyhose/open-trivia-dataset @77d8e3cb5c8e264d50220eee75cfe08d233b1910,What was the name of the planned invasion of Japan towards the end of World War II?,https://opentdb.com/,CC BY-SA 4.0 (adapted)
medium,History,Who assassinated Archduke Franz Ferdinand?,Open Trivia DB via leakyhose/open-trivia-dataset @77d8e3cb5c8e264d50220eee75cfe08d233b1910,Who assassinated Archduke Franz Ferdinand?,https://opentdb.com/,CC BY-SA 4.0 (adapted)
medium,History,What was the capital of South Vietnam before the Vietnam War?,Open Trivia DB via leakyhose/open-trivia-dataset @77d8e3cb5c8e264d50220eee75cfe08d233b1910,What was the capital of South Vietnam before the Vietnam War?,https://opentdb.com/,CC BY-SA 4.0 (adapted)
medium,History,Who was the only US President to be elected four times?,Open Trivia DB via leakyhose/open-trivia-dataset @77d8e3cb5c8e264d50220eee75cfe08d233b1910,Who was the only US President to be elected four times?,https://opentdb.com/,CC BY-SA 4.0 (adapted)
medium,History,Who tutored Alexander the Great?,Open Trivia DB via leakyhose/open-trivia-dataset @77d8e3cb5c8e264d50220eee75cfe08d233b1910,Who tutored Alexander the Great?,https://opentdb.com/,CC BY-SA 4.0 (adapted)
medium,History,Which king was killed at the Battle of Bosworth Field in 1485?,Open Trivia DB via leakyhose/open-trivia-dataset @77d8e3cb5c8e264d50220eee75cfe08d233b1910,Which king was killed at the Battle of Bosworth Field in 1485?,https://opentdb.com/,CC BY-SA 4.0 (adapted)
medium,History,"Which US presidential residence was burned by British troops on August 24, 1814?",Open Trivia DB via leakyhose/open-trivia-dataset @77d8e3cb5c8e264d50220eee75cfe08d233b1910,"Which building was set aflame on August 24th, 1812?",https://opentdb.com/,CC BY-SA 4.0 (adapted)
medium,History,In what year did Neil Armstrong and Buzz Aldrin land on the moon?,Open Trivia DB via leakyhose/open-trivia-dataset @77d8e3cb5c8e264d50220eee75cfe08d233b1910,In what year did Neil Armstrong and Buzz Aldrin land on the moon?,https://opentdb.com/,CC BY-SA 4.0 (adapted)
medium,History,The Panama Canal was finished under the administration of which U.S. president?,Open Trivia DB via leakyhose/open-trivia-dataset @77d8e3cb5c8e264d50220eee75cfe08d233b1910,The Panama Canal was finished under the administration of which U.S. president?,https://opentdb.com/,CC BY-SA 4.0 (adapted)
medium,History,What event marked the start of World War II?,Open Trivia DB via leakyhose/open-trivia-dataset @77d8e3cb5c8e264d50220eee75cfe08d233b1910,What event marked the start of World War II?,https://opentdb.com/,CC BY-SA 4.0 (adapted)
medium,History,When did Norway get its constitution?,Open Trivia DB via leakyhose/open-trivia-dataset @77d8e3cb5c8e264d50220eee75cfe08d233b1910,When did Norway get its constitution?,https://opentdb.com/,CC BY-SA 4.0 (adapted)
medium,History,Where was Portuguese explorer Ferdinand Magellan killed in 1521?,Open Trivia DB via leakyhose/open-trivia-dataset @77d8e3cb5c8e264d50220eee75cfe08d233b1910,Where was Portuguese explorer Ferdinand Magellan killed in 1521?,https://opentdb.com/,CC BY-SA 4.0 (adapted)
medium,History,Who crowned Charlemagne as Holy Roman Emperor on Christmas Day in 800?,Open Trivia DB via leakyhose/open-trivia-dataset @77d8e3cb5c8e264d50220eee75cfe08d233b1910,Who crowned Charlemagne as Holy Roman Emperor on Christmas Day in 800?,https://opentdb.com/,CC BY-SA 4.0 (adapted)
medium,History,"The Fallingwater House, located in Pennsylvania, was designed by which architect?",Open Trivia DB via leakyhose/open-trivia-dataset @77d8e3cb5c8e264d50220eee75cfe08d233b1910,"The Fallingwater House, located in Pennsylvania, was designed by which architect?",https://opentdb.com/,CC BY-SA 4.0 (adapted)
medium,History,What is the name given to the series of confrontations between the UK and Iceland over North Atlantic fishing rights?,Open Trivia DB via leakyhose/open-trivia-dataset @77d8e3cb5c8e264d50220eee75cfe08d233b1910,What is the name given to the series of confrontations between the UK and Iceland over North Atlantic fishing rights?,https://opentdb.com/,CC BY-SA 4.0 (adapted)
medium,History,In what prison was Adolf Hitler held in 1924?,Open Trivia DB via leakyhose/open-trivia-dataset @77d8e3cb5c8e264d50220eee75cfe08d233b1910,In what prison was Adolf Hitler held in 1924?,https://opentdb.com/,CC BY-SA 4.0 (adapted)
medium,History,The seed drill was invented by which British inventor?,Open Trivia DB via leakyhose/open-trivia-dataset @77d8e3cb5c8e264d50220eee75cfe08d233b1910,The seed drill was invented by which British inventor?,https://opentdb.com/,CC BY-SA 4.0 (adapted)
medium,History,"When did the United States formally declare war on Japan, entering World War II?",Open Trivia DB via leakyhose/open-trivia-dataset @77d8e3cb5c8e264d50220eee75cfe08d233b1910,"When did the United States formally declare war on Japan, entering World War II?",https://opentdb.com/,CC BY-SA 4.0 (adapted)
medium,History,When did Jamaica receive its independence from England?,Open Trivia DB via leakyhose/open-trivia-dataset @77d8e3cb5c8e264d50220eee75cfe08d233b1910,When did Jamaica receive its independence from England?,https://opentdb.com/,CC BY-SA 4.0 (adapted)
medium,History,"Which U.S. president took part in the Potsdam Conference, where the Allies reached a peace settlement with Germany?",Open Trivia DB via leakyhose/open-trivia-dataset @77d8e3cb5c8e264d50220eee75cfe08d233b1910,"Which U.S. president took part in the Potsdam Conference, where the Allies reached a peace settlement with Germany?",https://opentdb.com/,CC BY-SA 4.0 (adapted)
medium,History,In what year was the video game company Electronic Arts founded?,Open Trivia DB via leakyhose/open-trivia-dataset @77d8e3cb5c8e264d50220eee75cfe08d233b1910,In what year was the video game company Electronic Arts founded?,https://opentdb.com/,CC BY-SA 4.0 (adapted)
medium,History,Who was the first Chancellor of a united Germany in 1871?,Open Trivia DB via leakyhose/open-trivia-dataset @77d8e3cb5c8e264d50220eee75cfe08d233b1910,Who was the first Chancellor of a united Germany in 1871?,https://opentdb.com/,CC BY-SA 4.0 (adapted)
medium,History,Which U.S. President was famously 'attacked' by a swimming rabbit?,Open Trivia DB via leakyhose/open-trivia-dataset @77d8e3cb5c8e264d50220eee75cfe08d233b1910,Which U.S. President was famously 'attacked' by a swimming rabbit?,https://opentdb.com/,CC BY-SA 4.0 (adapted)
medium,History,The Battle of the Somme in World War I took place in which country?,Open Trivia DB via leakyhose/open-trivia-dataset @77d8e3cb5c8e264d50220eee75cfe08d233b1910,The Battle of the Somme in World War I took place in which country?,https://opentdb.com/,CC BY-SA 4.0 (adapted)
medium,History,How many times was Albert Einstein married in his lifetime?,Open Trivia DB via leakyhose/open-trivia-dataset @77d8e3cb5c8e264d50220eee75cfe08d233b1910,How many times was Albert Einstein married in his lifetime?,https://opentdb.com/,CC BY-SA 4.0 (adapted)
medium,History,When did construction of the Suez Canal finish?,Open Trivia DB via leakyhose/open-trivia-dataset @77d8e3cb5c8e264d50220eee75cfe08d233b1910,When did construction of the Suez Canal finish?,https://opentdb.com/,CC BY-SA 4.0 (adapted)
medium,History,"In 1845, a series of wars named after which indigenous people began in New Zealand?",Open Trivia DB via leakyhose/open-trivia-dataset @77d8e3cb5c8e264d50220eee75cfe08d233b1910,"In 1845, a series of wars named after which indigenous people began in New Zealand?",https://opentdb.com/,CC BY-SA 4.0 (adapted)
medium,History,In what dialogue did Socrates defend himself to the court of Athens?,Open Trivia DB via leakyhose/open-trivia-dataset @77d8e3cb5c8e264d50220eee75cfe08d233b1910,In what dialogue did Socrates defend himself to the court of Athens?,https://opentdb.com/,CC BY-SA 4.0 (adapted)
medium,History,What year did the Battle of Agincourt take place?,Open Trivia DB via leakyhose/open-trivia-dataset @77d8e3cb5c8e264d50220eee75cfe08d233b1910,What year did the Battle of Agincourt take place?,https://opentdb.com/,CC BY-SA 4.0 (adapted)
medium,History,What year did Australia become a federation?,Open Trivia DB via leakyhose/open-trivia-dataset @77d8e3cb5c8e264d50220eee75cfe08d233b1910,What year did Australia become a federation?,https://opentdb.com/,CC BY-SA 4.0 (adapted)
medium,History,Which of his six wives was Henry VIII married to the longest?,Open Trivia DB via leakyhose/open-trivia-dataset @77d8e3cb5c8e264d50220eee75cfe08d233b1910,Which of his six wives was Henry VIII married to the longest?,https://opentdb.com/,CC BY-SA 4.0 (adapted)
medium,History,What was the name of the first permanent English settlement in America?,Open Trivia DB via leakyhose/open-trivia-dataset @77d8e3cb5c8e264d50220eee75cfe08d233b1910,What was the name of the first permanent English settlement in America?,https://opentdb.com/,CC BY-SA 4.0 (adapted)
medium,History,What is the name of the US Navy spy ship which was attacked and captured by North Korean forces in 1968?,Open Trivia DB via leakyhose/open-trivia-dataset @77d8e3cb5c8e264d50220eee75cfe08d233b1910,What is the name of the US Navy spy ship which was attacked and captured by North Korean forces in 1968?,https://opentdb.com/,CC BY-SA 4.0 (adapted)
medium,History,Who was the first president born in the independent United States?,Open Trivia DB via leakyhose/open-trivia-dataset @77d8e3cb5c8e264d50220eee75cfe08d233b1910,Who was the first president born in the independent United States?,https://opentdb.com/,CC BY-SA 4.0 (adapted)
medium,History,The crown of the Empire State Building was originally built for what purpose?,Open Trivia DB via leakyhose/open-trivia-dataset @77d8e3cb5c8e264d50220eee75cfe08d233b1910,The crown of the Empire State Building was originally built for what purpose?,https://opentdb.com/,CC BY-SA 4.0 (adapted)
medium,History,Against which country did the Dutch Republic fight the Eighty Years' War?,Open Trivia DB via leakyhose/open-trivia-dataset @77d8e3cb5c8e264d50220eee75cfe08d233b1910,Against which country did the Dutch Republic fight the Eighty Years' War?,https://opentdb.com/,CC BY-SA 4.0 (adapted)
medium,History,When did the Battle of the Bulge end?,Open Trivia DB via leakyhose/open-trivia-dataset @77d8e3cb5c8e264d50220eee75cfe08d233b1910,When did the Battle of the Bulge end?,https://opentdb.com/,CC BY-SA 4.0 (adapted)
medium,History,How old was Lyndon B. Johnson when he assumed the role of President of the United States?,Open Trivia DB via leakyhose/open-trivia-dataset @77d8e3cb5c8e264d50220eee75cfe08d233b1910,How old was Lyndon B. Johnson when he assumed the role of President of the United States?,https://opentdb.com/,CC BY-SA 4.0 (adapted)
medium,History,"During the Mongolian invasions of Japan, what were the Mongol boats mostly stopped by?",Open Trivia DB via leakyhose/open-trivia-dataset @77d8e3cb5c8e264d50220eee75cfe08d233b1910,"During the Mongolian invasions of Japan, what were the Mongol boats mostly stopped by?",https://opentdb.com/,CC BY-SA 4.0 (adapted)
medium,History,Who was the leader of Sweden in the Great Northern War?,Open Trivia DB via leakyhose/open-trivia-dataset @77d8e3cb5c8e264d50220eee75cfe08d233b1910,Who was the leader of Sweden in the Great Northern War?,https://opentdb.com/,CC BY-SA 4.0 (adapted)
medium,History,Who was the first President of the People's Republic of China?,Open Trivia DB via leakyhose/open-trivia-dataset @77d8e3cb5c8e264d50220eee75cfe08d233b1910,Who was the first President of the People's Republic of China?,https://opentdb.com/,CC BY-SA 4.0 (adapted)
medium,History,When did Vesuvius destroy the city of Pompeii?,Open Trivia DB via leakyhose/open-trivia-dataset @77d8e3cb5c8e264d50220eee75cfe08d233b1910,When did Vesuvius destroy the city of Pompeii?,https://opentdb.com/,CC BY-SA 4.0 (adapted)
medium,History,"When did O, Canada officially become the national anthem?",Open Trivia DB via leakyhose/open-trivia-dataset @77d8e3cb5c8e264d50220eee75cfe08d233b1910,"When did O, Canada officially become the national anthem?",https://opentdb.com/,CC BY-SA 4.0 (adapted)
medium,History,"When was ""The Gadget"", the first nuclear device to be detonated, tested?",Open Trivia DB via leakyhose/open-trivia-dataset @77d8e3cb5c8e264d50220eee75cfe08d233b1910,"When was ""The Gadget"", the first nuclear device to be detonated, tested?",https://opentdb.com/,CC BY-SA 4.0 (adapted)
medium,History,On which day did the attempted coup d'etat of 1991 in the Soviet Union begin?,Open Trivia DB via leakyhose/open-trivia-dataset @77d8e3cb5c8e264d50220eee75cfe08d233b1910,On which day did the attempted coup d'etat of 1991 in the Soviet Union begin?,https://opentdb.com/,CC BY-SA 4.0 (adapted)
medium,History,"Who famously coined the phrase ""I think, therefore I am""?",Open Trivia DB via leakyhose/open-trivia-dataset @77d8e3cb5c8e264d50220eee75cfe08d233b1910,"Who famously coined the phrase ""I think, therefore I am""?",https://opentdb.com/,CC BY-SA 4.0 (adapted)
medium,History,Which state was the first to ratify the US Constitution?,Open Trivia DB via leakyhose/open-trivia-dataset @77d8e3cb5c8e264d50220eee75cfe08d233b1910,What is the oldest US state?,https://opentdb.com/,CC BY-SA 4.0 (adapted)
medium,History,Who was the leader of the Communist Party of Yugoslavia ?,Open Trivia DB via leakyhose/open-trivia-dataset @77d8e3cb5c8e264d50220eee75cfe08d233b1910,Who was the leader of the Communist Party of Yugoslavia ?,https://opentdb.com/,CC BY-SA 4.0 (adapted)
medium,History,"In 1961, an American B-52 aircraft crashed and nearly detonated two 4mt nuclear bombs over which US city?",Open Trivia DB via leakyhose/open-trivia-dataset @77d8e3cb5c8e264d50220eee75cfe08d233b1910,"In 1961, an American B-52 aircraft crashed and nearly detonated two 4mt nuclear bombs over which US city?",https://opentdb.com/,CC BY-SA 4.0 (adapted)
medium,History,Who was the first wife of King Henry VIII?,Open Trivia DB via leakyhose/open-trivia-dataset @77d8e3cb5c8e264d50220eee75cfe08d233b1910,Who was the first wife of King Henry VIII?,https://opentdb.com/,CC BY-SA 4.0 (adapted)
medium,History,In which years did the Battle of Gallipoli take place?,Open Trivia DB via leakyhose/open-trivia-dataset @77d8e3cb5c8e264d50220eee75cfe08d233b1910,In which years did the Battle of Gallipoli take place?,https://opentdb.com/,CC BY-SA 4.0 (adapted)
medium,History,Who completed the first circumnavigation expedition after Magellan's death?,Newly authored supplement,Who completed the first circumnavigation expedition after Magellan's death?,,Original project / new original content
medium,History,Which emperor established China's Qin dynasty?,Newly authored supplement,Which emperor established China's Qin dynasty?,,Original project / new original content
medium,History,Which 1805 naval battle was won by Nelson's fleet?,Newly authored supplement,Which 1805 naval battle was won by Nelson's fleet?,,Original project / new original content
medium,History,What was the name of the secret US-led project to develop atomic bombs during World War II?,Newly authored supplement,What was the name of the secret US-led project to develop atomic bombs during World War II?,,Original project / new original content
medium,History,Which British nurse became known as the Lady with the Lamp?,Newly authored supplement,Which British nurse became known as the Lady with the Lamp?,,Original project / new original content
medium,History,Which empire had Tenochtitlan as its capital?,Newly authored supplement,Which empire had Tenochtitlan as its capital?,,Original project / new original content
medium,History,Which French king was executed in 1793?,Newly authored supplement,Which French king was executed in 1793?,,Original project / new original content
medium,History,Which Polish trade union was led by Lech Walesa in the 1980s?,Newly authored supplement,Which Polish trade union was led by Lech Walesa in the 1980s?,,Original project / new original content
medium,History,Which civilization used cuneiform writing in ancient Mesopotamia?,Newly authored supplement,Which civilization used cuneiform writing in ancient Mesopotamia?,,Original project / new original content
medium,History,Which treaty ended the American Revolutionary War in 1783?,Newly authored supplement,Which treaty ended the American Revolutionary War in 1783?,,Original project / new original content
medium,History,Which reformer is associated with the Ninety-Five Theses of 1517?,Newly authored supplement,Which reformer is associated with the Ninety-Five Theses of 1517?,,Original project / new original content
medium,History,Which US president resigned in August 1974?,Newly authored supplement,Which US president resigned in August 1974?,,Original project / new original content
medium,History,Which English queen was on the throne during the defeat of the Spanish Armada in 1588?,Newly authored supplement,Which English queen was on the throne during the defeat of the Spanish Armada in 1588?,,Original project / new original content
medium,History,Which Russian ruler founded Saint Petersburg?,Newly authored supplement,Which Russian ruler founded Saint Petersburg?,,Original project / new original content
medium,History,Which 1955 conference in Indonesia brought together Asian and African states?,Newly authored supplement,Which 1955 conference in Indonesia brought together Asian and African states?,,Original project / new original content
medium,Art & Literature,Who wrote One Hundred Years of Solitude?,Original project (edited where needed),Who wrote One Hundred Years of Solitude?,,Original project / new original content
medium,Art & Literature,Which movement did Jackson Pollock help define in the 1940s and 1950s?,Original project (edited where needed),Which movement did Jackson Pollock help define in the 1940s and 1950s?,,Original project / new original content
medium,Art & Literature,Who wrote The Brothers Karamazov?,Original project (edited where needed),Who wrote The Brothers Karamazov?,,Original project / new original content
medium,Art & Literature,Which artist cut off part of his own ear in 1888?,Original project (edited where needed),Which artist cut off part of his own ear in 1888?,,Original project / new original content
medium,Art & Literature,"The Metamorphosis, about a man who turns into an insect, was written by whom?",Original project (edited where needed),"The Metamorphosis, about a man who turns into an insect, was written by whom?",,Original project / new original content
medium,Art & Literature,Which Mexican painter is known for her vivid self-portraits and folk style?,Original project (edited where needed),Which Mexican painter is known for her vivid self-portraits and folk style?,,Original project / new original content
medium,Art & Literature,Who wrote the dystopian novel Brave New World?,Original project (edited where needed),Who wrote the dystopian novel Brave New World?,,Original project / new original content
medium,Art & Literature,Which architect designed the Guggenheim Museum in New York?,Original project (edited where needed),Which architect designed the Guggenheim Museum in New York?,,Original project / new original content
medium,Art & Literature,"What is the name of the gang that Ponyboy is a part of in the book, The Outsiders?",Open Trivia DB via leakyhose/open-trivia-dataset @77d8e3cb5c8e264d50220eee75cfe08d233b1910,"What is the name of the gang that Ponyboy is a part of in the book, The Outsiders?",https://opentdb.com/,CC BY-SA 4.0 (adapted)
medium,Art & Literature,Who designed the Chupa Chups logo?,Open Trivia DB via leakyhose/open-trivia-dataset @77d8e3cb5c8e264d50220eee75cfe08d233b1910,Who designed the Chupa Chups logo?,https://opentdb.com/,CC BY-SA 4.0 (adapted)
medium,Art & Literature,"In Greek mythology, Persephone must return to the underworld because she had eaten what kind of seeds?",Open Trivia DB via leakyhose/open-trivia-dataset @77d8e3cb5c8e264d50220eee75cfe08d233b1910,"In Greek mythology, Persephone must return to the underworld because she had eaten what kind of seeds?",https://opentdb.com/,CC BY-SA 4.0 (adapted)
medium,Art & Literature,"In Calvin and Hobbes, what is the name of Susie's stuffed rabbit?",Open Trivia DB via leakyhose/open-trivia-dataset @77d8e3cb5c8e264d50220eee75cfe08d233b1910,"In Calvin and Hobbes, what is the name of Susie's stuffed rabbit?",https://opentdb.com/,CC BY-SA 4.0 (adapted)
medium,Art & Literature,What book series published by Jim Butcher follows a wizard in modern day Chicago?,Open Trivia DB via leakyhose/open-trivia-dataset @77d8e3cb5c8e264d50220eee75cfe08d233b1910,What book series published by Jim Butcher follows a wizard in modern day Chicago?,https://opentdb.com/,CC BY-SA 4.0 (adapted)
medium,Art & Literature,What nationality was the surrealist painter Salvador Dali?,Open Trivia DB via leakyhose/open-trivia-dataset @77d8e3cb5c8e264d50220eee75cfe08d233b1910,What nationality was the surrealist painter Salvador Dali?,https://opentdb.com/,CC BY-SA 4.0 (adapted)
medium,Art & Literature,"According to the Egyptian Myth of Osiris, who murdered Osiris?",Open Trivia DB via leakyhose/open-trivia-dataset @77d8e3cb5c8e264d50220eee75cfe08d233b1910,"According to the Egyptian Myth of Osiris, who murdered Osiris?",https://opentdb.com/,CC BY-SA 4.0 (adapted)
medium,Art & Literature,What otherworldly land does Thor come from?,Open Trivia DB via leakyhose/open-trivia-dataset @77d8e3cb5c8e264d50220eee75cfe08d233b1910,What otherworldly land does Thor come from?,https://opentdb.com/,CC BY-SA 4.0 (adapted)
medium,Art & Literature,Which artist’s studio was known as 'The Factory'?,Open Trivia DB via leakyhose/open-trivia-dataset @77d8e3cb5c8e264d50220eee75cfe08d233b1910,Which artist’s studio was known as 'The Factory'?,https://opentdb.com/,CC BY-SA 4.0 (adapted)
medium,Art & Literature,"In Norse mythology, what do the names of Odin's ravens Huginn and Muninn mean?",Open Trivia DB via leakyhose/open-trivia-dataset @77d8e3cb5c8e264d50220eee75cfe08d233b1910,"The Norse god Odin has two pet crows named ""Huginn"" and ""Muninn"". What do their names mean?",https://opentdb.com/,CC BY-SA 4.0 (adapted)
medium,Art & Literature,What's the weakness of american vampires (Scott Snyder's American Vampire)?,Open Trivia DB via leakyhose/open-trivia-dataset @77d8e3cb5c8e264d50220eee75cfe08d233b1910,What's the weakness of american vampires (Scott Snyder's American Vampire)?,https://opentdb.com/,CC BY-SA 4.0 (adapted)
medium,Art & Literature,"What was the pen name of novelist, Mary Ann Evans?",Open Trivia DB via leakyhose/open-trivia-dataset @77d8e3cb5c8e264d50220eee75cfe08d233b1910,"What was the pen name of novelist, Mary Ann Evans?",https://opentdb.com/,CC BY-SA 4.0 (adapted)
medium,Art & Literature,Which time signature is commonly known as “Cut Time?”,Open Trivia DB via leakyhose/open-trivia-dataset @77d8e3cb5c8e264d50220eee75cfe08d233b1910,Which time signature is commonly known as “Cut Time?”,https://opentdb.com/,CC BY-SA 4.0 (adapted)
medium,Art & Literature,"In Greek Mythology, who killed Achilles?",Open Trivia DB via leakyhose/open-trivia-dataset @77d8e3cb5c8e264d50220eee75cfe08d233b1910,"In Greek Mythology, who killed Achilles?",https://opentdb.com/,CC BY-SA 4.0 (adapted)
medium,Art & Literature,"In Calvin and Hobbes, what is the name of the babysitter's boyfriend?",Open Trivia DB via leakyhose/open-trivia-dataset @77d8e3cb5c8e264d50220eee75cfe08d233b1910,"In Calvin and Hobbes, what is the name of the babysitter's boyfriend?",https://opentdb.com/,CC BY-SA 4.0 (adapted)
medium,Art & Literature,"Who is the author of the series ""Malazan Book of the Fallen""?",Open Trivia DB via leakyhose/open-trivia-dataset @77d8e3cb5c8e264d50220eee75cfe08d233b1910,"Who is the author of the series ""Malazan Book of the Fallen""?",https://opentdb.com/,CC BY-SA 4.0 (adapted)
medium,Art & Literature,Hera is god of...,Open Trivia DB via leakyhose/open-trivia-dataset @77d8e3cb5c8e264d50220eee75cfe08d233b1910,Hera is god of...,https://opentdb.com/,CC BY-SA 4.0 (adapted)
medium,Art & Literature,Who authored The Adventures of Tintin?,Open Trivia DB via leakyhose/open-trivia-dataset @77d8e3cb5c8e264d50220eee75cfe08d233b1910,Who authored The Adventures of Tintin?,https://opentdb.com/,CC BY-SA 4.0 (adapted)
medium,Art & Literature,"In ""The Lord of the Rings,"" who is the owner of Asfaloth, the horse which brings Frodo to Rivendell?",Open Trivia DB via leakyhose/open-trivia-dataset @77d8e3cb5c8e264d50220eee75cfe08d233b1910,"In ""The Lord of the Rings,"" who is the owner of Asfaloth, the horse which brings Frodo to Rivendell?",https://opentdb.com/,CC BY-SA 4.0 (adapted)
medium,Art & Literature,Which artist's style was to use small different colored dots to create a picture?,Open Trivia DB via leakyhose/open-trivia-dataset @77d8e3cb5c8e264d50220eee75cfe08d233b1910,Which artist's style was to use small different colored dots to create a picture?,https://opentdb.com/,CC BY-SA 4.0 (adapted)
medium,Art & Literature,"The Maori hold that which island nation was founded by Kupe, who discovered it under a long white cloud?",Open Trivia DB via leakyhose/open-trivia-dataset @77d8e3cb5c8e264d50220eee75cfe08d233b1910,"The Maori hold that which island nation was founded by Kupe, who discovered it under a long white cloud?",https://opentdb.com/,CC BY-SA 4.0 (adapted)
medium,Art & Literature,What is the name of the main character in the webcomic Gunnerkrigg Court by Tom Siddell?,Open Trivia DB via leakyhose/open-trivia-dataset @77d8e3cb5c8e264d50220eee75cfe08d233b1910,What is the name of the main character in the webcomic Gunnerkrigg Court by Tom Siddell?,https://opentdb.com/,CC BY-SA 4.0 (adapted)
medium,Art & Literature,What were Marcel Duchamp's readymades?,Open Trivia DB via leakyhose/open-trivia-dataset @77d8e3cb5c8e264d50220eee75cfe08d233b1910,What were Marcel Duchamp's readymades?,https://opentdb.com/,CC BY-SA 4.0 (adapted)
medium,Art & Literature,"In African mythology, Anansi is a trickster and storyteller who takes the shape of which animal?",Open Trivia DB via leakyhose/open-trivia-dataset @77d8e3cb5c8e264d50220eee75cfe08d233b1910,"In African mythology, Anansi is a trickster and storyteller who takes the shape of which animal?",https://opentdb.com/,CC BY-SA 4.0 (adapted)
medium,Art & Literature,Who created Ultron of Earth-616?,Open Trivia DB via leakyhose/open-trivia-dataset @77d8e3cb5c8e264d50220eee75cfe08d233b1910,Who created Ultron of Earth-616?,https://opentdb.com/,CC BY-SA 4.0 (adapted)
medium,Art & Literature,Which novel by John Grisham was conceived on a road trip to Florida while thinking about stolen books with his wife?,Open Trivia DB via leakyhose/open-trivia-dataset @77d8e3cb5c8e264d50220eee75cfe08d233b1910,Which novel by John Grisham was conceived on a road trip to Florida while thinking about stolen books with his wife?,https://opentdb.com/,CC BY-SA 4.0 (adapted)
medium,Art & Literature,"According to Norse mythology, the weapon that killed Baldr was made from which plant?",Open Trivia DB via leakyhose/open-trivia-dataset @77d8e3cb5c8e264d50220eee75cfe08d233b1910,"In Norse Mythology, Baldr was killed by Loki with a magical spear made from what plant?",https://opentdb.com/,CC BY-SA 4.0 (adapted)
medium,Art & Literature,"In Calvin and Hobbes, what is the name of the principal at Calvin's school?",Open Trivia DB via leakyhose/open-trivia-dataset @77d8e3cb5c8e264d50220eee75cfe08d233b1910,"In Calvin and Hobbes, what is the name of the principal at Calvin's school?",https://opentdb.com/,CC BY-SA 4.0 (adapted)
medium,Art & Literature,"Who wrote the 1967 horror novel ""Rosemary's Baby""?",Open Trivia DB via leakyhose/open-trivia-dataset @77d8e3cb5c8e264d50220eee75cfe08d233b1910,"Who wrote the 1967 horror novel ""Rosemary's Baby""?",https://opentdb.com/,CC BY-SA 4.0 (adapted)
medium,Art & Literature,"Which greek god/goddess tossed a golden apple with the words ""for the fairest"" into the middle of the feast of the gods?",Open Trivia DB via leakyhose/open-trivia-dataset @77d8e3cb5c8e264d50220eee75cfe08d233b1910,"Which greek god/goddess tossed a golden apple with the words ""for the fairest"" into the middle of the feast of the gods?",https://opentdb.com/,CC BY-SA 4.0 (adapted)
medium,Art & Literature,"Which ""Green Arrow"" sidekick commonly wears a baseball cap?",Open Trivia DB via leakyhose/open-trivia-dataset @77d8e3cb5c8e264d50220eee75cfe08d233b1910,"Which ""Green Arrow"" sidekick commonly wears a baseball cap?",https://opentdb.com/,CC BY-SA 4.0 (adapted)
medium,Art & Literature,Which poet wrote The Ballad of Reading Gaol after his release from prison?,Open Trivia DB via leakyhose/open-trivia-dataset @77d8e3cb5c8e264d50220eee75cfe08d233b1910,"Which poet wrote ""The Ballad of Reading Gaol"" whilst imprisoned for being gay?",https://opentdb.com/,CC BY-SA 4.0 (adapted)
medium,Art & Literature,Neptune's greek name was...,Open Trivia DB via leakyhose/open-trivia-dataset @77d8e3cb5c8e264d50220eee75cfe08d233b1910,Neptune's greek name was...,https://opentdb.com/,CC BY-SA 4.0 (adapted)
medium,Art & Literature,"What is the name of the comic about a young boy, and a tiger who is actually a stuffed animal?",Open Trivia DB via leakyhose/open-trivia-dataset @77d8e3cb5c8e264d50220eee75cfe08d233b1910,"What is the name of the comic about a young boy, and a tiger who is actually a stuffed animal?",https://opentdb.com/,CC BY-SA 4.0 (adapted)
medium,Art & Literature,"In the ""Harry Potter"" novels, what must a Hogwarts student do to enter the Ravenclaw Common Room?",Open Trivia DB via leakyhose/open-trivia-dataset @77d8e3cb5c8e264d50220eee75cfe08d233b1910,"In the ""Harry Potter"" novels, what must a Hogwarts student do to enter the Ravenclaw Common Room?",https://opentdb.com/,CC BY-SA 4.0 (adapted)
medium,Art & Literature,What is the name of the first man in Norse mythology?,Open Trivia DB via leakyhose/open-trivia-dataset @77d8e3cb5c8e264d50220eee75cfe08d233b1910,What is the name of the first human being in Norse mythology?,https://opentdb.com/,CC BY-SA 4.0 (adapted)
medium,Art & Literature,"In Black Hammer, what dimension does Colonel Weird travel through?",Open Trivia DB via leakyhose/open-trivia-dataset @77d8e3cb5c8e264d50220eee75cfe08d233b1910,"In Black Hammer, what dimension does Colonel Weird travel through?",https://opentdb.com/,CC BY-SA 4.0 (adapted)
medium,Art & Literature,"What is the make and model of the tour vehicles in ""Jurassic Park"" (1990)?",Open Trivia DB via leakyhose/open-trivia-dataset @77d8e3cb5c8e264d50220eee75cfe08d233b1910,"What is the make and model of the tour vehicles in ""Jurassic Park"" (1990)?",https://opentdb.com/,CC BY-SA 4.0 (adapted)
medium,Art & Literature,"According to Japanese folklore, what is the favorite food of the Kappa.",Open Trivia DB via leakyhose/open-trivia-dataset @77d8e3cb5c8e264d50220eee75cfe08d233b1910,"According to Japanese folklore, what is the favorite food of the Kappa.",https://opentdb.com/,CC BY-SA 4.0 (adapted)
medium,Art & Literature,Who was the first American Vampire (Scott Snyder's American Vampire)?,Open Trivia DB via leakyhose/open-trivia-dataset @77d8e3cb5c8e264d50220eee75cfe08d233b1910,Who was the first American Vampire (Scott Snyder's American Vampire)?,https://opentdb.com/,CC BY-SA 4.0 (adapted)
medium,Art & Literature,"In the Lord of the Rings, who is the father of the dwarf Gimli?",Open Trivia DB via leakyhose/open-trivia-dataset @77d8e3cb5c8e264d50220eee75cfe08d233b1910,"In the Lord of the Rings, who is the father of the dwarf Gimli?",https://opentdb.com/,CC BY-SA 4.0 (adapted)
medium,Art & Literature,Who was the Roman god of fire?,Open Trivia DB via leakyhose/open-trivia-dataset @77d8e3cb5c8e264d50220eee75cfe08d233b1910,Who was the Roman god of fire?,https://opentdb.com/,CC BY-SA 4.0 (adapted)
medium,Art & Literature,Who is the second Nite Owl in Watchmen?,Open Trivia DB via leakyhose/open-trivia-dataset @77d8e3cb5c8e264d50220eee75cfe08d233b1910,Who is the second person to take up the mantle of Night Owl in the Watchmen graphic novel?,https://opentdb.com/,CC BY-SA 4.0 (adapted)
medium,Art & Literature,"In Rudyard Kipling's ""The Jungle Book"", what type of snake was Kaa?",Open Trivia DB via leakyhose/open-trivia-dataset @77d8e3cb5c8e264d50220eee75cfe08d233b1910,"In Rudyard Kipling's ""The Jungle Book"", what type of snake was Kaa?",https://opentdb.com/,CC BY-SA 4.0 (adapted)
medium,Art & Literature,What is the name of the Greek god of blacksmiths?,Open Trivia DB via leakyhose/open-trivia-dataset @77d8e3cb5c8e264d50220eee75cfe08d233b1910,What is the name of the Greek god of blacksmiths?,https://opentdb.com/,CC BY-SA 4.0 (adapted)
medium,Art & Literature,What is Hellboy's true name?,Open Trivia DB via leakyhose/open-trivia-dataset @77d8e3cb5c8e264d50220eee75cfe08d233b1910,What is Hellboy's true name?,https://opentdb.com/,CC BY-SA 4.0 (adapted)
medium,Art & Literature,What is the fourth book of the Old Testament?,Open Trivia DB via leakyhose/open-trivia-dataset @77d8e3cb5c8e264d50220eee75cfe08d233b1910,What is the fourth book of the Old Testament?,https://opentdb.com/,CC BY-SA 4.0 (adapted)
medium,Art & Literature,What was the name of the first Robin in the Batman comics?,Open Trivia DB via leakyhose/open-trivia-dataset @77d8e3cb5c8e264d50220eee75cfe08d233b1910,What was the name of the first Robin in the Batman comics?,https://opentdb.com/,CC BY-SA 4.0 (adapted)
medium,Art & Literature,"J.K. Rowling completed ""Harry Potter and the Deathly Hallows"" in which hotel in Edinburgh, Scotland?",Open Trivia DB via leakyhose/open-trivia-dataset @77d8e3cb5c8e264d50220eee75cfe08d233b1910,"J.K. Rowling completed ""Harry Potter and the Deathly Hallows"" in which hotel in Edinburgh, Scotland?",https://opentdb.com/,CC BY-SA 4.0 (adapted)
medium,Art & Literature,A minotaur is half human half what?,Open Trivia DB via leakyhose/open-trivia-dataset @77d8e3cb5c8e264d50220eee75cfe08d233b1910,A minotaur is half human half what?,https://opentdb.com/,CC BY-SA 4.0 (adapted)
medium,Art & Literature,"In the Hellboy universe, who founded the BPRD?",Open Trivia DB via leakyhose/open-trivia-dataset @77d8e3cb5c8e264d50220eee75cfe08d233b1910,"In the Hellboy universe, who founded the BPRD?",https://opentdb.com/,CC BY-SA 4.0 (adapted)
medium,Art & Literature,"Where does Stephen King's ""IT"" take place?",Open Trivia DB via leakyhose/open-trivia-dataset @77d8e3cb5c8e264d50220eee75cfe08d233b1910,"Where does Stephen King's ""IT"" take place?",https://opentdb.com/,CC BY-SA 4.0 (adapted)
medium,Art & Literature,Which monstrous wolf is a son of Loki in Norse mythology?,Open Trivia DB via leakyhose/open-trivia-dataset @77d8e3cb5c8e264d50220eee75cfe08d233b1910,Who is the God Loki's son?,https://opentdb.com/,CC BY-SA 4.0 (adapted)
medium,Art & Literature,"In the DC Comics 2016 reboot, Rebirth, which speedster escaped from the Speed Force after he had been erased from existance?",Open Trivia DB via leakyhose/open-trivia-dataset @77d8e3cb5c8e264d50220eee75cfe08d233b1910,"In the DC Comics 2016 reboot, Rebirth, which speedster escaped from the Speed Force after he had been erased from existance?",https://opentdb.com/,CC BY-SA 4.0 (adapted)
medium,Art & Literature,What is the name of Alice's cat in Alice's Adventures in Wonderland?,Open Trivia DB via leakyhose/open-trivia-dataset @77d8e3cb5c8e264d50220eee75cfe08d233b1910,"In Alice in Wonderland, what is the name of Alice's kitten?",https://opentdb.com/,CC BY-SA 4.0 (adapted)
medium,Art & Literature,This Greek mythological figure is the god/goddess of battle strategy (among other things).,Open Trivia DB via leakyhose/open-trivia-dataset @77d8e3cb5c8e264d50220eee75cfe08d233b1910,This Greek mythological figure is the god/goddess of battle strategy (among other things).,https://opentdb.com/,CC BY-SA 4.0 (adapted)
medium,Art & Literature,The stuffed tiger in Calvin and Hobbes is named after what philosopher?,Open Trivia DB via leakyhose/open-trivia-dataset @77d8e3cb5c8e264d50220eee75cfe08d233b1910,The stuffed tiger in Calvin and Hobbes is named after what philosopher?,https://opentdb.com/,CC BY-SA 4.0 (adapted)
medium,Art & Literature,Hel was the daughter of which Norse Mythological figure?,Open Trivia DB via leakyhose/open-trivia-dataset @77d8e3cb5c8e264d50220eee75cfe08d233b1910,Hel was the daughter of which Norse Mythological figure?,https://opentdb.com/,CC BY-SA 4.0 (adapted)
medium,Art & Literature,"In ""Sonic the Hedgehog"" comic, who was the creator of Roboticizer?",Open Trivia DB via leakyhose/open-trivia-dataset @77d8e3cb5c8e264d50220eee75cfe08d233b1910,"In ""Sonic the Hedgehog"" comic, who was the creator of Roboticizer?",https://opentdb.com/,CC BY-SA 4.0 (adapted)
medium,Art & Literature,"What was the last message of the Dolphins in ""The Hitchhiker's Guide to the Galaxy""?",Open Trivia DB via leakyhose/open-trivia-dataset @77d8e3cb5c8e264d50220eee75cfe08d233b1910,"What was the last message of the Dolphins in ""The Hitchhiker's Guide to the Galaxy""?",https://opentdb.com/,CC BY-SA 4.0 (adapted)
medium,Art & Literature,"In Norse Mythology, what is the name of the symbol commonly referred to as the ""Tree of Life""?",Open Trivia DB via leakyhose/open-trivia-dataset @77d8e3cb5c8e264d50220eee75cfe08d233b1910,"In Norse Mythology, what is the name of the symbol commonly referred to as the ""Tree of Life""?",https://opentdb.com/,CC BY-SA 4.0 (adapted)
medium,Art & Literature,"In the comics, which Sonic character took command of the Dark Legion after Luger's assassination?",Open Trivia DB via leakyhose/open-trivia-dataset @77d8e3cb5c8e264d50220eee75cfe08d233b1910,"In the comics, which Sonic character took command of the Dark Legion after Luger's assassination?",https://opentdb.com/,CC BY-SA 4.0 (adapted)
medium,Art & Literature,"Who wrote the children's story ""The Little Match Girl""?",Open Trivia DB via leakyhose/open-trivia-dataset @77d8e3cb5c8e264d50220eee75cfe08d233b1910,"Who wrote the children's story ""The Little Match Girl""?",https://opentdb.com/,CC BY-SA 4.0 (adapted)
medium,Art & Literature,Who is the god of war in Polynesian mythology?,Open Trivia DB via leakyhose/open-trivia-dataset @77d8e3cb5c8e264d50220eee75cfe08d233b1910,Who is the god of war in Polynesian mythology?,https://opentdb.com/,CC BY-SA 4.0 (adapted)
medium,Art & Literature,What's the name of Batman's parents?,Open Trivia DB via leakyhose/open-trivia-dataset @77d8e3cb5c8e264d50220eee75cfe08d233b1910,What's the name of Batman's parents?,https://opentdb.com/,CC BY-SA 4.0 (adapted)
medium,Art & Literature,"According to The Hitchhiker's Guide to the Galaxy book, the answer to life, the universe and everything else is...",Open Trivia DB via leakyhose/open-trivia-dataset @77d8e3cb5c8e264d50220eee75cfe08d233b1910,"According to The Hitchhiker's Guide to the Galaxy book, the answer to life, the universe and everything else is...",https://opentdb.com/,CC BY-SA 4.0 (adapted)
medium,Art & Literature,What is the name of the Greek god of peaceful deaths?,Open Trivia DB via leakyhose/open-trivia-dataset @77d8e3cb5c8e264d50220eee75cfe08d233b1910,What is the name of the Greek god of peaceful deaths?,https://opentdb.com/,CC BY-SA 4.0 (adapted)
medium,Art & Literature,What position does Harry Potter play in Quidditch?,Open Trivia DB via leakyhose/open-trivia-dataset @77d8e3cb5c8e264d50220eee75cfe08d233b1910,What position does Harry Potter play in Quidditch?,https://opentdb.com/,CC BY-SA 4.0 (adapted)
medium,Art & Literature,Who was the inspiration for Cuthbert Calculus in the Tintin series?,Open Trivia DB via leakyhose/open-trivia-dataset @77d8e3cb5c8e264d50220eee75cfe08d233b1910,Who was the inspiration for Cuthbert Calculus in the Tintin series?,https://opentdb.com/,CC BY-SA 4.0 (adapted)
medium,Art & Literature,"The success of DC Comics' Swamp Thing, Sandman, and other books in a similar style, led to the creation of what new imprint in 1993?",Open Trivia DB via leakyhose/open-trivia-dataset @77d8e3cb5c8e264d50220eee75cfe08d233b1910,"The success of DC Comics' Swamp Thing, Sandman, and other books in a similar style, led to the creation of what new imprint in 1993?",https://opentdb.com/,CC BY-SA 4.0 (adapted)
medium,Art & Literature,By what name was the author Eric Blair better known?,Open Trivia DB via leakyhose/open-trivia-dataset @77d8e3cb5c8e264d50220eee75cfe08d233b1910,By what name was the author Eric Blair better known?,https://opentdb.com/,CC BY-SA 4.0 (adapted)
medium,Art & Literature,"What is the real name of the ""Master Of Magnetism"" Magneto?",Open Trivia DB via leakyhose/open-trivia-dataset @77d8e3cb5c8e264d50220eee75cfe08d233b1910,"What is the real name of the ""Master Of Magnetism"" Magneto?",https://opentdb.com/,CC BY-SA 4.0 (adapted)
medium,Art & Literature,"Found in the Marvel Comics fictional universe, what is the name of the nearly indestructible metal that coats Wolverine's bones and claws?",Open Trivia DB via leakyhose/open-trivia-dataset @77d8e3cb5c8e264d50220eee75cfe08d233b1910,"Found in the Marvel Comics fictional universe, what is the name of the nearly indestructible metal that coats Wolverine's bones and claws?",https://opentdb.com/,CC BY-SA 4.0 (adapted)
medium,Art & Literature,"By what nickname is Jack Dawkins known in the Charles Dickens novel, 'Oliver Twist'?",Open Trivia DB via leakyhose/open-trivia-dataset @77d8e3cb5c8e264d50220eee75cfe08d233b1910,"By what nickname is Jack Dawkins known in the Charles Dickens novel, 'Oliver Twist'?",https://opentdb.com/,CC BY-SA 4.0 (adapted)
medium,Art & Literature,"In Pre-Super Genesis universe of ""Sonic the Hedgehog"" comic, what was the name of Sally Acorn's brother?",Open Trivia DB via leakyhose/open-trivia-dataset @77d8e3cb5c8e264d50220eee75cfe08d233b1910,"In Pre-Super Genesis universe of ""Sonic the Hedgehog"" comic, what was the name of Sally Acorn's brother?",https://opentdb.com/,CC BY-SA 4.0 (adapted)
medium,Art & Literature,"What is the name of Eragon's dragon in ""Eragon""?",Open Trivia DB via leakyhose/open-trivia-dataset @77d8e3cb5c8e264d50220eee75cfe08d233b1910,"What is the name of Eragon's dragon in ""Eragon""?",https://opentdb.com/,CC BY-SA 4.0 (adapted)
medium,Art & Literature,"In Marvel Comics, Taurus is the founder and leader of which criminal organization?",Open Trivia DB via leakyhose/open-trivia-dataset @77d8e3cb5c8e264d50220eee75cfe08d233b1910,"In Marvel Comics, Taurus is the founder and leader of which criminal organization?",https://opentdb.com/,CC BY-SA 4.0 (adapted)
medium,Art & Literature,"In the year 1818, novelist Mary Shelly is credited with writing a fiction novel and creating this infamous character.",Open Trivia DB via leakyhose/open-trivia-dataset @77d8e3cb5c8e264d50220eee75cfe08d233b1910,"In the year 1818, novelist Mary Shelly is credited with writing a fiction novel and creating this infamous character.",https://opentdb.com/,CC BY-SA 4.0 (adapted)
medium,Art & Literature,What is Homestuck character Gamzee's last name?,Open Trivia DB via leakyhose/open-trivia-dataset @77d8e3cb5c8e264d50220eee75cfe08d233b1910,What is Homestuck character Gamzee's last name?,https://opentdb.com/,CC BY-SA 4.0 (adapted)
medium,Art & Literature,Which American author was also a budding travel writer and wrote of his adventures with his dog Charley?,Open Trivia DB via leakyhose/open-trivia-dataset @77d8e3cb5c8e264d50220eee75cfe08d233b1910,Which American author was also a budding travel writer and wrote of his adventures with his dog Charley?,https://opentdb.com/,CC BY-SA 4.0 (adapted)
medium,Art & Literature,"Which Doom Patrol member was a later addition, first appearing in 1989?",Open Trivia DB via leakyhose/open-trivia-dataset @77d8e3cb5c8e264d50220eee75cfe08d233b1910,"Which Doom Patrol member was a later addition, first appearing in 1989?",https://opentdb.com/,CC BY-SA 4.0 (adapted)
medium,Art & Literature,"In ""Little Women"", which of the March sisters married Laurie?",Open Trivia DB via leakyhose/open-trivia-dataset @77d8e3cb5c8e264d50220eee75cfe08d233b1910,"In ""Little Women"", which of the March sisters married Laurie?",https://opentdb.com/,CC BY-SA 4.0 (adapted)
medium,Art & Literature,Which Batman sidekick is the son of Talia al Ghul?,Open Trivia DB via leakyhose/open-trivia-dataset @77d8e3cb5c8e264d50220eee75cfe08d233b1910,Which Batman sidekick is the son of Talia al Ghul?,https://opentdb.com/,CC BY-SA 4.0 (adapted)
medium,Art & Literature,"The book ""The Little Prince"" was written by...",Open Trivia DB via leakyhose/open-trivia-dataset @77d8e3cb5c8e264d50220eee75cfe08d233b1910,"The book ""The Little Prince"" was written by...",https://opentdb.com/,CC BY-SA 4.0 (adapted)
medium,Art & Literature,"Who wrote the Batman comic series ""The Killing Joke""?",Open Trivia DB via leakyhose/open-trivia-dataset @77d8e3cb5c8e264d50220eee75cfe08d233b1910,"Who wrote the Batman comic series ""The Killing Joke""?",https://opentdb.com/,CC BY-SA 4.0 (adapted)
medium,Art & Literature,"The book ""Fahrenheit 451"" was written by whom?",Open Trivia DB via leakyhose/open-trivia-dataset @77d8e3cb5c8e264d50220eee75cfe08d233b1910,"The book ""Fahrenheit 451"" was written by whom?",https://opentdb.com/,CC BY-SA 4.0 (adapted)
medium,Art & Literature,Who wrote the novel Rebecca?,Newly authored supplement,Who wrote the novel Rebecca?,,Original project / new original content
medium,Art & Literature,Who painted Girl with a Pearl Earring?,Newly authored supplement,Who painted Girl with a Pearl Earring?,,Original project / new original content
medium,Art & Literature,Who wrote the novel Things Fall Apart?,Newly authored supplement,Who wrote the novel Things Fall Apart?,,Original project / new original content
medium,Art & Literature,What is the term for a painting made on wet plaster?,Newly authored supplement,What is the term for a painting made on wet plaster?,,Original project / new original content
medium,Art & Literature,Who wrote the play Waiting for Godot?,Newly authored supplement,Who wrote the play Waiting for Godot?,,Original project / new original content
medium,Art & Literature,Which Austrian painter created The Kiss?,Newly authored supplement,Which Austrian painter created The Kiss?,,Original project / new original content
medium,Science,What is the most abundant element in the universe?,Original project (edited where needed),What is the most abundant element in the universe?,,Original project / new original content
medium,Science,Which scientist formulated the three laws of motion?,Original project (edited where needed),Which scientist formulated the three laws of motion?,,Original project / new original content
medium,Science,Which type of blood cell carries oxygen around the body?,Original project (edited where needed),Which type of blood cell carries oxygen around the body?,,Original project / new original content
medium,Science,What is the process by which plants make food using sunlight?,Original project (edited where needed),What is the process by which plants make food using sunlight?,,Original project / new original content
medium,Science,Which element has the atomic number 1?,Original project (edited where needed),Which element has the atomic number 1?,,Original project / new original content
medium,Science,What is the name of the force that opposes motion between two surfaces?,Original project (edited where needed),What is the name of the force that opposes motion between two surfaces?,,Original project / new original content
medium,Science,What is the molecule that stores and carries energy in cells?,Original project (edited where needed),What is the molecule that stores and carries energy in cells?,,Original project / new original content
medium,Science,Which planet has the shortest day in the solar system?,Original project (edited where needed),Which planet has the shortest day in the solar system?,,Original project / new original content
medium,Science,What is the half-life of Uranium-235?,Open Trivia DB via leakyhose/open-trivia-dataset @77d8e3cb5c8e264d50220eee75cfe08d233b1910,What is the half-life of Uranium-235?,https://opentdb.com/,CC BY-SA 4.0 (adapted)
medium,Science,"A carnivorous animal eats flesh, what does a nucivorous animal eat?",Open Trivia DB via leakyhose/open-trivia-dataset @77d8e3cb5c8e264d50220eee75cfe08d233b1910,"A carnivorous animal eats flesh, what does a nucivorous animal eat?",https://opentdb.com/,CC BY-SA 4.0 (adapted)
medium,Science,"What does the term MIME stand for, in regards to computing?",Open Trivia DB via leakyhose/open-trivia-dataset @77d8e3cb5c8e264d50220eee75cfe08d233b1910,"What does the term MIME stand for, in regards to computing?",https://opentdb.com/,CC BY-SA 4.0 (adapted)
medium,Science,What shape does sin(x) or cos(x) make on a graph?,Open Trivia DB via leakyhose/open-trivia-dataset @77d8e3cb5c8e264d50220eee75cfe08d233b1910,What shape does sin(x) or cos(x) make on a graph?,https://opentdb.com/,CC BY-SA 4.0 (adapted)
medium,Science,Which company manufactured the iconic TR-808 drum machine?,Open Trivia DB via leakyhose/open-trivia-dataset @77d8e3cb5c8e264d50220eee75cfe08d233b1910,Which company manufactured the iconic TR-808 drum machine?,https://opentdb.com/,CC BY-SA 4.0 (adapted)
medium,Science,The medial meniscus forms which part of what joint in the human body?,Open Trivia DB via leakyhose/open-trivia-dataset @77d8e3cb5c8e264d50220eee75cfe08d233b1910,The medial meniscus forms which part of what joint in the human body?,https://opentdb.com/,CC BY-SA 4.0 (adapted)
medium,Science,What are the scales on all snakes and most lizards are made of?,Open Trivia DB via leakyhose/open-trivia-dataset @77d8e3cb5c8e264d50220eee75cfe08d233b1910,What are the scales on all snakes and most lizards are made of?,https://opentdb.com/,CC BY-SA 4.0 (adapted)
medium,Science,"When was the programming language ""C#"" released?",Open Trivia DB via leakyhose/open-trivia-dataset @77d8e3cb5c8e264d50220eee75cfe08d233b1910,"When was the programming language ""C#"" released?",https://opentdb.com/,CC BY-SA 4.0 (adapted)
medium,Science,"Which desert is the only desert in the world where the ""Saguaro"" cactus grows indigenously?",Open Trivia DB via leakyhose/open-trivia-dataset @77d8e3cb5c8e264d50220eee75cfe08d233b1910,"Which desert is the only desert in the world where the ""Saguaro"" cactus grows indigenously?",https://opentdb.com/,CC BY-SA 4.0 (adapted)
medium,Science,What are rhino's horn made of?,Open Trivia DB via leakyhose/open-trivia-dataset @77d8e3cb5c8e264d50220eee75cfe08d233b1910,What are rhino's horn made of?,https://opentdb.com/,CC BY-SA 4.0 (adapted)
medium,Science,"What are the first 6 digits of the number ""Pi""?",Open Trivia DB via leakyhose/open-trivia-dataset @77d8e3cb5c8e264d50220eee75cfe08d233b1910,"What are the first 6 digits of the number ""Pi""?",https://opentdb.com/,CC BY-SA 4.0 (adapted)
medium,Science,"Which company designed the ""Betamax"" video cassette format?",Open Trivia DB via leakyhose/open-trivia-dataset @77d8e3cb5c8e264d50220eee75cfe08d233b1910,"Which company designed the ""Betamax"" video cassette format?",https://opentdb.com/,CC BY-SA 4.0 (adapted)
medium,Science,Approximately what percentage of Earth's atmosphere is Oxygen?,Open Trivia DB via leakyhose/open-trivia-dataset @77d8e3cb5c8e264d50220eee75cfe08d233b1910,Approximately what percentage of Earth's atmosphere is Oxygen?,https://opentdb.com/,CC BY-SA 4.0 (adapted)
medium,Science,What is the collective noun for bears?,Open Trivia DB via leakyhose/open-trivia-dataset @77d8e3cb5c8e264d50220eee75cfe08d233b1910,What is the collective noun for bears?,https://opentdb.com/,CC BY-SA 4.0 (adapted)
medium,Science,What is the correct term for the metal object in between the CPU and the CPU fan within a computer system?,Open Trivia DB via leakyhose/open-trivia-dataset @77d8e3cb5c8e264d50220eee75cfe08d233b1910,What is the correct term for the metal object in between the CPU and the CPU fan within a computer system?,https://opentdb.com/,CC BY-SA 4.0 (adapted)
medium,Science,What Greek letter is used to signify summation?,Open Trivia DB via leakyhose/open-trivia-dataset @77d8e3cb5c8e264d50220eee75cfe08d233b1910,What Greek letter is used to signify summation?,https://opentdb.com/,CC BY-SA 4.0 (adapted)
medium,Science,What are the base station trackers used for the HTC Vive called?,Open Trivia DB via leakyhose/open-trivia-dataset @77d8e3cb5c8e264d50220eee75cfe08d233b1910,What are the base station trackers used for the HTC Vive called?,https://opentdb.com/,CC BY-SA 4.0 (adapted)
medium,Science,"On the periodic table of elements, what is the symbol for Tin?",Open Trivia DB via leakyhose/open-trivia-dataset @77d8e3cb5c8e264d50220eee75cfe08d233b1910,"On the periodic table of elements, what is the symbol for Tin?",https://opentdb.com/,CC BY-SA 4.0 (adapted)
medium,Science,"What is the scientific name for the ""Polar Bear""?",Open Trivia DB via leakyhose/open-trivia-dataset @77d8e3cb5c8e264d50220eee75cfe08d233b1910,"What is the scientific name for the ""Polar Bear""?",https://opentdb.com/,CC BY-SA 4.0 (adapted)
medium,Science,"Originally used in PCM adapters, what frequency is the standard for sampling audio in the Compact Disc Digital Audio format?",Open Trivia DB via leakyhose/open-trivia-dataset @77d8e3cb5c8e264d50220eee75cfe08d233b1910,"Originally used in PCM adapters, what frequency is the standard for sampling audio in the Compact Disc Digital Audio format?",https://opentdb.com/,CC BY-SA 4.0 (adapted)
medium,Science,"What is the area of a circle with a diameter of 20 inches, using π = 3.1415?",Open Trivia DB via leakyhose/open-trivia-dataset @77d8e3cb5c8e264d50220eee75cfe08d233b1910,What is the area of a circle with a diameter of 20 inches if π= 3.1415?,https://opentdb.com/,CC BY-SA 4.0 (adapted)
medium,Science,"When the Falcon Heavy was launched on it's test flight, what was the only part of the operation that failed?",Open Trivia DB via leakyhose/open-trivia-dataset @77d8e3cb5c8e264d50220eee75cfe08d233b1910,"When the Falcon Heavy was launched on it's test flight, what was the only part of the operation that failed?",https://opentdb.com/,CC BY-SA 4.0 (adapted)
medium,Science,What is the collective noun for rats?,Open Trivia DB via leakyhose/open-trivia-dataset @77d8e3cb5c8e264d50220eee75cfe08d233b1910,What is the collective noun for rats?,https://opentdb.com/,CC BY-SA 4.0 (adapted)
medium,Science,What does the 'S' in the RSA encryption algorithm stand for?,Open Trivia DB via leakyhose/open-trivia-dataset @77d8e3cb5c8e264d50220eee75cfe08d233b1910,What does the 'S' in the RSA encryption algorithm stand for?,https://opentdb.com/,CC BY-SA 4.0 (adapted)
medium,Science,Which mathematician refused the Fields Medal?,Open Trivia DB via leakyhose/open-trivia-dataset @77d8e3cb5c8e264d50220eee75cfe08d233b1910,Which mathematician refused the Fields Medal?,https://opentdb.com/,CC BY-SA 4.0 (adapted)
medium,Science,Which company developed the Hololens?,Open Trivia DB via leakyhose/open-trivia-dataset @77d8e3cb5c8e264d50220eee75cfe08d233b1910,Which company developed the Hololens?,https://opentdb.com/,CC BY-SA 4.0 (adapted)
medium,Science,"What polymer is used to make CDs, safety goggles and riot shields?",Open Trivia DB via leakyhose/open-trivia-dataset @77d8e3cb5c8e264d50220eee75cfe08d233b1910,"What polymer is used to make CDs, safety goggles and riot shields?",https://opentdb.com/,CC BY-SA 4.0 (adapted)
medium,Science,"What does ""hippopotamus"" mean and in what langauge?",Open Trivia DB via leakyhose/open-trivia-dataset @77d8e3cb5c8e264d50220eee75cfe08d233b1910,"What does ""hippopotamus"" mean and in what langauge?",https://opentdb.com/,CC BY-SA 4.0 (adapted)
medium,Science,What does AD stand for in relation to Windows Operating Systems?,Open Trivia DB via leakyhose/open-trivia-dataset @77d8e3cb5c8e264d50220eee75cfe08d233b1910,What does AD stand for in relation to Windows Operating Systems?,https://opentdb.com/,CC BY-SA 4.0 (adapted)
medium,Science,"Counting the top 1 as the first row, what are the numbers in the fifth row of Pascal's triangle?",Open Trivia DB via leakyhose/open-trivia-dataset @77d8e3cb5c8e264d50220eee75cfe08d233b1910,What numbers are in the 5th row of Pascal's Triangle?,https://opentdb.com/,CC BY-SA 4.0 (adapted)
medium,Science,Who patented a steam engine that produced continuous rotary motion?,Open Trivia DB via leakyhose/open-trivia-dataset @77d8e3cb5c8e264d50220eee75cfe08d233b1910,Who patented a steam engine that produced continuous rotary motion?,https://opentdb.com/,CC BY-SA 4.0 (adapted)
medium,Science,Which element has the atomic number of 7?,Open Trivia DB via leakyhose/open-trivia-dataset @77d8e3cb5c8e264d50220eee75cfe08d233b1910,Which element has the atomic number of 7?,https://opentdb.com/,CC BY-SA 4.0 (adapted)
medium,Science,"What does ""LCD"" stand for?",Open Trivia DB via leakyhose/open-trivia-dataset @77d8e3cb5c8e264d50220eee75cfe08d233b1910,"What does ""LCD"" stand for?",https://opentdb.com/,CC BY-SA 4.0 (adapted)
medium,Science,How many zeros are there in a googol?,Open Trivia DB via leakyhose/open-trivia-dataset @77d8e3cb5c8e264d50220eee75cfe08d233b1910,How many zeros are there in a googol?,https://opentdb.com/,CC BY-SA 4.0 (adapted)
medium,Science,"What is the ""Mitsubishi Wakamaru""?",Open Trivia DB via leakyhose/open-trivia-dataset @77d8e3cb5c8e264d50220eee75cfe08d233b1910,"What is the ""Mitsubishi Wakamaru""?",https://opentdb.com/,CC BY-SA 4.0 (adapted)
medium,Science,"The moons, Miranda, Ariel, Umbriel, Titania and Oberon orbit which planet?",Open Trivia DB via leakyhose/open-trivia-dataset @77d8e3cb5c8e264d50220eee75cfe08d233b1910,"The moons, Miranda, Ariel, Umbriel, Titania and Oberon orbit which planet?",https://opentdb.com/,CC BY-SA 4.0 (adapted)
medium,Science,What color/colour is a polar bear's skin?,Open Trivia DB via leakyhose/open-trivia-dataset @77d8e3cb5c8e264d50220eee75cfe08d233b1910,What color/colour is a polar bear's skin?,https://opentdb.com/,CC BY-SA 4.0 (adapted)
medium,Science,"When did the online streaming service ""Mixer"" launch?",Open Trivia DB via leakyhose/open-trivia-dataset @77d8e3cb5c8e264d50220eee75cfe08d233b1910,"When did the online streaming service ""Mixer"" launch?",https://opentdb.com/,CC BY-SA 4.0 (adapted)
medium,Science,What type of function is x²+2x+1?,Open Trivia DB via leakyhose/open-trivia-dataset @77d8e3cb5c8e264d50220eee75cfe08d233b1910,What type of function is x²+2x+1?,https://opentdb.com/,CC BY-SA 4.0 (adapted)
medium,Science,"Mobile hardware and software company ""Blackberry Limited"" was founded in which country?",Open Trivia DB via leakyhose/open-trivia-dataset @77d8e3cb5c8e264d50220eee75cfe08d233b1910,"Mobile hardware and software company ""Blackberry Limited"" was founded in which country?",https://opentdb.com/,CC BY-SA 4.0 (adapted)
medium,Science,What does the yellow diamond on the NFPA 704 fire diamond represent?,Open Trivia DB via leakyhose/open-trivia-dataset @77d8e3cb5c8e264d50220eee75cfe08d233b1910,What does the yellow diamond on the NFPA 704 fire diamond represent?,https://opentdb.com/,CC BY-SA 4.0 (adapted)
medium,Science,What type of animal is a natterjack?,Open Trivia DB via leakyhose/open-trivia-dataset @77d8e3cb5c8e264d50220eee75cfe08d233b1910,What type of animal is a natterjack?,https://opentdb.com/,CC BY-SA 4.0 (adapted)
medium,Science,What was the name given to Android 4.3?,Open Trivia DB via leakyhose/open-trivia-dataset @77d8e3cb5c8e264d50220eee75cfe08d233b1910,What was the name given to Android 4.3?,https://opentdb.com/,CC BY-SA 4.0 (adapted)
medium,Science,In what year was the Oculus Rift revealed to the public through a Kickstarter campaign?,Open Trivia DB via leakyhose/open-trivia-dataset @77d8e3cb5c8e264d50220eee75cfe08d233b1910,In what year was the Oculus Rift revealed to the public through a Kickstarter campaign?,https://opentdb.com/,CC BY-SA 4.0 (adapted)
medium,Science,Cashmere is the wool from which kind of animal?,Open Trivia DB via leakyhose/open-trivia-dataset @77d8e3cb5c8e264d50220eee75cfe08d233b1910,Cashmere is the wool from which kind of animal?,https://opentdb.com/,CC BY-SA 4.0 (adapted)
medium,Science,What does the acronym CDN stand for in terms of networking?,Open Trivia DB via leakyhose/open-trivia-dataset @77d8e3cb5c8e264d50220eee75cfe08d233b1910,What does the acronym CDN stand for in terms of networking?,https://opentdb.com/,CC BY-SA 4.0 (adapted)
medium,Science,What is the first Mersenne prime exponent over 1000?,Open Trivia DB via leakyhose/open-trivia-dataset @77d8e3cb5c8e264d50220eee75cfe08d233b1910,What is the first Mersenne prime exponent over 1000?,https://opentdb.com/,CC BY-SA 4.0 (adapted)
medium,Science,What is the lowest layer of the Earth's atmosphere named?,Open Trivia DB via leakyhose/open-trivia-dataset @77d8e3cb5c8e264d50220eee75cfe08d233b1910,What is the lowest layer of the Earth's atmosphere named?,https://opentdb.com/,CC BY-SA 4.0 (adapted)
medium,Science,What is the common term for bovine spongiform encephalopathy (BSE)?,Open Trivia DB via leakyhose/open-trivia-dataset @77d8e3cb5c8e264d50220eee75cfe08d233b1910,What is the common term for bovine spongiform encephalopathy (BSE)?,https://opentdb.com/,CC BY-SA 4.0 (adapted)
medium,Science,"In computing terms, typically what does CLI stand for?",Open Trivia DB via leakyhose/open-trivia-dataset @77d8e3cb5c8e264d50220eee75cfe08d233b1910,"In computing terms, typically what does CLI stand for?",https://opentdb.com/,CC BY-SA 4.0 (adapted)
medium,Science,"The humerus, paired radius, and ulna come together to form what joint?",Open Trivia DB via leakyhose/open-trivia-dataset @77d8e3cb5c8e264d50220eee75cfe08d233b1910,"The humerus, paired radius, and ulna come together to form what joint?",https://opentdb.com/,CC BY-SA 4.0 (adapted)
medium,Science,What five letter word is the motto of the IBM Computer company?,Open Trivia DB via leakyhose/open-trivia-dataset @77d8e3cb5c8e264d50220eee75cfe08d233b1910,What five letter word is the motto of the IBM Computer company?,https://opentdb.com/,CC BY-SA 4.0 (adapted)
medium,Science,What is the derivative of sin(x),Open Trivia DB via leakyhose/open-trivia-dataset @77d8e3cb5c8e264d50220eee75cfe08d233b1910,What is the derivative of sin(x),https://opentdb.com/,CC BY-SA 4.0 (adapted)
medium,Science,What is the study of the cells and tissues of plants and animals?,Open Trivia DB via leakyhose/open-trivia-dataset @77d8e3cb5c8e264d50220eee75cfe08d233b1910,What is the study of the cells and tissues of plants and animals?,https://opentdb.com/,CC BY-SA 4.0 (adapted)
medium,Science,What is the scientific name of the Common Chimpanzee?,Open Trivia DB via leakyhose/open-trivia-dataset @77d8e3cb5c8e264d50220eee75cfe08d233b1910,What is the scientific name of the Common Chimpanzee?,https://opentdb.com/,CC BY-SA 4.0 (adapted)
medium,Science,On which computer hardware device is the BIOS chip located?,Open Trivia DB via leakyhose/open-trivia-dataset @77d8e3cb5c8e264d50220eee75cfe08d233b1910,On which computer hardware device is the BIOS chip located?,https://opentdb.com/,CC BY-SA 4.0 (adapted)
medium,Science,At what temperature does temp in °C equal temp in °F?,Open Trivia DB via leakyhose/open-trivia-dataset @77d8e3cb5c8e264d50220eee75cfe08d233b1910,At what temperature does temp in °C equal temp in °F?,https://opentdb.com/,CC BY-SA 4.0 (adapted)
medium,Science,Which chemical element has the lowest boiling point?,Open Trivia DB via leakyhose/open-trivia-dataset @77d8e3cb5c8e264d50220eee75cfe08d233b1910,Which chemical element has the lowest boiling point?,https://opentdb.com/,CC BY-SA 4.0 (adapted)
medium,Science,Which animal was part of an Russian domestication experiment in 1959?,Open Trivia DB via leakyhose/open-trivia-dataset @77d8e3cb5c8e264d50220eee75cfe08d233b1910,Which animal was part of an Russian domestication experiment in 1959?,https://opentdb.com/,CC BY-SA 4.0 (adapted)
medium,Science,Moore's law originally stated that the number of transistors on a microprocessor chip would double every...,Open Trivia DB via leakyhose/open-trivia-dataset @77d8e3cb5c8e264d50220eee75cfe08d233b1910,Moore's law originally stated that the number of transistors on a microprocessor chip would double every...,https://opentdb.com/,CC BY-SA 4.0 (adapted)
medium,Science,"Where did the Great Storm of 1987 make landfall at, first?",Open Trivia DB via leakyhose/open-trivia-dataset @77d8e3cb5c8e264d50220eee75cfe08d233b1910,"Where did the Great Storm of 1987 make landfall at, first?",https://opentdb.com/,CC BY-SA 4.0 (adapted)
medium,Science,What is the world's longest venomous snake?,Open Trivia DB via leakyhose/open-trivia-dataset @77d8e3cb5c8e264d50220eee75cfe08d233b1910,What is the world's longest venomous snake?,https://opentdb.com/,CC BY-SA 4.0 (adapted)
medium,Science,"Which greek mathematician ran through the streets of Syracuse naked while shouting ""Eureka"" after discovering the principle of displacement?",Open Trivia DB via leakyhose/open-trivia-dataset @77d8e3cb5c8e264d50220eee75cfe08d233b1910,"Which greek mathematician ran through the streets of Syracuse naked while shouting ""Eureka"" after discovering the principle of displacement?",https://opentdb.com/,CC BY-SA 4.0 (adapted)
medium,Science,What is the name of the family that the domestic cat is a member of?,Open Trivia DB via leakyhose/open-trivia-dataset @77d8e3cb5c8e264d50220eee75cfe08d233b1910,What is the name of the family that the domestic cat is a member of?,https://opentdb.com/,CC BY-SA 4.0 (adapted)
medium,Science,How many cores does the Intel i7-6950X have?,Open Trivia DB via leakyhose/open-trivia-dataset @77d8e3cb5c8e264d50220eee75cfe08d233b1910,How many cores does the Intel i7-6950X have?,https://opentdb.com/,CC BY-SA 4.0 (adapted)
medium,Science,How many books are in Euclid's Elements of Geometry?,Open Trivia DB via leakyhose/open-trivia-dataset @77d8e3cb5c8e264d50220eee75cfe08d233b1910,How many books are in Euclid's Elements of Geometry?,https://opentdb.com/,CC BY-SA 4.0 (adapted)
medium,Science,What colour is deoxygenated human blood?,Open Trivia DB via leakyhose/open-trivia-dataset @77d8e3cb5c8e264d50220eee75cfe08d233b1910,What is the colour of unoxidized blood?,https://opentdb.com/,CC BY-SA 4.0 (adapted)
medium,Science,"The dish Fugu, is made from what family of fish?",Open Trivia DB via leakyhose/open-trivia-dataset @77d8e3cb5c8e264d50220eee75cfe08d233b1910,"The dish Fugu, is made from what family of fish?",https://opentdb.com/,CC BY-SA 4.0 (adapted)
medium,Science,"While Apple was formed in California, in which western state was Microsoft founded?",Open Trivia DB via leakyhose/open-trivia-dataset @77d8e3cb5c8e264d50220eee75cfe08d233b1910,"While Apple was formed in California, in which western state was Microsoft founded?",https://opentdb.com/,CC BY-SA 4.0 (adapted)
medium,Science,"In the complex plane, multiplying a given function by i rotates it anti-clockwise by how many degrees?",Open Trivia DB via leakyhose/open-trivia-dataset @77d8e3cb5c8e264d50220eee75cfe08d233b1910,"In the complex plane, multiplying a given function by i rotates it anti-clockwise by how many degrees?",https://opentdb.com/,CC BY-SA 4.0 (adapted)
medium,Science,What is the unit of electrical capacitance?,Open Trivia DB via leakyhose/open-trivia-dataset @77d8e3cb5c8e264d50220eee75cfe08d233b1910,What is the unit of electrical capacitance?,https://opentdb.com/,CC BY-SA 4.0 (adapted)
medium,Science,What is the name for a male bee that comes from an unfertilized egg?,Open Trivia DB via leakyhose/open-trivia-dataset @77d8e3cb5c8e264d50220eee75cfe08d233b1910,What is the name for a male bee that comes from an unfertilized egg?,https://opentdb.com/,CC BY-SA 4.0 (adapted)
medium,Science,"The computer OEM manufacturer Clevo, known for its Sager notebook line, is based in which country?",Open Trivia DB via leakyhose/open-trivia-dataset @77d8e3cb5c8e264d50220eee75cfe08d233b1910,"The computer OEM manufacturer Clevo, known for its Sager notebook line, is based in which country?",https://opentdb.com/,CC BY-SA 4.0 (adapted)
medium,Science,"In the hexadecimal system, what number comes after 9?",Open Trivia DB via leakyhose/open-trivia-dataset @77d8e3cb5c8e264d50220eee75cfe08d233b1910,"In the hexadecimal system, what number comes after 9?",https://opentdb.com/,CC BY-SA 4.0 (adapted)
medium,Science,Which need sits at the top of the classic five-level version of Maslow's hierarchy?,Open Trivia DB via leakyhose/open-trivia-dataset @77d8e3cb5c8e264d50220eee75cfe08d233b1910,"In Psychology, which need appears highest in the ""Maslow's hierarchy of needs"" pyramid?",https://opentdb.com/,CC BY-SA 4.0 (adapted)
medium,Science,Which bird reaches exceptionally high speeds in a hunting dive called a stoop?,Open Trivia DB via leakyhose/open-trivia-dataset @77d8e3cb5c8e264d50220eee75cfe08d233b1910,What is the fastest animal?,https://opentdb.com/,CC BY-SA 4.0 (adapted)
medium,Science,Which programming language was developed by Sun Microsystems in 1995?,Open Trivia DB via leakyhose/open-trivia-dataset @77d8e3cb5c8e264d50220eee75cfe08d233b1910,Which programming language was developed by Sun Microsystems in 1995?,https://opentdb.com/,CC BY-SA 4.0 (adapted)
medium,Science,Deuterium is an isotope of which element?,Open Trivia DB via leakyhose/open-trivia-dataset @77d8e3cb5c8e264d50220eee75cfe08d233b1910,Deuterium is an isotope of which element?,https://opentdb.com/,CC BY-SA 4.0 (adapted)
medium,Science,Which internet company began life as an online bookstore called 'Cadabra'?,Open Trivia DB via leakyhose/open-trivia-dataset @77d8e3cb5c8e264d50220eee75cfe08d233b1910,Which internet company began life as an online bookstore called 'Cadabra'?,https://opentdb.com/,CC BY-SA 4.0 (adapted)
medium,Science,What is the main CPU is the Sega Mega Drive / Sega Genesis?,Open Trivia DB via leakyhose/open-trivia-dataset @77d8e3cb5c8e264d50220eee75cfe08d233b1910,What is the main CPU is the Sega Mega Drive / Sega Genesis?,https://opentdb.com/,CC BY-SA 4.0 (adapted)
medium,Science,In the server hosting industry IaaS stands for...,Open Trivia DB via leakyhose/open-trivia-dataset @77d8e3cb5c8e264d50220eee75cfe08d233b1910,In the server hosting industry IaaS stands for...,https://opentdb.com/,CC BY-SA 4.0 (adapted)
medium,Science,Myopia is the scientific term for which condition?,Open Trivia DB via leakyhose/open-trivia-dataset @77d8e3cb5c8e264d50220eee75cfe08d233b1910,Myopia is the scientific term for which condition?,https://opentdb.com/,CC BY-SA 4.0 (adapted)
medium,Science,What does the term GPU stand for?,Open Trivia DB via leakyhose/open-trivia-dataset @77d8e3cb5c8e264d50220eee75cfe08d233b1910,What does the term GPU stand for?,https://opentdb.com/,CC BY-SA 4.0 (adapted)
medium,Science,"In aeronautics, flaps and slats are used to control what on an aircraft?",Open Trivia DB via leakyhose/open-trivia-dataset @77d8e3cb5c8e264d50220eee75cfe08d233b1910,"In aeronautics, flaps and slats are used to control what on an aircraft?",https://opentdb.com/,CC BY-SA 4.0 (adapted)
medium,Science,What is the SI unit of force?,Newly authored supplement,What is the SI unit of force?,,Original project / new original content
medium,Science,Which part of a plant cell contains chlorophyll?,Newly authored supplement,Which part of a plant cell contains chlorophyll?,,Original project / new original content
medium,Science,What is the chemical symbol for potassium?,Newly authored supplement,What is the chemical symbol for potassium?,,Original project / new original content
medium,Science,What is the name of the process in which a solid changes directly into a gas?,Newly authored supplement,What is the name of the process in which a solid changes directly into a gas?,,Original project / new original content
medium,Science,Which blood protein binds and transports oxygen?,Newly authored supplement,Which blood protein binds and transports oxygen?,,Original project / new original content
medium,Science,What is the largest artery in the human body?,Newly authored supplement,What is the largest artery in the human body?,,Original project / new original content
medium,Science,What is the name for a substance that speeds up a reaction without being consumed overall?,Newly authored supplement,What is the name for a substance that speeds up a reaction without being consumed overall?,,Original project / new original content
medium,Science,What is the smallest prime number?,Newly authored supplement,What is the smallest prime number?,,Original project / new original content
medium,Sports & Leisure,Which country hosted the first modern Olympic Games in 1896?,Original project (edited where needed),Which country hosted the first modern Olympic Games in 1896?,,Original project / new original content
medium,Sports & Leisure,"In Formula 1, which flag signals the end of a race?",Original project (edited where needed),"In Formula 1, which flag signals the end of a race?",,Original project / new original content
medium,Sports & Leisure,How many players are on a cricket team?,Original project (edited where needed),How many players are on a cricket team?,,Original project / new original content
medium,Sports & Leisure,Which male tennis player won his 24th Grand Slam singles title at the 2023 US Open?,Original project (edited where needed),Which male tennis player has won the most Grand Slam singles titles?,,Original project / new original content
medium,Sports & Leisure,"In which sport would you use a foil, epee, or sabre?",Original project (edited where needed),"In which sport would you use a foil, epee, or sabre?",,Original project / new original content
medium,Sports & Leisure,The Ryder Cup is contested in which sport?,Original project (edited where needed),The Ryder Cup is contested in which sport?,,Original project / new original content
medium,Sports & Leisure,How long is an Olympic swimming pool?,Original project (edited where needed),How long is an Olympic swimming pool?,,Original project / new original content
medium,Sports & Leisure,Which NBA player is nicknamed The King?,Original project (edited where needed),Which NBA player is nicknamed The King?,,Original project / new original content
medium,Sports & Leisure,Why was The Green Monster at Fenway Park was originally built?,Open Trivia DB via leakyhose/open-trivia-dataset @77d8e3cb5c8e264d50220eee75cfe08d233b1910,Why was The Green Monster at Fenway Park was originally built?,https://opentdb.com/,CC BY-SA 4.0 (adapted)
medium,Sports & Leisure,"In poker, ""EV"" means what?",Open Trivia DB via leakyhose/open-trivia-dataset @77d8e3cb5c8e264d50220eee75cfe08d233b1910,"In poker, ""EV"" means what?",https://opentdb.com/,CC BY-SA 4.0 (adapted)
medium,Sports & Leisure,Which car manufacturer won the 2016 24 Hours of Le Mans?,Open Trivia DB via leakyhose/open-trivia-dataset @77d8e3cb5c8e264d50220eee75cfe08d233b1910,Which car manufacturer won the 2016 24 Hours of Le Mans?,https://opentdb.com/,CC BY-SA 4.0 (adapted)
medium,Sports & Leisure,What year was hockey legend Wayne Gretzky born?,Open Trivia DB via leakyhose/open-trivia-dataset @77d8e3cb5c8e264d50220eee75cfe08d233b1910,What year was hockey legend Wayne Gretzky born?,https://opentdb.com/,CC BY-SA 4.0 (adapted)
medium,Sports & Leisure,"In Chess, the Queen has the combined movement of which two pieces?",Open Trivia DB via leakyhose/open-trivia-dataset @77d8e3cb5c8e264d50220eee75cfe08d233b1910,"In Chess, the Queen has the combined movement of which two pieces?",https://opentdb.com/,CC BY-SA 4.0 (adapted)
medium,Sports & Leisure,Which German sportswear company's logo is the 'Formstripe'?,Open Trivia DB via leakyhose/open-trivia-dataset @77d8e3cb5c8e264d50220eee75cfe08d233b1910,Which German sportswear company's logo is the 'Formstripe'?,https://opentdb.com/,CC BY-SA 4.0 (adapted)
medium,Sports & Leisure,Who is the main character in the VHS tape included in the board game Nightmare?,Open Trivia DB via leakyhose/open-trivia-dataset @77d8e3cb5c8e264d50220eee75cfe08d233b1910,Who is the main character in the VHS tape included in the board game Nightmare?,https://opentdb.com/,CC BY-SA 4.0 (adapted)
medium,Sports & Leisure,Which portuguese island is soccer player Cristiano Ronaldo from?,Open Trivia DB via leakyhose/open-trivia-dataset @77d8e3cb5c8e264d50220eee75cfe08d233b1910,Which portuguese island is soccer player Cristiano Ronaldo from?,https://opentdb.com/,CC BY-SA 4.0 (adapted)
medium,Sports & Leisure,"In Yu-Gi-Oh, how does a player perform an Xyz Summon?",Open Trivia DB via leakyhose/open-trivia-dataset @77d8e3cb5c8e264d50220eee75cfe08d233b1910,"In Yu-Gi-Oh, how does a player perform an Xyz Summon?",https://opentdb.com/,CC BY-SA 4.0 (adapted)
medium,Sports & Leisure,Which Formula 1 driver switched teams in the middle of the 2017 season?,Open Trivia DB via leakyhose/open-trivia-dataset @77d8e3cb5c8e264d50220eee75cfe08d233b1910,Which Formula 1 driver switched teams in the middle of the 2017 season?,https://opentdb.com/,CC BY-SA 4.0 (adapted)
medium,Sports & Leisure,"In English-language Scrabble, how many points is the Z tile worth?",Open Trivia DB via leakyhose/open-trivia-dataset @77d8e3cb5c8e264d50220eee75cfe08d233b1910,How many points is the Z tile worth in Scrabble?,https://opentdb.com/,CC BY-SA 4.0 (adapted)
medium,Sports & Leisure,"The board game, Nightmare was released in what year?",Open Trivia DB via leakyhose/open-trivia-dataset @77d8e3cb5c8e264d50220eee75cfe08d233b1910,"The board game, Nightmare was released in what year?",https://opentdb.com/,CC BY-SA 4.0 (adapted)
medium,Sports & Leisure,How many scoring zones are there on a conventional dart board?,Open Trivia DB via leakyhose/open-trivia-dataset @77d8e3cb5c8e264d50220eee75cfe08d233b1910,How many scoring zones are there on a conventional dart board?,https://opentdb.com/,CC BY-SA 4.0 (adapted)
medium,Sports & Leisure,Who was world chess champion between 1894 and 1921,Open Trivia DB via leakyhose/open-trivia-dataset @77d8e3cb5c8e264d50220eee75cfe08d233b1910,Who was world chess champion between 1894 and 1921,https://opentdb.com/,CC BY-SA 4.0 (adapted)
medium,Sports & Leisure,At which bridge does the annual Oxford and Cambridge boat race start?,Open Trivia DB via leakyhose/open-trivia-dataset @77d8e3cb5c8e264d50220eee75cfe08d233b1910,At which bridge does the annual Oxford and Cambridge boat race start?,https://opentdb.com/,CC BY-SA 4.0 (adapted)
medium,Sports & Leisure,Europa Universalis is a strategy video game based on which French board game?,Open Trivia DB via leakyhose/open-trivia-dataset @77d8e3cb5c8e264d50220eee75cfe08d233b1910,Europa Universalis is a strategy video game based on which French board game?,https://opentdb.com/,CC BY-SA 4.0 (adapted)
medium,Sports & Leisure,Which team was the 2014-2015 NBA Champions?,Open Trivia DB via leakyhose/open-trivia-dataset @77d8e3cb5c8e264d50220eee75cfe08d233b1910,Which team was the 2014-2015 NBA Champions?,https://opentdb.com/,CC BY-SA 4.0 (adapted)
medium,Sports & Leisure,"The song ""Three Lions"" by the Lightning Seeds was made for which major football event in 1996?",Open Trivia DB via leakyhose/open-trivia-dataset @77d8e3cb5c8e264d50220eee75cfe08d233b1910,"The song ""Three Lions"" by the Lightning Seeds was made for which major football event in 1996?",https://opentdb.com/,CC BY-SA 4.0 (adapted)
medium,Sports & Leisure,"What type is ""Magic Drain"" in Yugioh! Trading Card Game?",Open Trivia DB via leakyhose/open-trivia-dataset @77d8e3cb5c8e264d50220eee75cfe08d233b1910,"What type is ""Magic Drain"" in Yugioh! Trading Card Game?",https://opentdb.com/,CC BY-SA 4.0 (adapted)
medium,Sports & Leisure,What is the highest belt you can get in Taekwondo?,Open Trivia DB via leakyhose/open-trivia-dataset @77d8e3cb5c8e264d50220eee75cfe08d233b1910,What is the highest belt you can get in Taekwondo?,https://opentdb.com/,CC BY-SA 4.0 (adapted)
medium,Sports & Leisure,Who was the first official world chess champion?,Open Trivia DB via leakyhose/open-trivia-dataset @77d8e3cb5c8e264d50220eee75cfe08d233b1910,Who was the first official world chess champion?,https://opentdb.com/,CC BY-SA 4.0 (adapted)
medium,Sports & Leisure,Which soccer team won the Copa América Centenario 2016?,Open Trivia DB via leakyhose/open-trivia-dataset @77d8e3cb5c8e264d50220eee75cfe08d233b1910,Which soccer team won the Copa América Centenario 2016?,https://opentdb.com/,CC BY-SA 4.0 (adapted)
medium,Sports & Leisure,"In ""Magic: The Gathering"", during the design for Planar Chaos, what color did the developers think of adding in as the sixth color?",Open Trivia DB via leakyhose/open-trivia-dataset @77d8e3cb5c8e264d50220eee75cfe08d233b1910,"In ""Magic: The Gathering"", during the design for Planar Chaos, what color did the developers think of adding in as the sixth color?",https://opentdb.com/,CC BY-SA 4.0 (adapted)
medium,Sports & Leisure,"In a game of snooker, what colour ball is worth 3 points?",Open Trivia DB via leakyhose/open-trivia-dataset @77d8e3cb5c8e264d50220eee75cfe08d233b1910,"In a game of snooker, what colour ball is worth 3 points?",https://opentdb.com/,CC BY-SA 4.0 (adapted)
medium,Sports & Leisure,In what year was the card game Magic: the Gathering first introduced?,Open Trivia DB via leakyhose/open-trivia-dataset @77d8e3cb5c8e264d50220eee75cfe08d233b1910,In what year was the card game Magic: the Gathering first introduced?,https://opentdb.com/,CC BY-SA 4.0 (adapted)
medium,Sports & Leisure,The F1 season of 1994 is remembered for what tragic event?,Open Trivia DB via leakyhose/open-trivia-dataset @77d8e3cb5c8e264d50220eee75cfe08d233b1910,The F1 season of 1994 is remembered for what tragic event?,https://opentdb.com/,CC BY-SA 4.0 (adapted)
medium,Sports & Leisure,"At the start of a standard game of the Monopoly, if you throw a double six, which square would you land on?",Open Trivia DB via leakyhose/open-trivia-dataset @77d8e3cb5c8e264d50220eee75cfe08d233b1910,"At the start of a standard game of the Monopoly, if you throw a double six, which square would you land on?",https://opentdb.com/,CC BY-SA 4.0 (adapted)
medium,Sports & Leisure,About how many Slinkys were sold in their first 60 years (from 1945 to 2005)?,Open Trivia DB via leakyhose/open-trivia-dataset @77d8e3cb5c8e264d50220eee75cfe08d233b1910,About how many Slinkys were sold in their first 60 years (from 1945 to 2005)?,https://opentdb.com/,CC BY-SA 4.0 (adapted)
medium,Sports & Leisure,What happens when you roll 3 doubles in a row in Monopoly?,Open Trivia DB via leakyhose/open-trivia-dataset @77d8e3cb5c8e264d50220eee75cfe08d233b1910,What happens when you roll 3 doubles in a row in Monopoly?,https://opentdb.com/,CC BY-SA 4.0 (adapted)
medium,Sports & Leisure,How many games did Arsenal FC go unbeaten during the 2003-2004 season of the English Premier League,Open Trivia DB via leakyhose/open-trivia-dataset @77d8e3cb5c8e264d50220eee75cfe08d233b1910,How many games did Arsenal FC go unbeaten during the 2003-2004 season of the English Premier League,https://opentdb.com/,CC BY-SA 4.0 (adapted)
medium,Sports & Leisure,Which NBA player won Most Valuable Player for the 1999-2000 season?,Open Trivia DB via leakyhose/open-trivia-dataset @77d8e3cb5c8e264d50220eee75cfe08d233b1910,Which NBA player won Most Valuable Player for the 1999-2000 season?,https://opentdb.com/,CC BY-SA 4.0 (adapted)
medium,Sports & Leisure,In what country were the 2014 Winter Olympics held in the town of Sochi?,Open Trivia DB via leakyhose/open-trivia-dataset @77d8e3cb5c8e264d50220eee75cfe08d233b1910,In what country were the 2014 Winter Olympics held in the town of Sochi?,https://opentdb.com/,CC BY-SA 4.0 (adapted)
medium,Sports & Leisure,Which professional wrestler fell from the rafters to his death during a live Pay-Per-View event in 1999?,Open Trivia DB via leakyhose/open-trivia-dataset @77d8e3cb5c8e264d50220eee75cfe08d233b1910,Which professional wrestler fell from the rafters to his death during a live Pay-Per-View event in 1999?,https://opentdb.com/,CC BY-SA 4.0 (adapted)
medium,Sports & Leisure,Hockey player Wayne Gretzky was born in what Canadian province?,Open Trivia DB via leakyhose/open-trivia-dataset @77d8e3cb5c8e264d50220eee75cfe08d233b1910,Hockey player Wayne Gretzky was born in what Canadian province?,https://opentdb.com/,CC BY-SA 4.0 (adapted)
medium,Sports & Leisure,How many premier league trophies did Sir Alex Ferguson win during his time at Manchester United?,Open Trivia DB via leakyhose/open-trivia-dataset @77d8e3cb5c8e264d50220eee75cfe08d233b1910,How many premier league trophies did Sir Alex Ferguson win during his time at Manchester United?,https://opentdb.com/,CC BY-SA 4.0 (adapted)
medium,Sports & Leisure,Which team was the 2015-2016 NBA Champions?,Open Trivia DB via leakyhose/open-trivia-dataset @77d8e3cb5c8e264d50220eee75cfe08d233b1910,Which team was the 2015-2016 NBA Champions?,https://opentdb.com/,CC BY-SA 4.0 (adapted)
medium,Sports & Leisure,"Which country did Kabaddi, a contact sport involving tackling, originate from?",Open Trivia DB via leakyhose/open-trivia-dataset @77d8e3cb5c8e264d50220eee75cfe08d233b1910,"Which country did Kabaddi, a contact sport involving tackling, originate from?",https://opentdb.com/,CC BY-SA 4.0 (adapted)
medium,Sports & Leisure,Which Formula One driver was nicknamed 'The Professor'?,Open Trivia DB via leakyhose/open-trivia-dataset @77d8e3cb5c8e264d50220eee75cfe08d233b1910,Which Formula One driver was nicknamed 'The Professor'?,https://opentdb.com/,CC BY-SA 4.0 (adapted)
medium,Sports & Leisure,Who won the 2018 Monaco Grand Prix?,Open Trivia DB via leakyhose/open-trivia-dataset @77d8e3cb5c8e264d50220eee75cfe08d233b1910,Who won the 2018 Monaco Grand Prix?,https://opentdb.com/,CC BY-SA 4.0 (adapted)
medium,Sports & Leisure,A stimpmeter measures the speed of a ball over what surface?,Open Trivia DB via leakyhose/open-trivia-dataset @77d8e3cb5c8e264d50220eee75cfe08d233b1910,A stimpmeter measures the speed of a ball over what surface?,https://opentdb.com/,CC BY-SA 4.0 (adapted)
medium,Sports & Leisure,Who was the top scorer of the 2014 FIFA World Cup?,Open Trivia DB via leakyhose/open-trivia-dataset @77d8e3cb5c8e264d50220eee75cfe08d233b1910,Who was the top scorer of the 2014 FIFA World Cup?,https://opentdb.com/,CC BY-SA 4.0 (adapted)
medium,Sports & Leisure,What city did the Lakers represent before relocating to Los Angeles?,Open Trivia DB via leakyhose/open-trivia-dataset @77d8e3cb5c8e264d50220eee75cfe08d233b1910,What city did the Lakers represent before relocating to Los Angeles?,https://opentdb.com/,CC BY-SA 4.0 (adapted)
medium,Sports & Leisure,"In 2016, who won the Formula 1 World Constructor's Championship for the third time in a row?",Open Trivia DB via leakyhose/open-trivia-dataset @77d8e3cb5c8e264d50220eee75cfe08d233b1910,"In 2016, who won the Formula 1 World Constructor's Championship for the third time in a row?",https://opentdb.com/,CC BY-SA 4.0 (adapted)
medium,Sports & Leisure,Who won the 2015 College Football Playoff (CFP) National Championship?,Open Trivia DB via leakyhose/open-trivia-dataset @77d8e3cb5c8e264d50220eee75cfe08d233b1910,Who won the 2015 College Football Playoff (CFP) National Championship?,https://opentdb.com/,CC BY-SA 4.0 (adapted)
medium,Sports & Leisure,What cricketing term denotes a batsman being dismissed with a score of zero?,Open Trivia DB via leakyhose/open-trivia-dataset @77d8e3cb5c8e264d50220eee75cfe08d233b1910,What cricketing term denotes a batsman being dismissed with a score of zero?,https://opentdb.com/,CC BY-SA 4.0 (adapted)
medium,Sports & Leisure,Who was the British professional wrestler Shirley Crabtree better known as?,Open Trivia DB via leakyhose/open-trivia-dataset @77d8e3cb5c8e264d50220eee75cfe08d233b1910,Who was the British professional wrestler Shirley Crabtree better known as?,https://opentdb.com/,CC BY-SA 4.0 (adapted)
medium,Sports & Leisure,"Who won the ""Champions League"" in 1999?",Open Trivia DB via leakyhose/open-trivia-dataset @77d8e3cb5c8e264d50220eee75cfe08d233b1910,"Who won the ""Champions League"" in 1999?",https://opentdb.com/,CC BY-SA 4.0 (adapted)
medium,Sports & Leisure,Which nation hosted the FIFA World Cup in 2006?,Open Trivia DB via leakyhose/open-trivia-dataset @77d8e3cb5c8e264d50220eee75cfe08d233b1910,Which nation hosted the FIFA World Cup in 2006?,https://opentdb.com/,CC BY-SA 4.0 (adapted)
medium,Sports & Leisure,What is the nickname of Northampton town's rugby union club?,Open Trivia DB via leakyhose/open-trivia-dataset @77d8e3cb5c8e264d50220eee75cfe08d233b1910,What is the nickname of Northampton town's rugby union club?,https://opentdb.com/,CC BY-SA 4.0 (adapted)
medium,Sports & Leisure,Who won the 2011 Stanley Cup?,Open Trivia DB via leakyhose/open-trivia-dataset @77d8e3cb5c8e264d50220eee75cfe08d233b1910,Who won the 2011 Stanley Cup?,https://opentdb.com/,CC BY-SA 4.0 (adapted)
medium,Sports & Leisure,What was Sir Donald Bradman's batting average in test matches?,Open Trivia DB via leakyhose/open-trivia-dataset @77d8e3cb5c8e264d50220eee75cfe08d233b1910,What was Sir Donald Bradman's batting average in test matches?,https://opentdb.com/,CC BY-SA 4.0 (adapted)
medium,Sports & Leisure,Who was the first footballer to score 200 goals in the English Premier League?,Open Trivia DB via leakyhose/open-trivia-dataset @77d8e3cb5c8e264d50220eee75cfe08d233b1910,Who was the first footballer to score 200 goals in the English Premier League?,https://opentdb.com/,CC BY-SA 4.0 (adapted)
medium,Sports & Leisure,What national team won the 2016 edition of UEFA European Championship?,Open Trivia DB via leakyhose/open-trivia-dataset @77d8e3cb5c8e264d50220eee75cfe08d233b1910,What national team won the 2016 edition of UEFA European Championship?,https://opentdb.com/,CC BY-SA 4.0 (adapted)
medium,Sports & Leisure,With which team did Michael Schumacher make his Formula One debut at the 1991 Belgian Grand Prix?,Open Trivia DB via leakyhose/open-trivia-dataset @77d8e3cb5c8e264d50220eee75cfe08d233b1910,With which team did Michael Schumacher make his Formula One debut at the 1991 Belgian Grand Prix?,https://opentdb.com/,CC BY-SA 4.0 (adapted)
medium,Sports & Leisure,"In ten-pin bowling, what is clearing all ten pins with the first ball of a frame called?",Newly authored supplement,"In ten-pin bowling, what is clearing all ten pins with the first ball of a frame called?",,Original project / new original content
medium,Sports & Leisure,"In ten-pin bowling, what is clearing all ten pins using both balls of a frame called?",Newly authored supplement,"In ten-pin bowling, what is clearing all ten pins using both balls of a frame called?",,Original project / new original content
medium,Sports & Leisure,How many events are in an athletics decathlon?,Newly authored supplement,How many events are in an athletics decathlon?,,Original project / new original content
medium,Sports & Leisure,How many events are in an athletics heptathlon?,Newly authored supplement,How many events are in an athletics heptathlon?,,Original project / new original content
medium,Sports & Leisure,Which swimming stroke uses a simultaneous dolphin kick?,Newly authored supplement,Which swimming stroke uses a simultaneous dolphin kick?,,Original project / new original content
medium,Sports & Leisure,"In tennis, what is a serve the receiver does not touch and that wins the point called?",Newly authored supplement,"In tennis, what is a serve the receiver does not touch and that wins the point called?",,Original project / new original content
medium,Sports & Leisure,Which chess move involves moving the king and a rook in a single turn?,Newly authored supplement,Which chess move involves moving the king and a rook in a single turn?,,Original project / new original content
medium,Sports & Leisure,"In golf, what is a score of one over par on a hole called?",Newly authored supplement,"In golf, what is a score of one over par on a hole called?",,Original project / new original content
medium,Sports & Leisure,What is the term for a score of one under par on a golf hole?,Newly authored supplement,What is the term for a score of one under par on a golf hole?,,Original project / new original content
medium,Sports & Leisure,"In English-language Scrabble, how many points is the Q tile worth?",Newly authored supplement,"In English-language Scrabble, how many points is the Q tile worth?",,Original project / new original content
medium,Sports & Leisure,Which sport features a pommel horse and parallel bars?,Newly authored supplement,Which sport features a pommel horse and parallel bars?,,Original project / new original content
medium,Sports & Leisure,What colour belt is traditionally worn by a beginner in judo?,Newly authored supplement,What colour belt is traditionally worn by a beginner in judo?,,Original project / new original content
medium,Sports & Leisure,What is the name of the rubber disc used in ice hockey?,Newly authored supplement,What is the name of the rubber disc used in ice hockey?,,Original project / new original content
medium,Sports & Leisure,Which sport combines cross-country skiing and rifle shooting?,Newly authored supplement,Which sport combines cross-country skiing and rifle shooting?,,Original project / new original content
medium,Sports & Leisure,What is the name of the flat bat used to hit a table-tennis ball?,Newly authored supplement,What is the name of the flat bat used to hit a table-tennis ball?,,Original project / new original content
medium,Sports & Leisure,"In darts, what is the highest possible score with three darts on a standard board?",Newly authored supplement,"In darts, what is the highest possible score with three darts on a standard board?",,Original project / new original content
medium,Sports & Leisure,How many red balls are used at the start of a standard snooker frame?,Newly authored supplement,How many red balls are used at the start of a standard snooker frame?,,Original project / new original content
medium,Sports & Leisure,What colour is the highest-value ball in snooker?,Newly authored supplement,What colour is the highest-value ball in snooker?,,Original project / new original content
medium,Sports & Leisure,What is the name for an attack that wins two chess pieces at once by threatening both?,Newly authored supplement,What is the name for an attack that wins two chess pieces at once by threatening both?,,Original project / new original content
medium,Sports & Leisure,"In climbing, what is the activity of climbing short routes without a rope, usually above mats, called?",Newly authored supplement,"In climbing, what is the activity of climbing short routes without a rope, usually above mats, called?",,Original project / new original content
medium,Sports & Leisure,Which sailing term means the right-hand side of a vessel when facing forward?,Newly authored supplement,Which sailing term means the right-hand side of a vessel when facing forward?,,Original project / new original content
medium,Sports & Leisure,What is the term for a shot that starts a tennis point?,Newly authored supplement,What is the term for a shot that starts a tennis point?,,Original project / new original content
medium,Sports & Leisure,"Which card-game hand contains five cards of the same suit, not necessarily in sequence?",Newly authored supplement,"Which card-game hand contains five cards of the same suit, not necessarily in sequence?",,Original project / new original content
medium,Sports & Leisure,"Which poker hand contains five consecutive ranks, not all of the same suit?",Newly authored supplement,"Which poker hand contains five consecutive ranks, not all of the same suit?",,Original project / new original content
medium,Sports & Leisure,"In standard poker, which hand contains three cards of one rank and two of another?",Newly authored supplement,"In standard poker, which hand contains three cards of one rank and two of another?",,Original project / new original content
medium,Sports & Leisure,Which sport uses the terms scrum and lineout?,Newly authored supplement,Which sport uses the terms scrum and lineout?,,Original project / new original content
medium,Sports & Leisure,"In association football, what is a score of three goals by one player in one match called?",Newly authored supplement,"In association football, what is a score of three goals by one player in one match called?",,Original project / new original content
medium,Sports & Leisure,"Which board game awards victory points for settlements, cities and the longest road?",Newly authored supplement,"Which board game awards victory points for settlements, cities and the longest road?",,Original project / new original content
medium,Sports & Leisure,What is the name of the rolled-paper art that uses coiled strips to make decorative designs?,Newly authored supplement,What is the name of the rolled-paper art that uses coiled strips to make decorative designs?,,Original project / new original content
medium,Sports & Leisure,Which hobby involves identifying and observing birds in their natural habitats?,Newly authored supplement,Which hobby involves identifying and observing birds in their natural habitats?,,Original project / new original content
medium,Sports & Leisure,Which craft uses a hooked needle to make fabric from yarn?,Newly authored supplement,Which craft uses a hooked needle to make fabric from yarn?,,Original project / new original content
medium,Sports & Leisure,Which craft commonly uses two needles to make fabric from yarn?,Newly authored supplement,Which craft commonly uses two needles to make fabric from yarn?,,Original project / new original content
medium,Sports & Leisure,What is the name of the Japanese strategy board game played with black and white stones on a grid?,Newly authored supplement,What is the name of the Japanese strategy board game played with black and white stones on a grid?,,Original project / new original content
medium,Sports & Leisure,"In a standard deck without jokers, how many cards are there?",Newly authored supplement,"In a standard deck without jokers, how many cards are there?",,Original project / new original content
medium,Sports & Leisure,How many suits are in a standard French-suited deck of playing cards?,Newly authored supplement,How many suits are in a standard French-suited deck of playing cards?,,Original project / new original content
medium,Sports & Leisure,"In Monopoly, what happens to a player who lands on the Go to Jail square?",Newly authored supplement,"In Monopoly, what happens to a player who lands on the Go to Jail square?",,Original project / new original content
medium,Sports & Leisure,Which athletics event involves jumping over a horizontal bar using a long flexible pole?,Newly authored supplement,Which athletics event involves jumping over a horizontal bar using a long flexible pole?,,Original project / new original content
medium,Sports & Leisure,Which sport includes a discipline called dressage?,Newly authored supplement,Which sport includes a discipline called dressage?,,Original project / new original content
hard,Geography,What is the capital of Kazakhstan?,Original project (edited where needed),What is the capital of Kazakhstan?,,Original project / new original content
hard,Geography,What is the deepest lake in the world?,Original project (edited where needed),What is the deepest lake in the world?,,Original project / new original content
hard,Geography,Which country has the longest coastline in the world?,Original project (edited where needed),Which country has the longest coastline in the world?,,Original project / new original content
hard,Geography,The city of Timbuktu is in which modern-day country?,Original project (edited where needed),The city of Timbuktu is in which modern-day country?,,Original project / new original content
hard,Geography,Which strait separates the Japanese islands of Honshu and Hokkaido?,Original project (edited where needed),Which strait separates the Japanese islands of Honshu and Hokkaido?,,Original project / new original content
hard,Geography,What is the smallest sovereign country in South America by area?,Original project (edited where needed),What is the smallest sovereign country in South America by area?,,Original project / new original content
hard,Geography,Which lake is generally regarded as the source of the White Nile?,Original project (edited where needed),Which lake is generally regarded as the source of the White Nile?,,Original project / new original content
hard,Geography,"Which Bolivian seat of government lies more than 3,600 metres above sea level?",Original project (edited where needed),What is the highest capital city in the world by elevation?,,Original project / new original content
hard,Geography,In which city is the Big Nickel located in Canada?,Open Trivia DB via leakyhose/open-trivia-dataset @77d8e3cb5c8e264d50220eee75cfe08d233b1910,In which city is the Big Nickel located in Canada?,https://opentdb.com/,CC BY-SA 4.0 (adapted)
hard,Geography,"What is the Finnish word for ""Finland""?",Open Trivia DB via leakyhose/open-trivia-dataset @77d8e3cb5c8e264d50220eee75cfe08d233b1910,"What is the Finnish word for ""Finland""?",https://opentdb.com/,CC BY-SA 4.0 (adapted)
hard,Geography,What city is known as the Rose Capital of the World?,Open Trivia DB via leakyhose/open-trivia-dataset @77d8e3cb5c8e264d50220eee75cfe08d233b1910,What city is known as the Rose Capital of the World?,https://opentdb.com/,CC BY-SA 4.0 (adapted)
hard,Geography,"Bir Tawil, an uninhabited track of land claimed by no country, is located along the border of which two countries?",Open Trivia DB via leakyhose/open-trivia-dataset @77d8e3cb5c8e264d50220eee75cfe08d233b1910,"Bir Tawil, an uninhabited track of land claimed by no country, is located along the border of which two countries?",https://opentdb.com/,CC BY-SA 4.0 (adapted)
hard,Geography,Into which basin does the Jordan River flow into?,Open Trivia DB via leakyhose/open-trivia-dataset @77d8e3cb5c8e264d50220eee75cfe08d233b1910,Into which basin does the Jordan River flow into?,https://opentdb.com/,CC BY-SA 4.0 (adapted)
hard,Geography,What is the official German name of the Swiss Federal Railways?,Open Trivia DB via leakyhose/open-trivia-dataset @77d8e3cb5c8e264d50220eee75cfe08d233b1910,What is the official German name of the Swiss Federal Railways?,https://opentdb.com/,CC BY-SA 4.0 (adapted)
hard,Geography,The prefix Sino- (As in Sino-American) is used to refer to what nationality?,Open Trivia DB via leakyhose/open-trivia-dataset @77d8e3cb5c8e264d50220eee75cfe08d233b1910,The prefix Sino- (As in Sino-American) is used to refer to what nationality?,https://opentdb.com/,CC BY-SA 4.0 (adapted)
hard,Geography,What is the largest freshwater lake by volume?,Open Trivia DB via leakyhose/open-trivia-dataset @77d8e3cb5c8e264d50220eee75cfe08d233b1910,What is the largest freshwater lake by volume?,https://opentdb.com/,CC BY-SA 4.0 (adapted)
hard,Geography,"Where is the fast food chain ""Panda Express"" headquartered?",Open Trivia DB via leakyhose/open-trivia-dataset @77d8e3cb5c8e264d50220eee75cfe08d233b1910,"Where is the fast food chain ""Panda Express"" headquartered?",https://opentdb.com/,CC BY-SA 4.0 (adapted)
hard,Geography,What is the land connecting North America and South America?,Open Trivia DB via leakyhose/open-trivia-dataset @77d8e3cb5c8e264d50220eee75cfe08d233b1910,What is the land connecting North America and South America?,https://opentdb.com/,CC BY-SA 4.0 (adapted)
hard,Geography,What is the second-largest city in Lithuania?,Open Trivia DB via leakyhose/open-trivia-dataset @77d8e3cb5c8e264d50220eee75cfe08d233b1910,What is the second-largest city in Lithuania?,https://opentdb.com/,CC BY-SA 4.0 (adapted)
hard,Geography,Which country is the Taedong River in?,Open Trivia DB via leakyhose/open-trivia-dataset @77d8e3cb5c8e264d50220eee75cfe08d233b1910,Which country is the Taedong River in?,https://opentdb.com/,CC BY-SA 4.0 (adapted)
hard,Geography,What is the tallest mountain in Canada?,Open Trivia DB via leakyhose/open-trivia-dataset @77d8e3cb5c8e264d50220eee75cfe08d233b1910,What is the tallest mountain in Canada?,https://opentdb.com/,CC BY-SA 4.0 (adapted)
hard,Geography,"What is the most common climbing route for the second highest mountain in the world, K2?",Open Trivia DB via leakyhose/open-trivia-dataset @77d8e3cb5c8e264d50220eee75cfe08d233b1910,"What is the most common climbing route for the second highest mountain in the world, K2?",https://opentdb.com/,CC BY-SA 4.0 (adapted)
hard,Geography,Which freshwater lake has the largest surface area when Michigan and Huron are counted separately?,Open Trivia DB via leakyhose/open-trivia-dataset @77d8e3cb5c8e264d50220eee75cfe08d233b1910,Which is the largest freshwater lake in the world?,https://opentdb.com/,CC BY-SA 4.0 (adapted)
hard,Geography,The Hunua Ranges is located in...,Open Trivia DB via leakyhose/open-trivia-dataset @77d8e3cb5c8e264d50220eee75cfe08d233b1910,The Hunua Ranges is located in...,https://opentdb.com/,CC BY-SA 4.0 (adapted)
hard,Geography,The Andaman and Nicobar Islands in South East Asia are controlled by which country?,Open Trivia DB via leakyhose/open-trivia-dataset @77d8e3cb5c8e264d50220eee75cfe08d233b1910,The Andaman and Nicobar Islands in South East Asia are controlled by which country?,https://opentdb.com/,CC BY-SA 4.0 (adapted)
hard,Geography,"What North American tourist attraction is served by the ""Maid of the Mist"" tour company?",Open Trivia DB via leakyhose/open-trivia-dataset @77d8e3cb5c8e264d50220eee75cfe08d233b1910,"What North American tourist attraction is served by the ""Maid of the Mist"" tour company?",https://opentdb.com/,CC BY-SA 4.0 (adapted)
hard,Geography,"What national museum will you find in Cooperstown, New York?",Open Trivia DB via leakyhose/open-trivia-dataset @77d8e3cb5c8e264d50220eee75cfe08d233b1910,"What national museum will you find in Cooperstown, New York?",https://opentdb.com/,CC BY-SA 4.0 (adapted)
hard,Geography,"What is the capital of Wisconsin, USA?",Open Trivia DB via leakyhose/open-trivia-dataset @77d8e3cb5c8e264d50220eee75cfe08d233b1910,"What is the capital of Wisconsin, USA?",https://opentdb.com/,CC BY-SA 4.0 (adapted)
hard,Geography,What is Canada's largest island?,Open Trivia DB via leakyhose/open-trivia-dataset @77d8e3cb5c8e264d50220eee75cfe08d233b1910,What is Canada's largest island?,https://opentdb.com/,CC BY-SA 4.0 (adapted)
hard,Geography,What is the name of rocky region that spans most of eastern Canada?,Open Trivia DB via leakyhose/open-trivia-dataset @77d8e3cb5c8e264d50220eee75cfe08d233b1910,What is the name of rocky region that spans most of eastern Canada?,https://opentdb.com/,CC BY-SA 4.0 (adapted)
hard,Geography,The Maluku islands (informally known as the Spice Islands) belong to which country?,Open Trivia DB via leakyhose/open-trivia-dataset @77d8e3cb5c8e264d50220eee75cfe08d233b1910,The Maluku islands (informally known as the Spice Islands) belong to which country?,https://opentdb.com/,CC BY-SA 4.0 (adapted)
hard,Geography,Llanfair­pwllgwyngyll­gogery­chwyrn­drobwll­llan­tysilio­gogo­goch is located on which Welsh island?,Open Trivia DB via leakyhose/open-trivia-dataset @77d8e3cb5c8e264d50220eee75cfe08d233b1910,Llanfair­pwllgwyngyll­gogery­chwyrn­drobwll­llan­tysilio­gogo­goch is located on which Welsh island?,https://opentdb.com/,CC BY-SA 4.0 (adapted)
hard,Geography,When does Finland celebrate their independence day?,Open Trivia DB via leakyhose/open-trivia-dataset @77d8e3cb5c8e264d50220eee75cfe08d233b1910,When does Finland celebrate their independence day?,https://opentdb.com/,CC BY-SA 4.0 (adapted)
hard,Geography,What year is on the flag of the US state Wisconsin?,Open Trivia DB via leakyhose/open-trivia-dataset @77d8e3cb5c8e264d50220eee75cfe08d233b1910,What year is on the flag of the US state Wisconsin?,https://opentdb.com/,CC BY-SA 4.0 (adapted)
hard,Geography,"What is the county seat of King County, Washington?",Open Trivia DB via leakyhose/open-trivia-dataset @77d8e3cb5c8e264d50220eee75cfe08d233b1910,"What is the county seat of King County, Washington?",https://opentdb.com/,CC BY-SA 4.0 (adapted)
hard,Geography,"What is the name of the formerly rich fishing grounds off the island of Newfoundland, Canada?",Open Trivia DB via leakyhose/open-trivia-dataset @77d8e3cb5c8e264d50220eee75cfe08d233b1910,"What is the name of the formerly rich fishing grounds off the island of Newfoundland, Canada?",https://opentdb.com/,CC BY-SA 4.0 (adapted)
hard,Geography,What is the capital of Mauritius?,Open Trivia DB via leakyhose/open-trivia-dataset @77d8e3cb5c8e264d50220eee75cfe08d233b1910,What is the capital of Mauritius?,https://opentdb.com/,CC BY-SA 4.0 (adapted)
hard,Geography,What is the capital city of Bermuda?,Open Trivia DB via leakyhose/open-trivia-dataset @77d8e3cb5c8e264d50220eee75cfe08d233b1910,What is the capital city of Bermuda?,https://opentdb.com/,CC BY-SA 4.0 (adapted)
hard,Geography,Which river flows through the city of Tbilisi?,Newly authored supplement,Which river flows through the city of Tbilisi?,,Original project / new original content
hard,Geography,What is the capital of Bhutan?,Newly authored supplement,What is the capital of Bhutan?,,Original project / new original content
hard,Geography,Which African country has Lilongwe as its capital?,Newly authored supplement,Which African country has Lilongwe as its capital?,,Original project / new original content
hard,Geography,Which strait separates mainland Australia from Tasmania?,Newly authored supplement,Which strait separates mainland Australia from Tasmania?,,Original project / new original content
hard,Geography,Which strait separates mainland South America from Tierra del Fuego?,Newly authored supplement,Which strait separates mainland South America from Tierra del Fuego?,,Original project / new original content
hard,Geography,Which river flows through Vientiane?,Newly authored supplement,Which river flows through Vientiane?,,Original project / new original content
hard,Geography,What is the capital of Kyrgyzstan?,Newly authored supplement,What is the capital of Kyrgyzstan?,,Original project / new original content
hard,Geography,What is the capital of Tajikistan?,Newly authored supplement,What is the capital of Tajikistan?,,Original project / new original content
hard,Geography,What is the capital of Eritrea?,Newly authored supplement,What is the capital of Eritrea?,,Original project / new original content
hard,Geography,What is the capital of Burkina Faso?,Newly authored supplement,What is the capital of Burkina Faso?,,Original project / new original content
hard,Geography,Which river flows through Dresden?,Newly authored supplement,Which river flows through Dresden?,,Original project / new original content
hard,Geography,What is the capital of Suriname?,Newly authored supplement,What is the capital of Suriname?,,Original project / new original content
hard,Geography,Which country contains the Danakil Depression's Dallol area?,Newly authored supplement,Which country contains the Danakil Depression's Dallol area?,,Original project / new original content
hard,Geography,Which mountain range contains Aconcagua?,Newly authored supplement,Which mountain range contains Aconcagua?,,Original project / new original content
hard,Geography,Which South American country contains the salt flat Salar de Uyuni?,Newly authored supplement,Which South American country contains the salt flat Salar de Uyuni?,,Original project / new original content
hard,Geography,Which country contains the historic city of Bukhara?,Newly authored supplement,Which country contains the historic city of Bukhara?,,Original project / new original content
hard,Geography,Which river forms much of the border between Romania and Bulgaria?,Newly authored supplement,Which river forms much of the border between Romania and Bulgaria?,,Original project / new original content
hard,Geography,Which lake borders Jordan to the east and Israel and the West Bank to the west?,Newly authored supplement,Which lake borders Jordan to the east and Israel and the West Bank to the west?,,Original project / new original content
hard,Geography,Which sea lies between the Korean Peninsula and western Japan?,Newly authored supplement,Which sea lies between the Korean Peninsula and western Japan?,,Original project / new original content
hard,Geography,What is the capital of Laos?,Newly authored supplement,What is the capital of Laos?,,Original project / new original content
hard,Geography,Which country contains the island of Socotra?,Newly authored supplement,Which country contains the island of Socotra?,,Original project / new original content
hard,Geography,Which archipelago includes the islands of Santa Cruz and Isabela in Ecuador?,Newly authored supplement,Which archipelago includes the islands of Santa Cruz and Isabela in Ecuador?,,Original project / new original content
hard,Geography,What is the capital of Namibia?,Newly authored supplement,What is the capital of Namibia?,,Original project / new original content
hard,Geography,Which river flows through the Portuguese city of Porto?,Newly authored supplement,Which river flows through the Portuguese city of Porto?,,Original project / new original content
hard,Geography,Which country contains the ancient rock-hewn churches of Lalibela?,Newly authored supplement,Which country contains the ancient rock-hewn churches of Lalibela?,,Original project / new original content
hard,Geography,What is the capital of Belize?,Newly authored supplement,What is the capital of Belize?,,Original project / new original content
hard,Geography,Which country contains Lake Bled?,Newly authored supplement,Which country contains Lake Bled?,,Original project / new original content
hard,Geography,Which mountain range contains the Matterhorn?,Newly authored supplement,Which mountain range contains the Matterhorn?,,Original project / new original content
hard,Geography,Which strait separates Sumatra from the Malay Peninsula?,Newly authored supplement,Which strait separates Sumatra from the Malay Peninsula?,,Original project / new original content
hard,Geography,What is the capital of Brunei?,Newly authored supplement,What is the capital of Brunei?,,Original project / new original content
hard,Geography,Which river flows through Lyon before continuing south toward the Mediterranean?,Newly authored supplement,Which river flows through Lyon before continuing south toward the Mediterranean?,,Original project / new original content
hard,Geography,Which African country has Gaborone as its capital?,Newly authored supplement,Which African country has Gaborone as its capital?,,Original project / new original content
hard,Geography,Which country contains the port city of Batumi?,Newly authored supplement,Which country contains the port city of Batumi?,,Original project / new original content
hard,Geography,Which Caribbean country's capital is Roseau?,Newly authored supplement,Which Caribbean country's capital is Roseau?,,Original project / new original content
hard,Geography,What is the capital of Saint Lucia?,Newly authored supplement,What is the capital of Saint Lucia?,,Original project / new original content
hard,Geography,Which river flows through Bern?,Newly authored supplement,Which river flows through Bern?,,Original project / new original content
hard,Geography,Which country contains the city of Mostar?,Newly authored supplement,Which country contains the city of Mostar?,,Original project / new original content
hard,Geography,What is the capital of the Solomon Islands?,Newly authored supplement,What is the capital of the Solomon Islands?,,Original project / new original content
hard,Geography,Which country contains the island of Jeju?,Newly authored supplement,Which country contains the island of Jeju?,,Original project / new original content
hard,Geography,"Which peninsula contains the Mexican states of Yucatan, Campeche and Quintana Roo?",Newly authored supplement,"Which peninsula contains the Mexican states of Yucatan, Campeche and Quintana Roo?",,Original project / new original content
hard,Geography,Which country contains the city of Fez?,Newly authored supplement,Which country contains the city of Fez?,,Original project / new original content
hard,Geography,Which river flows through Florence?,Newly authored supplement,Which river flows through Florence?,,Original project / new original content
hard,Geography,Which country contains the Okavango Delta?,Newly authored supplement,Which country contains the Okavango Delta?,,Original project / new original content
hard,Geography,What is the capital of Vanuatu?,Newly authored supplement,What is the capital of Vanuatu?,,Original project / new original content
hard,Geography,Which mountain range contains Mount Toubkal?,Newly authored supplement,Which mountain range contains Mount Toubkal?,,Original project / new original content
hard,Geography,What is the capital of the Marshall Islands?,Newly authored supplement,What is the capital of the Marshall Islands?,,Original project / new original content
hard,Geography,Which island is shared by Haiti and the Dominican Republic?,Newly authored supplement,Which island is shared by Haiti and the Dominican Republic?,,Original project / new original content
hard,Geography,Which country contains the city of Lviv?,Newly authored supplement,Which country contains the city of Lviv?,,Original project / new original content
hard,Geography,Which country contains the city of Bergen?,Newly authored supplement,Which country contains the city of Bergen?,,Original project / new original content
hard,Geography,What is the capital of Samoa?,Newly authored supplement,What is the capital of Samoa?,,Original project / new original content
hard,Geography,Which river flows through the city of Riga?,Newly authored supplement,Which river flows through the city of Riga?,,Original project / new original content
hard,Geography,What is the capital of Madagascar?,Newly authored supplement,What is the capital of Madagascar?,,Original project / new original content
hard,Geography,Which country contains the city of Isfahan?,Newly authored supplement,Which country contains the city of Isfahan?,,Original project / new original content
hard,Geography,Which sea lies north of Turkey and south of Ukraine?,Newly authored supplement,Which sea lies north of Turkey and south of Ukraine?,,Original project / new original content
hard,Geography,What is the capital of Guyana?,Newly authored supplement,What is the capital of Guyana?,,Original project / new original content
hard,Geography,Which country contains the city of Luang Prabang?,Newly authored supplement,Which country contains the city of Luang Prabang?,,Original project / new original content
hard,Geography,Which river flows through Warsaw?,Newly authored supplement,Which river flows through Warsaw?,,Original project / new original content
hard,Geography,Which country contains the island of Sardinia?,Newly authored supplement,Which country contains the island of Sardinia?,,Original project / new original content
hard,Geography,What is the capital of Cabo Verde?,Newly authored supplement,What is the capital of Cabo Verde?,,Original project / new original content
hard,Geography,Which country contains the city of Kotor?,Newly authored supplement,Which country contains the city of Kotor?,,Original project / new original content
hard,Geography,Which river flows through Seville?,Newly authored supplement,Which river flows through Seville?,,Original project / new original content
hard,Geography,Which country contains the ruins of Great Zimbabwe?,Newly authored supplement,Which country contains the ruins of Great Zimbabwe?,,Original project / new original content
hard,Entertainment,What was Disney's first feature-length animated film?,Original project (edited where needed),What was Disney's first feature-length animated film?,,Original project / new original content
hard,Entertainment,Who directed the 1927 silent science-fiction film Metropolis?,Original project (edited where needed),Who directed the 1927 silent science-fiction film Metropolis?,,Original project / new original content
hard,Entertainment,Which composer wrote the opera The Marriage of Figaro?,Original project (edited where needed),Which composer wrote the opera The Marriage of Figaro?,,Original project / new original content
hard,Entertainment,Which actress won four Best Actress Oscars between 1934 and 1982?,Original project (edited where needed),"Who has won the most competitive acting Oscars, with four?",,Original project / new original content
hard,Entertainment,"In Breaking Bad, which fast-food chain serves as a front?",Original project (edited where needed),"In Breaking Bad, which fast-food chain serves as a front?",,Original project / new original content
hard,Entertainment,Who played the title detective in the TV series Columbo?,Original project (edited where needed),Who played the title detective in the TV series Columbo?,,Original project / new original content
hard,Entertainment,Which 1941 Orson Welles film follows the life of newspaper tycoon Charles Foster Kane?,Original project (edited where needed),Which 1941 Orson Welles film is often called the greatest ever made?,,Original project / new original content
hard,Entertainment,Who composed the ballet The Rite of Spring?,Original project (edited where needed),Who composed the ballet The Rite of Spring?,,Original project / new original content
hard,Entertainment,"What is the species of the ""Predator"" in the 1987 movie ""Predator""?",Open Trivia DB via leakyhose/open-trivia-dataset @77d8e3cb5c8e264d50220eee75cfe08d233b1910,"What is the species of the ""Predator"" in the 1987 movie ""Predator""?",https://opentdb.com/,CC BY-SA 4.0 (adapted)
hard,Entertainment,"Panic! At the Disco's sixth album ""Pray For The Wicked"" was released on which date?",Open Trivia DB via leakyhose/open-trivia-dataset @77d8e3cb5c8e264d50220eee75cfe08d233b1910,"Panic! At the Disco's sixth album ""Pray For The Wicked"" was released on which date?",https://opentdb.com/,CC BY-SA 4.0 (adapted)
hard,Entertainment,What was the callsign of Commander William Adama in Battlestar Galactica (2004)?,Open Trivia DB via leakyhose/open-trivia-dataset @77d8e3cb5c8e264d50220eee75cfe08d233b1910,What was the callsign of Commander William Adama in Battlestar Galactica (2004)?,https://opentdb.com/,CC BY-SA 4.0 (adapted)
hard,Entertainment,"In ""Need for Speed III: Hot Pursuit"", what is the name of the fictional car?",Open Trivia DB via leakyhose/open-trivia-dataset @77d8e3cb5c8e264d50220eee75cfe08d233b1910,"In ""Need for Speed III: Hot Pursuit"", what is the name of the fictional car?",https://opentdb.com/,CC BY-SA 4.0 (adapted)
hard,Entertainment,"In ""Gravity Falls"", what does Quentin Trembley do when he is driven out from the White House?",Open Trivia DB via leakyhose/open-trivia-dataset @77d8e3cb5c8e264d50220eee75cfe08d233b1910,"In ""Gravity Falls"", what does Quentin Trembley do when he is driven out from the White House?",https://opentdb.com/,CC BY-SA 4.0 (adapted)
hard,Entertainment,"Who played ""Charlie Price"" in the musical ""Kinky Boots"" on Broadway in New York from May 26th - Aug 6th 2017?",Open Trivia DB via leakyhose/open-trivia-dataset @77d8e3cb5c8e264d50220eee75cfe08d233b1910,"Who played ""Charlie Price"" in the musical ""Kinky Boots"" on Broadway in New York from May 26th - Aug 6th 2017?",https://opentdb.com/,CC BY-SA 4.0 (adapted)
hard,Entertainment,"Which animation studio animated ""Psycho Pass""?",Open Trivia DB via leakyhose/open-trivia-dataset @77d8e3cb5c8e264d50220eee75cfe08d233b1910,"Which animation studio animated ""Psycho Pass""?",https://opentdb.com/,CC BY-SA 4.0 (adapted)
hard,Entertainment,What was the last Marx Brothers film to feature Zeppo?,Open Trivia DB via leakyhose/open-trivia-dataset @77d8e3cb5c8e264d50220eee75cfe08d233b1910,What was the last Marx Brothers film to feature Zeppo?,https://opentdb.com/,CC BY-SA 4.0 (adapted)
hard,Entertainment,"Who is a pioneer of ""Minimal Music"" in 1960s?",Open Trivia DB via leakyhose/open-trivia-dataset @77d8e3cb5c8e264d50220eee75cfe08d233b1910,"Who is a pioneer of ""Minimal Music"" in 1960s?",https://opentdb.com/,CC BY-SA 4.0 (adapted)
hard,Entertainment,"Prior to working at Wizards of the Coast, ""Mark Rosewater"" was a writer for which show?",Open Trivia DB via leakyhose/open-trivia-dataset @77d8e3cb5c8e264d50220eee75cfe08d233b1910,"Prior to working at Wizards of the Coast, ""Mark Rosewater"" was a writer for which show?",https://opentdb.com/,CC BY-SA 4.0 (adapted)
hard,Entertainment,The creeper in Minecraft was the result of a bug while implementing which creature?,Open Trivia DB via leakyhose/open-trivia-dataset @77d8e3cb5c8e264d50220eee75cfe08d233b1910,The creeper in Minecraft was the result of a bug while implementing which creature?,https://opentdb.com/,CC BY-SA 4.0 (adapted)
hard,Entertainment,"In the web-comic Homestuck, what is the name of the game the 4 kids play?",Open Trivia DB via leakyhose/open-trivia-dataset @77d8e3cb5c8e264d50220eee75cfe08d233b1910,"In the web-comic Homestuck, what is the name of the game the 4 kids play?",https://opentdb.com/,CC BY-SA 4.0 (adapted)
hard,Entertainment,"In Les Misérables, who is Prison Code 24601?",Open Trivia DB via leakyhose/open-trivia-dataset @77d8e3cb5c8e264d50220eee75cfe08d233b1910,"In Les Misérables, who is Prison Code 24601?",https://opentdb.com/,CC BY-SA 4.0 (adapted)
hard,Entertainment,"Medaka Kurokami from ""Medaka Box"" has what abnormality?",Open Trivia DB via leakyhose/open-trivia-dataset @77d8e3cb5c8e264d50220eee75cfe08d233b1910,"Medaka Kurokami from ""Medaka Box"" has what abnormality?",https://opentdb.com/,CC BY-SA 4.0 (adapted)
hard,Entertainment,"In the ""Jurassic Park"" universe, what was the first dinosaur cloned by InGen in 1986?",Open Trivia DB via leakyhose/open-trivia-dataset @77d8e3cb5c8e264d50220eee75cfe08d233b1910,"In the ""Jurassic Park"" universe, what was the first dinosaur cloned by InGen in 1986?",https://opentdb.com/,CC BY-SA 4.0 (adapted)
hard,Entertainment,"Which Elton John hit starts with the line ""When are you gonna come down""?",Open Trivia DB via leakyhose/open-trivia-dataset @77d8e3cb5c8e264d50220eee75cfe08d233b1910,"Which Elton John hit starts with the line ""When are you gonna come down""?",https://opentdb.com/,CC BY-SA 4.0 (adapted)
hard,Entertainment,Which actor from The Young Ones also played Lord Flashheart in one episode of Blackadder II?,Open Trivia DB via leakyhose/open-trivia-dataset @77d8e3cb5c8e264d50220eee75cfe08d233b1910,Which actor from The Young Ones also played Lord Flashheart in one episode of Blackadder II?,https://opentdb.com/,CC BY-SA 4.0 (adapted)
hard,Entertainment,How many people can you recruit in the game Suikoden in a single playthrough?,Open Trivia DB via leakyhose/open-trivia-dataset @77d8e3cb5c8e264d50220eee75cfe08d233b1910,How many people can you recruit in the game Suikoden in a single playthrough?,https://opentdb.com/,CC BY-SA 4.0 (adapted)
hard,Entertainment,"In ""Gravity Falls"", how much does Waddles weigh when Mable wins him in ""The Time Traveler's Pig""?",Open Trivia DB via leakyhose/open-trivia-dataset @77d8e3cb5c8e264d50220eee75cfe08d233b1910,"In ""Gravity Falls"", how much does Waddles weigh when Mable wins him in ""The Time Traveler's Pig""?",https://opentdb.com/,CC BY-SA 4.0 (adapted)
hard,Entertainment,"In ""One Piece"", who is the girl who overcame her enslaved past and became an agent of an army to fight the corrupt government?",Open Trivia DB via leakyhose/open-trivia-dataset @77d8e3cb5c8e264d50220eee75cfe08d233b1910,"In ""One Piece"", who is the girl who overcame her enslaved past and became an agent of an army to fight the corrupt government?",https://opentdb.com/,CC BY-SA 4.0 (adapted)
hard,Entertainment,"In what year did Clint Eastwood star as Inspector Harry Callahan in the film ""Dirty Harry""?",Open Trivia DB via leakyhose/open-trivia-dataset @77d8e3cb5c8e264d50220eee75cfe08d233b1910,"In what year did Clint Eastwood star as Inspector Harry Callahan in the film ""Dirty Harry""?",https://opentdb.com/,CC BY-SA 4.0 (adapted)
hard,Entertainment,What song originally performed by The Bee Gees in 1978 had a cover version by Steps 20 years later?,Open Trivia DB via leakyhose/open-trivia-dataset @77d8e3cb5c8e264d50220eee75cfe08d233b1910,What song originally performed by The Bee Gees in 1978 had a cover version by Steps 20 years later?,https://opentdb.com/,CC BY-SA 4.0 (adapted)
hard,Entertainment,"In ""Star Trek"", what sauce is commonly used by Klingons on bregit lung?",Open Trivia DB via leakyhose/open-trivia-dataset @77d8e3cb5c8e264d50220eee75cfe08d233b1910,"In ""Star Trek"", what sauce is commonly used by Klingons on bregit lung?",https://opentdb.com/,CC BY-SA 4.0 (adapted)
hard,Entertainment,What is the name of the main island in PLAYERUNKNOWN'S BATTLEGROUNDS?,Open Trivia DB via leakyhose/open-trivia-dataset @77d8e3cb5c8e264d50220eee75cfe08d233b1910,What is the name of the main island in PLAYERUNKNOWN'S BATTLEGROUNDS?,https://opentdb.com/,CC BY-SA 4.0 (adapted)
hard,Entertainment,"What was the release date of the first episode of ""The Powerpuff Girls""?",Open Trivia DB via leakyhose/open-trivia-dataset @77d8e3cb5c8e264d50220eee75cfe08d233b1910,"What was the release date of the first episode of ""The Powerpuff Girls""?",https://opentdb.com/,CC BY-SA 4.0 (adapted)
hard,Entertainment,"In Macbeth, the eyes of what animals were used in the Witches' cauldron?",Open Trivia DB via leakyhose/open-trivia-dataset @77d8e3cb5c8e264d50220eee75cfe08d233b1910,"In Macbeth, the eyes of what animals were used in the Witches' cauldron?",https://opentdb.com/,CC BY-SA 4.0 (adapted)
hard,Entertainment,"In the Naruto manga, what is the last name of Tsunade?",Open Trivia DB via leakyhose/open-trivia-dataset @77d8e3cb5c8e264d50220eee75cfe08d233b1910,"In the Naruto manga, what is the last name of Tsunade?",https://opentdb.com/,CC BY-SA 4.0 (adapted)
hard,Entertainment,"What is the name of the assassin in the first ""Hellboy"" movie?",Open Trivia DB via leakyhose/open-trivia-dataset @77d8e3cb5c8e264d50220eee75cfe08d233b1910,"What is the name of the assassin in the first ""Hellboy"" movie?",https://opentdb.com/,CC BY-SA 4.0 (adapted)
hard,Entertainment,Who was the first Jazz Musician to win the Pulitzer Prize for Music,Open Trivia DB via leakyhose/open-trivia-dataset @77d8e3cb5c8e264d50220eee75cfe08d233b1910,Who was the first Jazz Musician to win the Pulitzer Prize for Music,https://opentdb.com/,CC BY-SA 4.0 (adapted)
hard,Entertainment,What was the date of original airing of the pilot episode of My Little Pony: Friendship is Magic?,Open Trivia DB via leakyhose/open-trivia-dataset @77d8e3cb5c8e264d50220eee75cfe08d233b1910,What was the date of original airing of the pilot episode of My Little Pony: Friendship is Magic?,https://opentdb.com/,CC BY-SA 4.0 (adapted)
hard,Entertainment,"Meryl Silverburgh, a video game character from the Metal Gear series, was originally a character in which game?",Open Trivia DB via leakyhose/open-trivia-dataset @77d8e3cb5c8e264d50220eee75cfe08d233b1910,"Meryl Silverburgh, a video game character from the Metal Gear series, was originally a character in which game?",https://opentdb.com/,CC BY-SA 4.0 (adapted)
hard,Entertainment,"In the ""Star Wars"" universe, what species is Grand Admiral Thrawn?",Open Trivia DB via leakyhose/open-trivia-dataset @77d8e3cb5c8e264d50220eee75cfe08d233b1910,"In the ""Star Wars"" universe, what species is Grand Admiral Thrawn?",https://opentdb.com/,CC BY-SA 4.0 (adapted)
hard,Entertainment,Who wrote the lyrics for Leonard Bernstein's 1957 Brodway musical West Side Story?,Open Trivia DB via leakyhose/open-trivia-dataset @77d8e3cb5c8e264d50220eee75cfe08d233b1910,Who wrote the lyrics for Leonard Bernstein's 1957 Brodway musical West Side Story?,https://opentdb.com/,CC BY-SA 4.0 (adapted)
hard,Entertainment,Who is One Punch Man voiced by in the Japanese version.,Open Trivia DB via leakyhose/open-trivia-dataset @77d8e3cb5c8e264d50220eee75cfe08d233b1910,Who is One Punch Man voiced by in the Japanese version.,https://opentdb.com/,CC BY-SA 4.0 (adapted)
hard,Entertainment,"In Big Hero 6, what were Baymax's motions modeled after?",Open Trivia DB via leakyhose/open-trivia-dataset @77d8e3cb5c8e264d50220eee75cfe08d233b1910,"In Big Hero 6, what were Baymax's motions modeled after?",https://opentdb.com/,CC BY-SA 4.0 (adapted)
hard,Entertainment,Which iconic album cover features the pulsar waves of CP 1919 placed in the center of the cover?,Open Trivia DB via leakyhose/open-trivia-dataset @77d8e3cb5c8e264d50220eee75cfe08d233b1910,Which iconic album cover features the pulsar waves of CP 1919 placed in the center of the cover?,https://opentdb.com/,CC BY-SA 4.0 (adapted)
hard,Entertainment,"The theme for the popular science fiction series ""Doctor Who"" was composed by who?",Open Trivia DB via leakyhose/open-trivia-dataset @77d8e3cb5c8e264d50220eee75cfe08d233b1910,"The theme for the popular science fiction series ""Doctor Who"" was composed by who?",https://opentdb.com/,CC BY-SA 4.0 (adapted)
hard,Entertainment,"In ""Sonic the Hedgehog 2"" for the Sega Genesis, what do you input in the sound test screen to access the secret level select?",Open Trivia DB via leakyhose/open-trivia-dataset @77d8e3cb5c8e264d50220eee75cfe08d233b1910,"In ""Sonic the Hedgehog 2"" for the Sega Genesis, what do you input in the sound test screen to access the secret level select?",https://opentdb.com/,CC BY-SA 4.0 (adapted)
hard,Entertainment,"What town was ""Springfield"" from ""The Simpsons"" originally named after?",Open Trivia DB via leakyhose/open-trivia-dataset @77d8e3cb5c8e264d50220eee75cfe08d233b1910,"What town was ""Springfield"" from ""The Simpsons"" originally named after?",https://opentdb.com/,CC BY-SA 4.0 (adapted)
hard,Entertainment,Who serves as the speaker of the prologue in Shakespeare's Romeo and Juliet?,Open Trivia DB via leakyhose/open-trivia-dataset @77d8e3cb5c8e264d50220eee75cfe08d233b1910,Who serves as the speaker of the prologue in Shakespeare's Romeo and Juliet?,https://opentdb.com/,CC BY-SA 4.0 (adapted)
hard,Entertainment,"In 2012, which movie won every category in the 32nd ""Golden Raspberry Awards""?",Open Trivia DB via leakyhose/open-trivia-dataset @77d8e3cb5c8e264d50220eee75cfe08d233b1910,"In 2012, which movie won every category in the 32nd ""Golden Raspberry Awards""?",https://opentdb.com/,CC BY-SA 4.0 (adapted)
hard,Entertainment,"Which song in rapper Kanye West's album ""The Life of Pablo"" features Rihanna?",Open Trivia DB via leakyhose/open-trivia-dataset @77d8e3cb5c8e264d50220eee75cfe08d233b1910,"Which song in rapper Kanye West's album ""The Life of Pablo"" features Rihanna?",https://opentdb.com/,CC BY-SA 4.0 (adapted)
hard,Entertainment,Who played the sun baby in the original run of Teletubbies?,Open Trivia DB via leakyhose/open-trivia-dataset @77d8e3cb5c8e264d50220eee75cfe08d233b1910,Who played the sun baby in the original run of Teletubbies?,https://opentdb.com/,CC BY-SA 4.0 (adapted)
hard,Entertainment,"""Gimmick!"" is a Japanese Famicom game that uses a sound chip expansion in the cartridge. What is it called?",Open Trivia DB via leakyhose/open-trivia-dataset @77d8e3cb5c8e264d50220eee75cfe08d233b1910,"""Gimmick!"" is a Japanese Famicom game that uses a sound chip expansion in the cartridge. What is it called?",https://opentdb.com/,CC BY-SA 4.0 (adapted)
hard,Entertainment,"Who played Stan's dog in the South Park episode ""Big Gay Al's Big Gay Boat Ride""?",Open Trivia DB via leakyhose/open-trivia-dataset @77d8e3cb5c8e264d50220eee75cfe08d233b1910,"Who played Stan's dog in the South Park episode ""Big Gay Al's Big Gay Boat Ride""?",https://opentdb.com/,CC BY-SA 4.0 (adapted)
hard,Entertainment,"Which Shakespeare play features the stage direction ""Enter a messenger, with two heads and a hand""?",Open Trivia DB via leakyhose/open-trivia-dataset @77d8e3cb5c8e264d50220eee75cfe08d233b1910,"Which Shakespeare play features the stage direction ""Enter a messenger, with two heads and a hand""?",https://opentdb.com/,CC BY-SA 4.0 (adapted)
hard,Entertainment,"In ""Highschool of the Dead"", where did Komuro and Saeko establish to meet after the bus explosion?",Open Trivia DB via leakyhose/open-trivia-dataset @77d8e3cb5c8e264d50220eee75cfe08d233b1910,"In ""Highschool of the Dead"", where did Komuro and Saeko establish to meet after the bus explosion?",https://opentdb.com/,CC BY-SA 4.0 (adapted)
hard,Entertainment,Which sci-fi cult films plot concerns aliens attempting to prevent humans from creating a doomsday weapon?,Open Trivia DB via leakyhose/open-trivia-dataset @77d8e3cb5c8e264d50220eee75cfe08d233b1910,Which sci-fi cult films plot concerns aliens attempting to prevent humans from creating a doomsday weapon?,https://opentdb.com/,CC BY-SA 4.0 (adapted)
hard,Entertainment,"Who had a 1981 hit with the song ""Japanese Boy""?",Open Trivia DB via leakyhose/open-trivia-dataset @77d8e3cb5c8e264d50220eee75cfe08d233b1910,"Who had a 1981 hit with the song ""Japanese Boy""?",https://opentdb.com/,CC BY-SA 4.0 (adapted)
hard,Entertainment,"In the TV Show ""Donkey Kong Country"", which episode did the song ""Eddie, Let Me Go Back To My Home"" play in?",Open Trivia DB via leakyhose/open-trivia-dataset @77d8e3cb5c8e264d50220eee75cfe08d233b1910,"In the TV Show ""Donkey Kong Country"", which episode did the song ""Eddie, Let Me Go Back To My Home"" play in?",https://opentdb.com/,CC BY-SA 4.0 (adapted)
hard,Entertainment,"In ""Gravity Falls"", the character Bill Cipher remarks that ""the universe is what?""",Open Trivia DB via leakyhose/open-trivia-dataset @77d8e3cb5c8e264d50220eee75cfe08d233b1910,"In ""Gravity Falls"", the character Bill Cipher remarks that ""the universe is what?""",https://opentdb.com/,CC BY-SA 4.0 (adapted)
hard,Entertainment,"After England, more Shakespeare plays are set in this present day country than in any other.",Open Trivia DB via leakyhose/open-trivia-dataset @77d8e3cb5c8e264d50220eee75cfe08d233b1910,"After England, more Shakespeare plays are set in this present day country than in any other.",https://opentdb.com/,CC BY-SA 4.0 (adapted)
hard,Entertainment,Which studio animated the first season of Log Horizon?,Open Trivia DB via leakyhose/open-trivia-dataset @77d8e3cb5c8e264d50220eee75cfe08d233b1910,"Which animation studio produced ""Log Horizon""?",https://opentdb.com/,CC BY-SA 4.0 (adapted)
hard,Entertainment,"In the 1964 film ""Zulu"", what song does the British Army company sing before the final battle?",Open Trivia DB via leakyhose/open-trivia-dataset @77d8e3cb5c8e264d50220eee75cfe08d233b1910,"In the 1964 film ""Zulu"", what song does the British Army company sing before the final battle?",https://opentdb.com/,CC BY-SA 4.0 (adapted)
hard,Entertainment,"In the metal band Slipknot, there are 9 members, which member labelled themselves number 6?",Open Trivia DB via leakyhose/open-trivia-dataset @77d8e3cb5c8e264d50220eee75cfe08d233b1910,"In the metal band Slipknot, there are 9 members, which member labelled themselves number 6?",https://opentdb.com/,CC BY-SA 4.0 (adapted)
hard,Entertainment,"In Star Trek, what is the name of Spock's father?",Open Trivia DB via leakyhose/open-trivia-dataset @77d8e3cb5c8e264d50220eee75cfe08d233b1910,"In Star Trek, what is the name of Spock's father?",https://opentdb.com/,CC BY-SA 4.0 (adapted)
hard,Entertainment,What programming language does the Source Engine use?,Open Trivia DB via leakyhose/open-trivia-dataset @77d8e3cb5c8e264d50220eee75cfe08d233b1910,What programming language does the Source Engine use?,https://opentdb.com/,CC BY-SA 4.0 (adapted)
hard,Entertainment,"In the 1968 Cartoon Show ""Wacky Races"" what was the name of cavemen duo who rode in The Boulder Mobile?",Open Trivia DB via leakyhose/open-trivia-dataset @77d8e3cb5c8e264d50220eee75cfe08d233b1910,"In the 1968 Cartoon Show ""Wacky Races"" what was the name of cavemen duo who rode in The Boulder Mobile?",https://opentdb.com/,CC BY-SA 4.0 (adapted)
hard,Entertainment,Which studio animated Afro Samurai?,Open Trivia DB via leakyhose/open-trivia-dataset @77d8e3cb5c8e264d50220eee75cfe08d233b1910,Which studio animated Afro Samurai?,https://opentdb.com/,CC BY-SA 4.0 (adapted)
hard,Entertainment,"What three movies, in order from release date, make up the ""Dollars Trilogy""?",Open Trivia DB via leakyhose/open-trivia-dataset @77d8e3cb5c8e264d50220eee75cfe08d233b1910,"What three movies, in order from release date, make up the ""Dollars Trilogy""?",https://opentdb.com/,CC BY-SA 4.0 (adapted)
hard,Entertainment,"What is the English title of the vaporwave track ""リサフランク420 / 現代のコンピュー"" by Macintosh Plus (Vektroid)?",Open Trivia DB via leakyhose/open-trivia-dataset @77d8e3cb5c8e264d50220eee75cfe08d233b1910,"What is the English title of the vaporwave track ""リサフランク420 / 現代のコンピュー"" by Macintosh Plus (Vektroid)?",https://opentdb.com/,CC BY-SA 4.0 (adapted)
hard,Entertainment,"What was the UK ""Who Wants to be a Millionaire?"" cheating scandal known as?",Open Trivia DB via leakyhose/open-trivia-dataset @77d8e3cb5c8e264d50220eee75cfe08d233b1910,"What was the UK ""Who Wants to be a Millionaire?"" cheating scandal known as?",https://opentdb.com/,CC BY-SA 4.0 (adapted)
hard,Entertainment,"Including downloadable characters, how many playable fighters are in Super Smash Bros. for Nintendo 3DS and Wii U?",Open Trivia DB via leakyhose/open-trivia-dataset @77d8e3cb5c8e264d50220eee75cfe08d233b1910,How many playable characters are there in Super Smash Bros. for Nintendo 3DS and Wii U?,https://opentdb.com/,CC BY-SA 4.0 (adapted)
hard,Entertainment,"What is the name of the school in the anime and manga ""Gosick""?",Open Trivia DB via leakyhose/open-trivia-dataset @77d8e3cb5c8e264d50220eee75cfe08d233b1910,"What is the name of the school in the anime and manga ""Gosick""?",https://opentdb.com/,CC BY-SA 4.0 (adapted)
hard,Entertainment,What is the name of the song by Beyoncé and Alejandro Fernández released in 2007?,Open Trivia DB via leakyhose/open-trivia-dataset @77d8e3cb5c8e264d50220eee75cfe08d233b1910,What is the name of the song by Beyoncé and Alejandro Fernández released in 2007?,https://opentdb.com/,CC BY-SA 4.0 (adapted)
hard,Entertainment,"In ""It's Always Sunny in Philadelphia"" what was the name of Frank's wrestling persona?",Open Trivia DB via leakyhose/open-trivia-dataset @77d8e3cb5c8e264d50220eee75cfe08d233b1910,"In ""It's Always Sunny in Philadelphia"" what was the name of Frank's wrestling persona?",https://opentdb.com/,CC BY-SA 4.0 (adapted)
hard,Entertainment,"What is the real name of ""Warhead"" in the Sega Genesis game ""Vectorman""?",Open Trivia DB via leakyhose/open-trivia-dataset @77d8e3cb5c8e264d50220eee75cfe08d233b1910,"What is the real name of ""Warhead"" in the Sega Genesis game ""Vectorman""?",https://opentdb.com/,CC BY-SA 4.0 (adapted)
hard,Entertainment,"Townsend Coleman provided the voice for which turtle in the original 1987 series of ""Teenage Mutant Ninja Turtles""?",Open Trivia DB via leakyhose/open-trivia-dataset @77d8e3cb5c8e264d50220eee75cfe08d233b1910,"Townsend Coleman provided the voice for which turtle in the original 1987 series of ""Teenage Mutant Ninja Turtles""?",https://opentdb.com/,CC BY-SA 4.0 (adapted)
hard,Entertainment,"The ""To Love-Ru"" Manga was started in what year?",Open Trivia DB via leakyhose/open-trivia-dataset @77d8e3cb5c8e264d50220eee75cfe08d233b1910,"The ""To Love-Ru"" Manga was started in what year?",https://opentdb.com/,CC BY-SA 4.0 (adapted)
hard,Entertainment,"In what year does Jurassic World open in the ""Jurassic Park"" universe?",Open Trivia DB via leakyhose/open-trivia-dataset @77d8e3cb5c8e264d50220eee75cfe08d233b1910,"In what year does Jurassic World open in the ""Jurassic Park"" universe?",https://opentdb.com/,CC BY-SA 4.0 (adapted)
hard,Entertainment,Where was Nicki Minaj born?,Open Trivia DB via leakyhose/open-trivia-dataset @77d8e3cb5c8e264d50220eee75cfe08d233b1910,Where was Nicki Minaj born?,https://opentdb.com/,CC BY-SA 4.0 (adapted)
hard,Entertainment,"In ""Star Trek"", who was the founder of the Klingon Empire and its philosophy?",Open Trivia DB via leakyhose/open-trivia-dataset @77d8e3cb5c8e264d50220eee75cfe08d233b1910,"In ""Star Trek"", who was the founder of the Klingon Empire and its philosophy?",https://opentdb.com/,CC BY-SA 4.0 (adapted)
hard,Entertainment,"Benny, Brain, Fancy-Fancy, Spook and Choo-Choo were known associates of what Hanna Barbera cartoon character?",Open Trivia DB via leakyhose/open-trivia-dataset @77d8e3cb5c8e264d50220eee75cfe08d233b1910,"Benny, Brain, Fancy-Fancy, Spook and Choo-Choo were known associates of what Hanna Barbera cartoon character?",https://opentdb.com/,CC BY-SA 4.0 (adapted)
hard,Entertainment,"""Silhouette"", a song performed by the group 'KANA-BOON' is featured as the sixteenth opening of which anime?",Open Trivia DB via leakyhose/open-trivia-dataset @77d8e3cb5c8e264d50220eee75cfe08d233b1910,"""Silhouette"", a song performed by the group 'KANA-BOON' is featured as the sixteenth opening of which anime?",https://opentdb.com/,CC BY-SA 4.0 (adapted)
hard,Entertainment,"In what Disney movie can you spot the character ""Pac-Man"" in if you look closely enough in some scenes?",Open Trivia DB via leakyhose/open-trivia-dataset @77d8e3cb5c8e264d50220eee75cfe08d233b1910,"In what Disney movie can you spot the character ""Pac-Man"" in if you look closely enough in some scenes?",https://opentdb.com/,CC BY-SA 4.0 (adapted)
hard,Entertainment,What album is the song 'New Slang' by The Shins found on?,Open Trivia DB via leakyhose/open-trivia-dataset @77d8e3cb5c8e264d50220eee75cfe08d233b1910,What album is the song 'New Slang' by The Shins found on?,https://opentdb.com/,CC BY-SA 4.0 (adapted)
hard,Entertainment,"In the show 'Doctor Who', what is the name of the time-capsule model stolen by 'the Doctor'?",Open Trivia DB via leakyhose/open-trivia-dataset @77d8e3cb5c8e264d50220eee75cfe08d233b1910,"In the show 'Doctor Who', what is the name of the time-capsule model stolen by 'the Doctor'?",https://opentdb.com/,CC BY-SA 4.0 (adapted)
hard,Entertainment,"In the 2014 Pokemon VGC Finals, which Pokemon was famous for bringing the winner to victory?",Open Trivia DB via leakyhose/open-trivia-dataset @77d8e3cb5c8e264d50220eee75cfe08d233b1910,"In the 2014 Pokemon VGC Finals, which Pokemon was famous for bringing the winner to victory?",https://opentdb.com/,CC BY-SA 4.0 (adapted)
hard,Entertainment,"Which cartoon family lives in 31 Spooner Street, Quahog, Rhode Island USA?",Open Trivia DB via leakyhose/open-trivia-dataset @77d8e3cb5c8e264d50220eee75cfe08d233b1910,"Which cartoon family lives in 31 Spooner Street, Quahog, Rhode Island USA?",https://opentdb.com/,CC BY-SA 4.0 (adapted)
hard,Entertainment,"Which animation studio produced the anime adaptation of ""xxxHolic""?",Open Trivia DB via leakyhose/open-trivia-dataset @77d8e3cb5c8e264d50220eee75cfe08d233b1910,"Which animation studio produced the anime adaptation of ""xxxHolic""?",https://opentdb.com/,CC BY-SA 4.0 (adapted)
hard,Entertainment,What was Humphrey Bogart's middle name?,Open Trivia DB via leakyhose/open-trivia-dataset @77d8e3cb5c8e264d50220eee75cfe08d233b1910,What was Humphrey Bogart's middle name?,https://opentdb.com/,CC BY-SA 4.0 (adapted)
hard,Entertainment,"Which artists' version of the song ""The Tide is High"" came first?",Open Trivia DB via leakyhose/open-trivia-dataset @77d8e3cb5c8e264d50220eee75cfe08d233b1910,"Which artists' version of the song ""The Tide is High"" came first?",https://opentdb.com/,CC BY-SA 4.0 (adapted)
hard,Entertainment,"What is the name of the pirate that sings the intro to ""Spongebob Squarepants""?",Open Trivia DB via leakyhose/open-trivia-dataset @77d8e3cb5c8e264d50220eee75cfe08d233b1910,"What is the name of the pirate that sings the intro to ""Spongebob Squarepants""?",https://opentdb.com/,CC BY-SA 4.0 (adapted)
hard,Entertainment,"In the game Danganronpa: Happy Trigger Havoc, the character Aoi Asahina's ultimate ability is what?",Open Trivia DB via leakyhose/open-trivia-dataset @77d8e3cb5c8e264d50220eee75cfe08d233b1910,"In the game Danganronpa: Happy Trigger Havoc, the character Aoi Asahina's ultimate ability is what?",https://opentdb.com/,CC BY-SA 4.0 (adapted)
hard,Entertainment,"In the TV show ""Rick and Morty"", Rick uses the catchphrase ""Wubba Lubba Dub Dub"", which means what in Birdperson?",Open Trivia DB via leakyhose/open-trivia-dataset @77d8e3cb5c8e264d50220eee75cfe08d233b1910,"In the TV show ""Rick and Morty"", Rick uses the catchphrase ""Wubba Lubba Dub Dub"", which means what in Birdperson?",https://opentdb.com/,CC BY-SA 4.0 (adapted)
hard,Entertainment,"Which animation studio animated ""To Love-Ru""?",Open Trivia DB via leakyhose/open-trivia-dataset @77d8e3cb5c8e264d50220eee75cfe08d233b1910,"Which animation studio animated ""To Love-Ru""?",https://opentdb.com/,CC BY-SA 4.0 (adapted)
hard,Entertainment,Which Japanese director made Seven Samurai (1954)?,Newly authored supplement,Which Japanese director made Seven Samurai (1954)?,,Original project / new original content
hard,Entertainment,"Who composed the music for the film The Good, the Bad and the Ugly?",Newly authored supplement,"Who composed the music for the film The Good, the Bad and the Ugly?",,Original project / new original content
hard,Entertainment,Which cinematographer directed the film Don't Look Now (1973)?,Newly authored supplement,Which cinematographer directed the film Don't Look Now (1973)?,,Original project / new original content
hard,Entertainment,Who directed the French film Cleo from 5 to 7?,Newly authored supplement,Who directed the French film Cleo from 5 to 7?,,Original project / new original content
hard,Entertainment,Who composed the opera Wozzeck?,Newly authored supplement,Who composed the opera Wozzeck?,,Original project / new original content
hard,Entertainment,Which jazz saxophonist recorded A Love Supreme?,Newly authored supplement,Which jazz saxophonist recorded A Love Supreme?,,Original project / new original content
hard,History,The Peace of Westphalia (1648) ended which war?,Original project (edited where needed),The Peace of Westphalia (1648) ended which war?,,Original project / new original content
hard,History,Which Frankish king was crowned emperor in Rome on Christmas Day in 800?,Original project (edited where needed),Who was crowned the first Holy Roman Emperor in 800 AD?,,Original project / new original content
hard,History,"Which US president served the shortest term, about 31 days?",Original project (edited where needed),"Which US president served the shortest term, about 31 days?",,Original project / new original content
hard,History,In what year did the Ottomans conquer Constantinople?,Original project (edited where needed),In what year did the Ottomans conquer Constantinople?,,Original project / new original content
hard,History,Hannibal famously crossed the Alps during which war?,Original project (edited where needed),Hannibal famously crossed the Alps during which war?,,Original project / new original content
hard,History,Who was the last Tsar of Russia?,Original project (edited where needed),Who was the last Tsar of Russia?,,Original project / new original content
hard,History,The Meiji Restoration transformed which country?,Original project (edited where needed),The Meiji Restoration transformed which country?,,Original project / new original content
hard,History,Which 1494 treaty divided the New World between Spain and Portugal?,Original project (edited where needed),Which 1494 treaty divided the New World between Spain and Portugal?,,Original project / new original content
hard,History,When did Spanish Peninsular War start?,Open Trivia DB via leakyhose/open-trivia-dataset @77d8e3cb5c8e264d50220eee75cfe08d233b1910,When did Spanish Peninsular War start?,https://opentdb.com/,CC BY-SA 4.0 (adapted)
hard,History,Which countries participated in the Lobster War?,Open Trivia DB via leakyhose/open-trivia-dataset @77d8e3cb5c8e264d50220eee75cfe08d233b1910,Which countries participated in the Lobster War?,https://opentdb.com/,CC BY-SA 4.0 (adapted)
hard,History,When did Lithuania declare independence from the Soviet Union?,Open Trivia DB via leakyhose/open-trivia-dataset @77d8e3cb5c8e264d50220eee75cfe08d233b1910,When did Lithuania declare independence from the Soviet Union?,https://opentdb.com/,CC BY-SA 4.0 (adapted)
hard,History,Which English king was married to Eleanor of Aquitaine?,Open Trivia DB via leakyhose/open-trivia-dataset @77d8e3cb5c8e264d50220eee75cfe08d233b1910,Which English king was married to Eleanor of Aquitaine?,https://opentdb.com/,CC BY-SA 4.0 (adapted)
hard,History,"What did the abbreviation ""RMS"" stand for in the RMS Titanic in 1912?",Open Trivia DB via leakyhose/open-trivia-dataset @77d8e3cb5c8e264d50220eee75cfe08d233b1910,"What did the abbreviation ""RMS"" stand for in the RMS Titanic in 1912?",https://opentdb.com/,CC BY-SA 4.0 (adapted)
hard,History,When was Finland's 100th year of being independent?,Open Trivia DB via leakyhose/open-trivia-dataset @77d8e3cb5c8e264d50220eee75cfe08d233b1910,When was Finland's 100th year of being independent?,https://opentdb.com/,CC BY-SA 4.0 (adapted)
hard,History,What Southeast Asian country was formerly known as 'Lan Xang'?,Open Trivia DB via leakyhose/open-trivia-dataset @77d8e3cb5c8e264d50220eee75cfe08d233b1910,What Southeast Asian country was formerly known as 'Lan Xang'?,https://opentdb.com/,CC BY-SA 4.0 (adapted)
hard,History,"From 1940 to 1942, what was the capital-in-exile of Free France ?",Open Trivia DB via leakyhose/open-trivia-dataset @77d8e3cb5c8e264d50220eee75cfe08d233b1910,"From 1940 to 1942, what was the capital-in-exile of Free France ?",https://opentdb.com/,CC BY-SA 4.0 (adapted)
hard,History,Which is the hull NO. of the Fletcher class destroyer Fletcher?,Open Trivia DB via leakyhose/open-trivia-dataset @77d8e3cb5c8e264d50220eee75cfe08d233b1910,Which is the hull NO. of the Fletcher class destroyer Fletcher?,https://opentdb.com/,CC BY-SA 4.0 (adapted)
hard,History,What age was King Henry V when he died?,Open Trivia DB via leakyhose/open-trivia-dataset @77d8e3cb5c8e264d50220eee75cfe08d233b1910,What age was King Henry V when he died?,https://opentdb.com/,CC BY-SA 4.0 (adapted)
hard,History,In which present-day country did the Eureka Rebellion take place in 1854?,Open Trivia DB via leakyhose/open-trivia-dataset @77d8e3cb5c8e264d50220eee75cfe08d233b1910,"Which country did the Eureka Rebellion, an 1856 battle against colonial rule, take place in?",https://opentdb.com/,CC BY-SA 4.0 (adapted)
hard,History,How many numbered piano sonatas did Ludwig van Beethoven compose?,Open Trivia DB via leakyhose/open-trivia-dataset @77d8e3cb5c8e264d50220eee75cfe08d233b1910,How many sonatas did Ludwig van Beethoven write?,https://opentdb.com/,CC BY-SA 4.0 (adapted)
hard,History,The Bohemian Revolt (1618-1620) started after Protestants in Prague did what to their Catholic Lords Regents?,Open Trivia DB via leakyhose/open-trivia-dataset @77d8e3cb5c8e264d50220eee75cfe08d233b1910,The Bohemian Revolt (1618-1620) started after Protestants in Prague did what to their Catholic Lords Regents?,https://opentdb.com/,CC BY-SA 4.0 (adapted)
hard,History,What year was Canada founded in?,Open Trivia DB via leakyhose/open-trivia-dataset @77d8e3cb5c8e264d50220eee75cfe08d233b1910,What year was Canada founded in?,https://opentdb.com/,CC BY-SA 4.0 (adapted)
hard,History,"Who is the creator of the soft drink, Dr. Pepper?",Open Trivia DB via leakyhose/open-trivia-dataset @77d8e3cb5c8e264d50220eee75cfe08d233b1910,"Who is the creator of the soft drink, Dr. Pepper?",https://opentdb.com/,CC BY-SA 4.0 (adapted)
hard,History,What is the name of the Boeing B-29 that dropped the 'Little Boy' atomic bomb on Hiroshima?,Open Trivia DB via leakyhose/open-trivia-dataset @77d8e3cb5c8e264d50220eee75cfe08d233b1910,What is the name of the Boeing B-29 that dropped the 'Little Boy' atomic bomb on Hiroshima?,https://opentdb.com/,CC BY-SA 4.0 (adapted)
hard,History,Who assassinated President James A. Garfield?,Open Trivia DB via leakyhose/open-trivia-dataset @77d8e3cb5c8e264d50220eee75cfe08d233b1910,Who assassinated President James A. Garfield?,https://opentdb.com/,CC BY-SA 4.0 (adapted)
hard,History,"During the Wars of the Roses (1455 - 1487) which Englishman was dubbed ""the Kingmaker""?",Open Trivia DB via leakyhose/open-trivia-dataset @77d8e3cb5c8e264d50220eee75cfe08d233b1910,"During the Wars of the Roses (1455 - 1487) which Englishman was dubbed ""the Kingmaker""?",https://opentdb.com/,CC BY-SA 4.0 (adapted)
hard,History,"Before the American colonies switched to the Gregorian calendar in 1752, on what date did their new year start?",Open Trivia DB via leakyhose/open-trivia-dataset @77d8e3cb5c8e264d50220eee75cfe08d233b1910,"Before the American colonies switched to the Gregorian calendar in 1752, on what date did their new year start?",https://opentdb.com/,CC BY-SA 4.0 (adapted)
hard,History,"During the Spanish Civil War (1936), Francisco Franco fought for which political faction?",Open Trivia DB via leakyhose/open-trivia-dataset @77d8e3cb5c8e264d50220eee75cfe08d233b1910,"During the Spanish Civil War (1936), Francisco Franco fought for which political faction?",https://opentdb.com/,CC BY-SA 4.0 (adapted)
hard,History,The Second Boer War in 1899 was fought where?,Open Trivia DB via leakyhose/open-trivia-dataset @77d8e3cb5c8e264d50220eee75cfe08d233b1910,The Second Boer War in 1899 was fought where?,https://opentdb.com/,CC BY-SA 4.0 (adapted)
hard,History,In which year did the Tokyo Subway Sarin Attack occur?,Open Trivia DB via leakyhose/open-trivia-dataset @77d8e3cb5c8e264d50220eee75cfe08d233b1910,In which year did the Tokyo Subway Sarin Attack occur?,https://opentdb.com/,CC BY-SA 4.0 (adapted)
hard,History,Toussaint Louverture led a successful slave revolt in which country?,Open Trivia DB via leakyhose/open-trivia-dataset @77d8e3cb5c8e264d50220eee75cfe08d233b1910,Toussaint Louverture led a successful slave revolt in which country?,https://opentdb.com/,CC BY-SA 4.0 (adapted)
hard,History,How many women joined the United States Armed Services during World War II?,Open Trivia DB via leakyhose/open-trivia-dataset @77d8e3cb5c8e264d50220eee75cfe08d233b1910,How many women joined the United States Armed Services during World War II?,https://opentdb.com/,CC BY-SA 4.0 (adapted)
hard,History,What was the name of the German offensive operation in October 1941 to take Moscow before winter?,Open Trivia DB via leakyhose/open-trivia-dataset @77d8e3cb5c8e264d50220eee75cfe08d233b1910,What was the name of the German offensive operation in October 1941 to take Moscow before winter?,https://opentdb.com/,CC BY-SA 4.0 (adapted)
hard,History,Which U.S. president was said to have been too honest to lie to his father about chopping down a cherry tree?,Open Trivia DB via leakyhose/open-trivia-dataset @77d8e3cb5c8e264d50220eee75cfe08d233b1910,Which U.S. president was said to have been too honest to lie to his father about chopping down a cherry tree?,https://opentdb.com/,CC BY-SA 4.0 (adapted)
hard,History,The ancient city of Chichén Itzá was built by which civilization?,Open Trivia DB via leakyhose/open-trivia-dataset @77d8e3cb5c8e264d50220eee75cfe08d233b1910,The ancient city of Chichén Itzá was built by which civilization?,https://opentdb.com/,CC BY-SA 4.0 (adapted)
hard,History,What micro-state is considered to have the oldest constitution still in effect?,Open Trivia DB via leakyhose/open-trivia-dataset @77d8e3cb5c8e264d50220eee75cfe08d233b1910,What micro-state is considered to have the oldest constitution still in effect?,https://opentdb.com/,CC BY-SA 4.0 (adapted)
hard,History,"When was the ""Siege of Leningrad"" lifted during World War II?",Open Trivia DB via leakyhose/open-trivia-dataset @77d8e3cb5c8e264d50220eee75cfe08d233b1910,"When was the ""Siege of Leningrad"" lifted during World War II?",https://opentdb.com/,CC BY-SA 4.0 (adapted)
hard,History,Who was the last emperor of Mexico?,Open Trivia DB via leakyhose/open-trivia-dataset @77d8e3cb5c8e264d50220eee75cfe08d233b1910,Who was the last emperor of Mexico?,https://opentdb.com/,CC BY-SA 4.0 (adapted)
hard,History,Who patented the flying shuttle in 1733?,Open Trivia DB via leakyhose/open-trivia-dataset @77d8e3cb5c8e264d50220eee75cfe08d233b1910,"Who invented the ""Flying Shuttle"" in 1738; one of the key developments in the industrialization of weaving?",https://opentdb.com/,CC BY-SA 4.0 (adapted)
hard,History,"In addition to his career as an astrologer and ""prophet"", Nostradamus published a 1555 treatise that included a section on what?",Open Trivia DB via leakyhose/open-trivia-dataset @77d8e3cb5c8e264d50220eee75cfe08d233b1910,"In addition to his career as an astrologer and ""prophet"", Nostradamus published a 1555 treatise that included a section on what?",https://opentdb.com/,CC BY-SA 4.0 (adapted)
hard,History,Which King of England was faced with the Peasants' Revolt in 1381?,Open Trivia DB via leakyhose/open-trivia-dataset @77d8e3cb5c8e264d50220eee75cfe08d233b1910,Which King of England was faced with the Peasants' Revolt in 1381?,https://opentdb.com/,CC BY-SA 4.0 (adapted)
hard,History,In 1547 who became the 1st Tsar of Russia,Open Trivia DB via leakyhose/open-trivia-dataset @77d8e3cb5c8e264d50220eee75cfe08d233b1910,In 1547 who became the 1st Tsar of Russia,https://opentdb.com/,CC BY-SA 4.0 (adapted)
hard,History,The Battle of Hastings was fought in which year?,Open Trivia DB via leakyhose/open-trivia-dataset @77d8e3cb5c8e264d50220eee75cfe08d233b1910,The Battle of Hastings was fought in which year?,https://opentdb.com/,CC BY-SA 4.0 (adapted)
hard,History,"What was the aim of the ""Umbrella Revolution"" in Hong Kong in 2014?",Open Trivia DB via leakyhose/open-trivia-dataset @77d8e3cb5c8e264d50220eee75cfe08d233b1910,"What was the aim of the ""Umbrella Revolution"" in Hong Kong in 2014?",https://opentdb.com/,CC BY-SA 4.0 (adapted)
hard,History,"The coat of arms of the King of Spain contains the arms from the monarchs of Castille, Leon, Aragon and which other former Iberian kingdom?",Open Trivia DB via leakyhose/open-trivia-dataset @77d8e3cb5c8e264d50220eee75cfe08d233b1910,"The coat of arms of the King of Spain contains the arms from the monarchs of Castille, Leon, Aragon and which other former Iberian kingdom?",https://opentdb.com/,CC BY-SA 4.0 (adapted)
hard,History,"According to Roman tradition, in which year was Rome founded?",Open Trivia DB via leakyhose/open-trivia-dataset @77d8e3cb5c8e264d50220eee75cfe08d233b1910,"When was the city of Rome, Italy founded?",https://opentdb.com/,CC BY-SA 4.0 (adapted)
hard,History,"In the Seven Wonders of the World, which wonder is the only that has survived to this day?",Open Trivia DB via leakyhose/open-trivia-dataset @77d8e3cb5c8e264d50220eee75cfe08d233b1910,"In the Seven Wonders of the World, which wonder is the only that has survived to this day?",https://opentdb.com/,CC BY-SA 4.0 (adapted)
hard,History,Which naval battle was considered the turning point of the Pacific Ocean Theater during World War 2?,Open Trivia DB via leakyhose/open-trivia-dataset @77d8e3cb5c8e264d50220eee75cfe08d233b1910,Which naval battle was considered the turning point of the Pacific Ocean Theater during World War 2?,https://opentdb.com/,CC BY-SA 4.0 (adapted)
hard,History,When was Adolf Hitler appointed as Chancellor of Germany?,Open Trivia DB via leakyhose/open-trivia-dataset @77d8e3cb5c8e264d50220eee75cfe08d233b1910,When was Adolf Hitler appointed as Chancellor of Germany?,https://opentdb.com/,CC BY-SA 4.0 (adapted)
hard,History,On which day did ARPANET suffer a 4 hour long network crash?,Open Trivia DB via leakyhose/open-trivia-dataset @77d8e3cb5c8e264d50220eee75cfe08d233b1910,On which day did ARPANET suffer a 4 hour long network crash?,https://opentdb.com/,CC BY-SA 4.0 (adapted)
hard,History,Pianist Frédéric Chopin was a composer of which musical era?,Open Trivia DB via leakyhose/open-trivia-dataset @77d8e3cb5c8e264d50220eee75cfe08d233b1910,Pianist Frédéric Chopin was a composer of which musical era?,https://opentdb.com/,CC BY-SA 4.0 (adapted)
hard,History,What was Napoleon Bonaparte's name before he changed it?,Open Trivia DB via leakyhose/open-trivia-dataset @77d8e3cb5c8e264d50220eee75cfe08d233b1910,What was Napoleon Bonaparte's name before he changed it?,https://opentdb.com/,CC BY-SA 4.0 (adapted)
hard,History,How long did the Warsaw Uprising during World War II last?,Open Trivia DB via leakyhose/open-trivia-dataset @77d8e3cb5c8e264d50220eee75cfe08d233b1910,How long did the Warsaw Uprising during World War II last?,https://opentdb.com/,CC BY-SA 4.0 (adapted)
hard,History,What was the real name of the Albanian national leader Skanderbeg?,Open Trivia DB via leakyhose/open-trivia-dataset @77d8e3cb5c8e264d50220eee75cfe08d233b1910,What was the real name of the Albanian national leader Skanderbeg?,https://opentdb.com/,CC BY-SA 4.0 (adapted)
hard,History,"After the 1516 Battle of Marj Dabiq, the Ottoman Empire took control of Jerusalem from which sultanate?",Open Trivia DB via leakyhose/open-trivia-dataset @77d8e3cb5c8e264d50220eee75cfe08d233b1910,"After the 1516 Battle of Marj Dabiq, the Ottoman Empire took control of Jerusalem from which sultanate?",https://opentdb.com/,CC BY-SA 4.0 (adapted)
hard,History,What was the original name of New York City?,Open Trivia DB via leakyhose/open-trivia-dataset @77d8e3cb5c8e264d50220eee75cfe08d233b1910,What was the original name of New York City?,https://opentdb.com/,CC BY-SA 4.0 (adapted)
hard,History,What was the name of the spy ring that helped the United States win the Revolutionary War?,Open Trivia DB via leakyhose/open-trivia-dataset @77d8e3cb5c8e264d50220eee75cfe08d233b1910,What was the name of the spy ring that helped the United States win the Revolutionary War?,https://opentdb.com/,CC BY-SA 4.0 (adapted)
hard,History,Who was the President of the United States during the signing of the Gadsden Purchase?,Open Trivia DB via leakyhose/open-trivia-dataset @77d8e3cb5c8e264d50220eee75cfe08d233b1910,Who was the President of the United States during the signing of the Gadsden Purchase?,https://opentdb.com/,CC BY-SA 4.0 (adapted)
hard,History,"Ferdinand, who married Isabella of Castile in 1469, became king of which Iberian kingdom?",Open Trivia DB via leakyhose/open-trivia-dataset @77d8e3cb5c8e264d50220eee75cfe08d233b1910,Spain was formed in 1469 with the marriage of Isabella I of Castile and Ferdinand II of what other Iberian kingdom?,https://opentdb.com/,CC BY-SA 4.0 (adapted)
hard,History,"With which Greek philosopher would you associate the phrase, ""I know that I know nothing""?",Open Trivia DB via leakyhose/open-trivia-dataset @77d8e3cb5c8e264d50220eee75cfe08d233b1910,"With which Greek philosopher would you associate the phrase, ""I know that I know nothing""?",https://opentdb.com/,CC BY-SA 4.0 (adapted)
hard,History,"What was the code name for the Allied invasion of Southern France on August 15th, 1944?",Open Trivia DB via leakyhose/open-trivia-dataset @77d8e3cb5c8e264d50220eee75cfe08d233b1910,"What was the code name for the Allied invasion of Southern France on August 15th, 1944?",https://opentdb.com/,CC BY-SA 4.0 (adapted)
hard,History,"The main objective of the German operation ""Case Blue"" during World War II was originally to capture what?",Open Trivia DB via leakyhose/open-trivia-dataset @77d8e3cb5c8e264d50220eee75cfe08d233b1910,"The main objective of the German operation ""Case Blue"" during World War II was originally to capture what?",https://opentdb.com/,CC BY-SA 4.0 (adapted)
hard,History,The ontological argument for the proof of God's existence is first attributed to whom?,Open Trivia DB via leakyhose/open-trivia-dataset @77d8e3cb5c8e264d50220eee75cfe08d233b1910,The ontological argument for the proof of God's existence is first attributed to whom?,https://opentdb.com/,CC BY-SA 4.0 (adapted)
hard,History,The Hagia Sophia was commissioned by which emperor of the Byzantine Empire?,Open Trivia DB via leakyhose/open-trivia-dataset @77d8e3cb5c8e264d50220eee75cfe08d233b1910,The Hagia Sophia was commissioned by which emperor of the Byzantine Empire?,https://opentdb.com/,CC BY-SA 4.0 (adapted)
hard,History,Which Byzantine emperor ordered the compilation known as the Corpus Juris Civilis?,Newly authored supplement,Which Byzantine emperor ordered the compilation known as the Corpus Juris Civilis?,,Original project / new original content
hard,History,Which 732 battle is associated with Charles Martel's victory in Frankish territory?,Newly authored supplement,Which 732 battle is associated with Charles Martel's victory in Frankish territory?,,Original project / new original content
hard,History,Which Chinese dynasty ruled immediately before the Ming?,Newly authored supplement,Which Chinese dynasty ruled immediately before the Ming?,,Original project / new original content
hard,History,Which 1526 battle helped establish Mughal rule in northern India?,Newly authored supplement,Which 1526 battle helped establish Mughal rule in northern India?,,Original project / new original content
hard,History,Who was the founder of the Maurya Empire?,Newly authored supplement,Who was the founder of the Maurya Empire?,,Original project / new original content
hard,History,Which Ethiopian emperor defeated Italian forces at Adwa in 1896?,Newly authored supplement,Which Ethiopian emperor defeated Italian forces at Adwa in 1896?,,Original project / new original content
hard,History,Which empire was ruled by Mansa Musa in the fourteenth century?,Newly authored supplement,Which empire was ruled by Mansa Musa in the fourteenth century?,,Original project / new original content
hard,History,Which Portuguese navigator reached India by sea in 1498?,Newly authored supplement,Which Portuguese navigator reached India by sea in 1498?,,Original project / new original content
hard,History,Which Chinese admiral led large maritime expeditions during the early Ming dynasty?,Newly authored supplement,Which Chinese admiral led large maritime expeditions during the early Ming dynasty?,,Original project / new original content
hard,History,Which city was the capital of the Inca Empire?,Newly authored supplement,Which city was the capital of the Inca Empire?,,Original project / new original content
hard,History,Which 1688 event brought William and Mary to the English throne?,Newly authored supplement,Which 1688 event brought William and Mary to the English throne?,,Original project / new original content
hard,History,Which 1713 treaty helped end the War of the Spanish Succession?,Newly authored supplement,Which 1713 treaty helped end the War of the Spanish Succession?,,Original project / new original content
hard,History,Who led the Haitian state after declaring independence in 1804 and became Emperor Jacques I?,Newly authored supplement,Who led the Haitian state after declaring independence in 1804 and became Emperor Jacques I?,,Original project / new original content
hard,History,Which city hosted the 1814–1815 congress that reorganised Europe after Napoleon?,Newly authored supplement,Which city hosted the 1814–1815 congress that reorganised Europe after Napoleon?,,Original project / new original content
hard,History,Which French diplomat represented France at the Congress of Vienna?,Newly authored supplement,Which French diplomat represented France at the Congress of Vienna?,,Original project / new original content
hard,History,Which treaty concluded the Russo-Japanese War in 1905?,Newly authored supplement,Which treaty concluded the Russo-Japanese War in 1905?,,Original project / new original content
hard,History,Which ancient Greek historian wrote an account of the Peloponnesian War?,Newly authored supplement,Which ancient Greek historian wrote an account of the Peloponnesian War?,,Original project / new original content
hard,History,Which Carthaginian commander was defeated at Zama in 202 BCE?,Newly authored supplement,Which Carthaginian commander was defeated at Zama in 202 BCE?,,Original project / new original content
hard,History,Which Roman commander defeated Hannibal at Zama?,Newly authored supplement,Which Roman commander defeated Hannibal at Zama?,,Original project / new original content
hard,History,Which English monarch was executed in 1649?,Newly authored supplement,Which English monarch was executed in 1649?,,Original project / new original content
hard,History,Which dynasty built the palace complex known as the Forbidden City?,Newly authored supplement,Which dynasty built the palace complex known as the Forbidden City?,,Original project / new original content
hard,History,Which 1555 agreement recognised Lutheranism within the Holy Roman Empire?,Newly authored supplement,Which 1555 agreement recognised Lutheranism within the Holy Roman Empire?,,Original project / new original content
hard,History,Which Ottoman sultan conquered Constantinople in 1453?,Newly authored supplement,Which Ottoman sultan conquered Constantinople in 1453?,,Original project / new original content
hard,History,Which treaty ended Russia's involvement in World War I in 1918?,Newly authored supplement,Which treaty ended Russia's involvement in World War I in 1918?,,Original project / new original content
hard,History,Which ruler was the final monarch of the Kingdom of Hawaii?,Newly authored supplement,Which ruler was the final monarch of the Kingdom of Hawaii?,,Original project / new original content
hard,History,Which Korean king is associated with the creation of the Hangul writing system?,Newly authored supplement,Which Korean king is associated with the creation of the Hangul writing system?,,Original project / new original content
hard,History,Which English inventor developed the spinning jenny?,Newly authored supplement,Which English inventor developed the spinning jenny?,,Original project / new original content
hard,History,Which 1839 agreement guaranteed Belgian neutrality?,Newly authored supplement,Which 1839 agreement guaranteed Belgian neutrality?,,Original project / new original content
hard,History,Which Persian dynasty was founded by Cyrus the Great?,Newly authored supplement,Which Persian dynasty was founded by Cyrus the Great?,,Original project / new original content
hard,History,Which Indian emperor issued edicts carved on rocks and pillars after embracing Buddhism?,Newly authored supplement,Which Indian emperor issued edicts carved on rocks and pillars after embracing Buddhism?,,Original project / new original content
hard,History,Which battle in 1813 is also called the Battle of the Nations?,Newly authored supplement,Which battle in 1813 is also called the Battle of the Nations?,,Original project / new original content
hard,History,Which ship carried Charles Darwin on his voyage beginning in 1831?,Newly authored supplement,Which ship carried Charles Darwin on his voyage beginning in 1831?,,Original project / new original content
hard,History,Which Italian statesman became the first prime minister of the Kingdom of Italy in 1861?,Newly authored supplement,Which Italian statesman became the first prime minister of the Kingdom of Italy in 1861?,,Original project / new original content
hard,History,Which 1898 incident involving a French officer became a major diplomatic confrontation with Britain in Sudan?,Newly authored supplement,Which 1898 incident involving a French officer became a major diplomatic confrontation with Britain in Sudan?,,Original project / new original content
hard,History,Which king of England was deposed in 1399 by Henry Bolingbroke?,Newly authored supplement,Which king of England was deposed in 1399 by Henry Bolingbroke?,,Original project / new original content
hard,History,Which 1917 declaration expressed British support for a Jewish national home in Palestine?,Newly authored supplement,Which 1917 declaration expressed British support for a Jewish national home in Palestine?,,Original project / new original content
hard,Art & Literature,Who wrote the modernist poem The Waste Land (1922)?,Original project (edited where needed),Who wrote the modernist poem The Waste Land (1922)?,,Original project / new original content
hard,Art & Literature,Which painter created the triptych The Garden of Earthly Delights?,Original project (edited where needed),Which painter created the triptych The Garden of Earthly Delights?,,Original project / new original content
hard,Art & Literature,Who wrote In Search of Lost Time (A la recherche du temps perdu)?,Original project (edited where needed),Who wrote In Search of Lost Time (A la recherche du temps perdu)?,,Original project / new original content
hard,Art & Literature,Which Renaissance master painted The School of Athens?,Original project (edited where needed),Which Renaissance master painted The School of Athens?,,Original project / new original content
hard,Art & Literature,Who wrote the epic poem Paradise Lost?,Original project (edited where needed),Who wrote the epic poem Paradise Lost?,,Original project / new original content
hard,Art & Literature,Which Japanese noblewoman wrote The Tale of Genji?,Original project (edited where needed),Which Japanese noblewoman wrote The Tale of Genji?,,Original project / new original content
hard,Art & Literature,Who wrote the novel Ulysses?,Original project (edited where needed),Who wrote the novel Ulysses?,,Original project / new original content
hard,Art & Literature,Who sculpted the Pieta in St. Peter's Basilica?,Original project (edited where needed),Who sculpted the Pieta in St. Peter's Basilica?,,Original project / new original content
hard,Art & Literature,What is the name of the town in which Lily and James Potter are buried?,Open Trivia DB via leakyhose/open-trivia-dataset @77d8e3cb5c8e264d50220eee75cfe08d233b1910,What is the name of the town in which Lily and James Potter are buried?,https://opentdb.com/,CC BY-SA 4.0 (adapted)
hard,Art & Literature,Painter Piet Mondrian (1872 - 1944) was a part of what movement?,Open Trivia DB via leakyhose/open-trivia-dataset @77d8e3cb5c8e264d50220eee75cfe08d233b1910,Painter Piet Mondrian (1872 - 1944) was a part of what movement?,https://opentdb.com/,CC BY-SA 4.0 (adapted)
hard,Art & Literature,What was the punishment for Sysiphus's craftiness?,Open Trivia DB via leakyhose/open-trivia-dataset @77d8e3cb5c8e264d50220eee75cfe08d233b1910,What was the punishment for Sysiphus's craftiness?,https://opentdb.com/,CC BY-SA 4.0 (adapted)
hard,Art & Literature,In what Homestuck Update was [S] Game Over released?,Open Trivia DB via leakyhose/open-trivia-dataset @77d8e3cb5c8e264d50220eee75cfe08d233b1910,In what Homestuck Update was [S] Game Over released?,https://opentdb.com/,CC BY-SA 4.0 (adapted)
hard,Art & Literature,What is Hermione Granger's middle name?,Open Trivia DB via leakyhose/open-trivia-dataset @77d8e3cb5c8e264d50220eee75cfe08d233b1910,What is Hermione Granger's middle name?,https://opentdb.com/,CC BY-SA 4.0 (adapted)
hard,Art & Literature,What was the first successful and commercially viable photographic technique?,Open Trivia DB via leakyhose/open-trivia-dataset @77d8e3cb5c8e264d50220eee75cfe08d233b1910,What was the first successful and commercially viable photographic technique?,https://opentdb.com/,CC BY-SA 4.0 (adapted)
hard,Art & Literature,"In the Hellboy universe, what was Abe Sapien's birth name?",Open Trivia DB via leakyhose/open-trivia-dataset @77d8e3cb5c8e264d50220eee75cfe08d233b1910,"In the Hellboy universe, what was Abe Sapien's birth name?",https://opentdb.com/,CC BY-SA 4.0 (adapted)
hard,Art & Literature,Abel Magwitch is a character from which Charles Dickens novel?,Open Trivia DB via leakyhose/open-trivia-dataset @77d8e3cb5c8e264d50220eee75cfe08d233b1910,Abel Magwitch is a character from which Charles Dickens novel?,https://opentdb.com/,CC BY-SA 4.0 (adapted)
hard,Art & Literature,"Who is a minor god that is protector and creator of various arts, such as cheese making and bee keeping.",Open Trivia DB via leakyhose/open-trivia-dataset @77d8e3cb5c8e264d50220eee75cfe08d233b1910,"Who is a minor god that is protector and creator of various arts, such as cheese making and bee keeping.",https://opentdb.com/,CC BY-SA 4.0 (adapted)
hard,Art & Literature,"In what year did the first ""The Walking Dead"" comic come out?",Open Trivia DB via leakyhose/open-trivia-dataset @77d8e3cb5c8e264d50220eee75cfe08d233b1910,"In what year did the first ""The Walking Dead"" comic come out?",https://opentdb.com/,CC BY-SA 4.0 (adapted)
hard,Art & Literature,"In Margaret Atwood's ""The Handmaid's Tale"", what is Offred's real name is implied to be?",Open Trivia DB via leakyhose/open-trivia-dataset @77d8e3cb5c8e264d50220eee75cfe08d233b1910,"In Margaret Atwood's ""The Handmaid's Tale"", what is Offred's real name is implied to be?",https://opentdb.com/,CC BY-SA 4.0 (adapted)
hard,Art & Literature,"The painting ""The Starry Night"" by Vincent van Gogh was part of which art movement?",Open Trivia DB via leakyhose/open-trivia-dataset @77d8e3cb5c8e264d50220eee75cfe08d233b1910,"The painting ""The Starry Night"" by Vincent van Gogh was part of which art movement?",https://opentdb.com/,CC BY-SA 4.0 (adapted)
hard,Art & Literature,Which daughter of King Minos helped Theseus escape the Labyrinth?,Open Trivia DB via leakyhose/open-trivia-dataset @77d8e3cb5c8e264d50220eee75cfe08d233b1910,"In Greek Mythology, who was the daughter of King Minos?",https://opentdb.com/,CC BY-SA 4.0 (adapted)
hard,Art & Literature,"When Batman trolls the online chat rooms, what alias does he use?",Open Trivia DB via leakyhose/open-trivia-dataset @77d8e3cb5c8e264d50220eee75cfe08d233b1910,"When Batman trolls the online chat rooms, what alias does he use?",https://opentdb.com/,CC BY-SA 4.0 (adapted)
hard,Art & Literature,"The novel ""Jane Eyre"" was written by what author?",Open Trivia DB via leakyhose/open-trivia-dataset @77d8e3cb5c8e264d50220eee75cfe08d233b1910,"The novel ""Jane Eyre"" was written by what author?",https://opentdb.com/,CC BY-SA 4.0 (adapted)
hard,Art & Literature,Nidhogg is a mythical creature from what mythology?,Open Trivia DB via leakyhose/open-trivia-dataset @77d8e3cb5c8e264d50220eee75cfe08d233b1910,Nidhogg is a mythical creature from what mythology?,https://opentdb.com/,CC BY-SA 4.0 (adapted)
hard,Art & Literature,"In the Batman comics, by what other name is the villain Dr. Jonathan Crane known?",Open Trivia DB via leakyhose/open-trivia-dataset @77d8e3cb5c8e264d50220eee75cfe08d233b1910,"In the Batman comics, by what other name is the villain Dr. Jonathan Crane known?",https://opentdb.com/,CC BY-SA 4.0 (adapted)
hard,Art & Literature,Albrecht Dürer's birthplace and place of death were in...,Open Trivia DB via leakyhose/open-trivia-dataset @77d8e3cb5c8e264d50220eee75cfe08d233b1910,Albrecht Dürer's birthplace and place of death were in...,https://opentdb.com/,CC BY-SA 4.0 (adapted)
hard,Art & Literature,Who is the Egyptian god of reproduction and lettuce?,Open Trivia DB via leakyhose/open-trivia-dataset @77d8e3cb5c8e264d50220eee75cfe08d233b1910,Who is the Egyptian god of reproduction and lettuce?,https://opentdb.com/,CC BY-SA 4.0 (adapted)
hard,Art & Literature,"In 1978, Superman teamed up with what celebrity, to defeat an alien invasion?",Open Trivia DB via leakyhose/open-trivia-dataset @77d8e3cb5c8e264d50220eee75cfe08d233b1910,"In 1978, Superman teamed up with what celebrity, to defeat an alien invasion?",https://opentdb.com/,CC BY-SA 4.0 (adapted)
hard,Art & Literature,"In the book ""The Martian"", how long was Mark Watney trapped on Mars (in Sols)?",Open Trivia DB via leakyhose/open-trivia-dataset @77d8e3cb5c8e264d50220eee75cfe08d233b1910,"In the book ""The Martian"", how long was Mark Watney trapped on Mars (in Sols)?",https://opentdb.com/,CC BY-SA 4.0 (adapted)
hard,Art & Literature,What French sculptor designed the Statue of Liberty?,Open Trivia DB via leakyhose/open-trivia-dataset @77d8e3cb5c8e264d50220eee75cfe08d233b1910,What French sculptor designed the Statue of Liberty?,https://opentdb.com/,CC BY-SA 4.0 (adapted)
hard,Art & Literature,"According to Algonquian folklore, how does one transform into a Wendigo?",Open Trivia DB via leakyhose/open-trivia-dataset @77d8e3cb5c8e264d50220eee75cfe08d233b1910,"According to Algonquian folklore, how does one transform into a Wendigo?",https://opentdb.com/,CC BY-SA 4.0 (adapted)
hard,Art & Literature,Which pulp hero made appearances in Hellboy and BPRD comics before getting his own spin-off?,Open Trivia DB via leakyhose/open-trivia-dataset @77d8e3cb5c8e264d50220eee75cfe08d233b1910,Which pulp hero made appearances in Hellboy and BPRD comics before getting his own spin-off?,https://opentdb.com/,CC BY-SA 4.0 (adapted)
hard,Art & Literature,"In the Harry Potter universe, what is Cornelius Fudge's middle name?",Open Trivia DB via leakyhose/open-trivia-dataset @77d8e3cb5c8e264d50220eee75cfe08d233b1910,"In the Harry Potter universe, what is Cornelius Fudge's middle name?",https://opentdb.com/,CC BY-SA 4.0 (adapted)
hard,Art & Literature,"What year did Albrecht Dürer create the painting ""The Young Hare""?",Open Trivia DB via leakyhose/open-trivia-dataset @77d8e3cb5c8e264d50220eee75cfe08d233b1910,"What year did Albrecht Dürer create the painting ""The Young Hare""?",https://opentdb.com/,CC BY-SA 4.0 (adapted)
hard,Art & Literature,"In Norse mythology, what is the name of the serpent which eats the roots of the ash tree Yggdrasil?",Open Trivia DB via leakyhose/open-trivia-dataset @77d8e3cb5c8e264d50220eee75cfe08d233b1910,"In Norse mythology, what is the name of the serpent which eats the roots of the ash tree Yggdrasil?",https://opentdb.com/,CC BY-SA 4.0 (adapted)
hard,Art & Literature,What year was the first San Diego Comic-Con?,Open Trivia DB via leakyhose/open-trivia-dataset @77d8e3cb5c8e264d50220eee75cfe08d233b1910,What year was the first San Diego Comic-Con?,https://opentdb.com/,CC BY-SA 4.0 (adapted)
hard,Art & Literature,"In the Beatrix Potter books, what type of animal is Tommy Brock?",Open Trivia DB via leakyhose/open-trivia-dataset @77d8e3cb5c8e264d50220eee75cfe08d233b1910,"In the Beatrix Potter books, what type of animal is Tommy Brock?",https://opentdb.com/,CC BY-SA 4.0 (adapted)
hard,Art & Literature,"Which decorative form of vaulting, with radiating fan-shaped ribs, is associated with English Perpendicular Gothic?",Open Trivia DB via leakyhose/open-trivia-dataset @77d8e3cb5c8e264d50220eee75cfe08d233b1910,What was the major distinction between the English and French Gothic styles of architecture?,https://opentdb.com/,CC BY-SA 4.0 (adapted)
hard,Art & Literature,Which Norse God has a horse named Sleipnir?,Open Trivia DB via leakyhose/open-trivia-dataset @77d8e3cb5c8e264d50220eee75cfe08d233b1910,Which Norse God has a horse named Sleipnir?,https://opentdb.com/,CC BY-SA 4.0 (adapted)
hard,Art & Literature,"What are the names of the two ""Canon fan trolls"" in ""Homestuck""?",Open Trivia DB via leakyhose/open-trivia-dataset @77d8e3cb5c8e264d50220eee75cfe08d233b1910,"What are the names of the two ""Canon fan trolls"" in ""Homestuck""?",https://opentdb.com/,CC BY-SA 4.0 (adapted)
hard,Art & Literature,"According to Bram Stoker's novel, in which British coastal town did Dracula come ashore?",Open Trivia DB via leakyhose/open-trivia-dataset @77d8e3cb5c8e264d50220eee75cfe08d233b1910,"According to Bram Stoker's novel, in which British coastal town did Dracula come ashore?",https://opentdb.com/,CC BY-SA 4.0 (adapted)
hard,Art & Literature,"Talos, the mythical giant bronze man, was the protector of which island?",Open Trivia DB via leakyhose/open-trivia-dataset @77d8e3cb5c8e264d50220eee75cfe08d233b1910,"Talos, the mythical giant bronze man, was the protector of which island?",https://opentdb.com/,CC BY-SA 4.0 (adapted)
hard,Art & Literature,"In the webcomic ""Ava's Demon"", what sin is ""Nevy Nervine"" based off of?",Open Trivia DB via leakyhose/open-trivia-dataset @77d8e3cb5c8e264d50220eee75cfe08d233b1910,"In the webcomic ""Ava's Demon"", what sin is ""Nevy Nervine"" based off of?",https://opentdb.com/,CC BY-SA 4.0 (adapted)
hard,Art & Literature,"Which author co-wrote ""The Communist Manifesto"" alongside Karl Marx?",Open Trivia DB via leakyhose/open-trivia-dataset @77d8e3cb5c8e264d50220eee75cfe08d233b1910,"Which author co-wrote ""The Communist Manifesto"" alongside Karl Marx?",https://opentdb.com/,CC BY-SA 4.0 (adapted)
hard,Art & Literature,Who did Hippomenes defeat in a footrace?,Open Trivia DB via leakyhose/open-trivia-dataset @77d8e3cb5c8e264d50220eee75cfe08d233b1910,Who did Hippomenes defeat in a footrace?,https://opentdb.com/,CC BY-SA 4.0 (adapted)
hard,Art & Literature,"In the Marvel Universe, the planet of Svartalfheim is home to what race?",Open Trivia DB via leakyhose/open-trivia-dataset @77d8e3cb5c8e264d50220eee75cfe08d233b1910,"In the Marvel Universe, the planet of Svartalfheim is home to what race?",https://opentdb.com/,CC BY-SA 4.0 (adapted)
hard,Art & Literature,What name did Thomas Hardy give to the fictional region in which many of his novels are set?,Open Trivia DB via leakyhose/open-trivia-dataset @77d8e3cb5c8e264d50220eee75cfe08d233b1910,Which fictional English county was the setting for Thomas Hardy's novels?,https://opentdb.com/,CC BY-SA 4.0 (adapted)
hard,Art & Literature,"In the ""Archie"" comics, who was Jughead's first girlfriend?",Open Trivia DB via leakyhose/open-trivia-dataset @77d8e3cb5c8e264d50220eee75cfe08d233b1910,"In the ""Archie"" comics, who was Jughead's first girlfriend?",https://opentdb.com/,CC BY-SA 4.0 (adapted)
hard,Art & Literature,"In the book series ""Odd Thomas"", Danny Jessup has what genetic disease?",Open Trivia DB via leakyhose/open-trivia-dataset @77d8e3cb5c8e264d50220eee75cfe08d233b1910,"In the book series ""Odd Thomas"", Danny Jessup has what genetic disease?",https://opentdb.com/,CC BY-SA 4.0 (adapted)
hard,Art & Literature,"In The Lies Of Locke Lamora, what does ""Lamora"" mean in Throne Therin?",Open Trivia DB via leakyhose/open-trivia-dataset @77d8e3cb5c8e264d50220eee75cfe08d233b1910,"In The Lies Of Locke Lamora, what does ""Lamora"" mean in Throne Therin?",https://opentdb.com/,CC BY-SA 4.0 (adapted)
hard,Art & Literature,"In the Homestuck Series, what is the alternate name for the Kingdom of Lights?",Open Trivia DB via leakyhose/open-trivia-dataset @77d8e3cb5c8e264d50220eee75cfe08d233b1910,"In the Homestuck Series, what is the alternate name for the Kingdom of Lights?",https://opentdb.com/,CC BY-SA 4.0 (adapted)
hard,Art & Literature,"In the Harry Potter universe, who does Draco Malfoy end up marrying?",Open Trivia DB via leakyhose/open-trivia-dataset @77d8e3cb5c8e264d50220eee75cfe08d233b1910,"In the Harry Potter universe, who does Draco Malfoy end up marrying?",https://opentdb.com/,CC BY-SA 4.0 (adapted)
hard,Art & Literature,What are the Three Virtues of Bionicle?,Open Trivia DB via leakyhose/open-trivia-dataset @77d8e3cb5c8e264d50220eee75cfe08d233b1910,What are the Three Virtues of Bionicle?,https://opentdb.com/,CC BY-SA 4.0 (adapted)
hard,Art & Literature,"Where does the book ""The Silence of the Lambs"" get its title from?",Open Trivia DB via leakyhose/open-trivia-dataset @77d8e3cb5c8e264d50220eee75cfe08d233b1910,"Where does the book ""The Silence of the Lambs"" get its title from?",https://opentdb.com/,CC BY-SA 4.0 (adapted)
hard,Art & Literature,"Better known by his nickname Logan, what is Wolverine's birth name?",Open Trivia DB via leakyhose/open-trivia-dataset @77d8e3cb5c8e264d50220eee75cfe08d233b1910,"Better known by his nickname Logan, what is Wolverine's birth name?",https://opentdb.com/,CC BY-SA 4.0 (adapted)
hard,Art & Literature,"In which classic novel by Mark Twain did a beggar and Prince of Wales switch clothes, and learn about social class inequality?",Open Trivia DB via leakyhose/open-trivia-dataset @77d8e3cb5c8e264d50220eee75cfe08d233b1910,"In which classic novel by Mark Twain did a beggar and Prince of Wales switch clothes, and learn about social class inequality?",https://opentdb.com/,CC BY-SA 4.0 (adapted)
hard,Art & Literature,When was the Garfield comic first published?,Open Trivia DB via leakyhose/open-trivia-dataset @77d8e3cb5c8e264d50220eee75cfe08d233b1910,When was the Garfield comic first published?,https://opentdb.com/,CC BY-SA 4.0 (adapted)
hard,Art & Literature,"In the ""Harry Potter"" series, what is Headmaster Dumbledore's full name?",Open Trivia DB via leakyhose/open-trivia-dataset @77d8e3cb5c8e264d50220eee75cfe08d233b1910,"In the ""Harry Potter"" series, what is Headmaster Dumbledore's full name?",https://opentdb.com/,CC BY-SA 4.0 (adapted)
hard,Art & Literature,"Which author and poet famously wrote the line, ""The female of the species is more deadly than the male""?",Open Trivia DB via leakyhose/open-trivia-dataset @77d8e3cb5c8e264d50220eee75cfe08d233b1910,"Which author and poet famously wrote the line, ""The female of the species is more deadly than the male""?",https://opentdb.com/,CC BY-SA 4.0 (adapted)
hard,Art & Literature,In which classic novel is there a character named Homer Simpson?,Open Trivia DB via leakyhose/open-trivia-dataset @77d8e3cb5c8e264d50220eee75cfe08d233b1910,In which classic novel is there a character named Homer Simpson?,https://opentdb.com/,CC BY-SA 4.0 (adapted)
hard,Art & Literature,What is Ron Weasley's middle name?,Open Trivia DB via leakyhose/open-trivia-dataset @77d8e3cb5c8e264d50220eee75cfe08d233b1910,What is Ron Weasley's middle name?,https://opentdb.com/,CC BY-SA 4.0 (adapted)
hard,Art & Literature,"In the Magic: The Gathering universe, the Antiquities, Ice Age, and Alliances expansions take place on which continent?",Open Trivia DB via leakyhose/open-trivia-dataset @77d8e3cb5c8e264d50220eee75cfe08d233b1910,"In the Magic: The Gathering universe, the Antiquities, Ice Age, and Alliances expansions take place on which continent?",https://opentdb.com/,CC BY-SA 4.0 (adapted)
hard,Art & Literature,"In the Magic: The Gathering universe, the Fallen Empires expansion takes place on which continent?",Open Trivia DB via leakyhose/open-trivia-dataset @77d8e3cb5c8e264d50220eee75cfe08d233b1910,"In the Magic: The Gathering universe, the Fallen Empires expansion takes place on which continent?",https://opentdb.com/,CC BY-SA 4.0 (adapted)
hard,Art & Literature,"In the Magic: The Gathering universe, which plane does the Homelands expansion take place in?",Open Trivia DB via leakyhose/open-trivia-dataset @77d8e3cb5c8e264d50220eee75cfe08d233b1910,"In the Magic: The Gathering universe, which plane does the Homelands expansion take place in?",https://opentdb.com/,CC BY-SA 4.0 (adapted)
hard,Art & Literature,Which classic horror character killed Elizabeth Lavenza?,Open Trivia DB via leakyhose/open-trivia-dataset @77d8e3cb5c8e264d50220eee75cfe08d233b1910,Which classic horror character killed Elizabeth Lavenza?,https://opentdb.com/,CC BY-SA 4.0 (adapted)
hard,Art & Literature,Who wrote the novel The Master and Margarita?,Newly authored supplement,Who wrote the novel The Master and Margarita?,,Original project / new original content
hard,Art & Literature,Which painter created Las Meninas?,Newly authored supplement,Which painter created Las Meninas?,,Original project / new original content
hard,Art & Literature,Who wrote the novel Middlemarch?,Newly authored supplement,Who wrote the novel Middlemarch?,,Original project / new original content
hard,Art & Literature,"Which painter created The Ambassadors, featuring a distorted skull?",Newly authored supplement,"Which painter created The Ambassadors, featuring a distorted skull?",,Original project / new original content
hard,Art & Literature,Who wrote the novel The Leopard?,Newly authored supplement,Who wrote the novel The Leopard?,,Original project / new original content
hard,Art & Literature,Which sculptor created the bronze Bird in Space series?,Newly authored supplement,Which sculptor created the bronze Bird in Space series?,,Original project / new original content
hard,Art & Literature,Who wrote the novel The Tin Drum?,Newly authored supplement,Who wrote the novel The Tin Drum?,,Original project / new original content
hard,Art & Literature,Who painted A Sunday Afternoon on the Island of La Grande Jatte?,Newly authored supplement,Who painted A Sunday Afternoon on the Island of La Grande Jatte?,,Original project / new original content
hard,Art & Literature,Who wrote the novel The Name of the Rose?,Newly authored supplement,Who wrote the novel The Name of the Rose?,,Original project / new original content
hard,Art & Literature,Who wrote the poem The Second Coming?,Newly authored supplement,Who wrote the poem The Second Coming?,,Original project / new original content
hard,Art & Literature,Which artist created the print The Great Wave off Kanagawa?,Newly authored supplement,Which artist created the print The Great Wave off Kanagawa?,,Original project / new original content
hard,Art & Literature,Who wrote the novel Beloved?,Newly authored supplement,Who wrote the novel Beloved?,,Original project / new original content
hard,Art & Literature,Which painter created Nighthawks?,Newly authored supplement,Which painter created Nighthawks?,,Original project / new original content
hard,Art & Literature,Who wrote the novel The Trial?,Newly authored supplement,Who wrote the novel The Trial?,,Original project / new original content
hard,Art & Literature,Which novelist created the fictional town of Macondo?,Newly authored supplement,Which novelist created the fictional town of Macondo?,,Original project / new original content
hard,Art & Literature,Who wrote the novel The Remains of the Day?,Newly authored supplement,Who wrote the novel The Remains of the Day?,,Original project / new original content
hard,Art & Literature,Which artist created the installation The Weather Project at Tate Modern in 2003?,Newly authored supplement,Which artist created the installation The Weather Project at Tate Modern in 2003?,,Original project / new original content
hard,Art & Literature,Who wrote the novel The God of Small Things?,Newly authored supplement,Who wrote the novel The God of Small Things?,,Original project / new original content
hard,Art & Literature,Which painter created The Raft of the Medusa?,Newly authored supplement,Which painter created The Raft of the Medusa?,,Original project / new original content
hard,Art & Literature,Who wrote the novel Pedro Paramo?,Newly authored supplement,Who wrote the novel Pedro Paramo?,,Original project / new original content
hard,Art & Literature,Who wrote the collection of stories titled Dubliners?,Newly authored supplement,Who wrote the collection of stories titled Dubliners?,,Original project / new original content
hard,Art & Literature,Which painter created Liberty Leading the People?,Newly authored supplement,Which painter created Liberty Leading the People?,,Original project / new original content
hard,Art & Literature,Who wrote the epic poem The Faerie Queene?,Newly authored supplement,Who wrote the epic poem The Faerie Queene?,,Original project / new original content
hard,Art & Literature,Which artist painted Christina's World?,Newly authored supplement,Which artist painted Christina's World?,,Original project / new original content
hard,Art & Literature,"Who wrote the novel The Stranger, also translated as The Outsider?",Newly authored supplement,"Who wrote the novel The Stranger, also translated as The Outsider?",,Original project / new original content
hard,Art & Literature,Which sculptor created The Burghers of Calais?,Newly authored supplement,Which sculptor created The Burghers of Calais?,,Original project / new original content
hard,Art & Literature,"Who wrote the novel Invisible Man, published in 1952?",Newly authored supplement,"Who wrote the novel Invisible Man, published in 1952?",,Original project / new original content
hard,Art & Literature,Which artist designed the glass pyramid at the Louvre?,Newly authored supplement,Which artist designed the glass pyramid at the Louvre?,,Original project / new original content
hard,Art & Literature,Who wrote the novel A Passage to India?,Newly authored supplement,Who wrote the novel A Passage to India?,,Original project / new original content
hard,Art & Literature,Which painter created the Arnolfini Portrait?,Newly authored supplement,Which painter created the Arnolfini Portrait?,,Original project / new original content
hard,Art & Literature,Who wrote the novel The Magic Mountain?,Newly authored supplement,Who wrote the novel The Magic Mountain?,,Original project / new original content
hard,Art & Literature,Who wrote the play Six Characters in Search of an Author?,Newly authored supplement,Who wrote the play Six Characters in Search of an Author?,,Original project / new original content
hard,Art & Literature,Which painter created The Fighting Temeraire?,Newly authored supplement,Which painter created The Fighting Temeraire?,,Original project / new original content
hard,Art & Literature,Who wrote the poetry collection Leaves of Grass?,Newly authored supplement,Who wrote the poetry collection Leaves of Grass?,,Original project / new original content
hard,Art & Literature,Who wrote the novel The Unbearable Lightness of Being?,Newly authored supplement,Who wrote the novel The Unbearable Lightness of Being?,,Original project / new original content
hard,Science,What is the second most abundant element in the Earth's crust?,Original project (edited where needed),What is the second most abundant element in the Earth's crust?,,Original project / new original content
hard,Science,Who formulated the uncertainty principle?,Original project (edited where needed),Who formulated the uncertainty principle?,,Original project / new original content
hard,Science,What is the SI unit of electrical resistance?,Original project (edited where needed),What is the SI unit of electrical resistance?,,Original project / new original content
hard,Science,What is the boundary of a black hole beyond which nothing escapes?,Original project (edited where needed),What is the boundary of a black hole beyond which nothing escapes?,,Original project / new original content
hard,Science,What is the most electronegative chemical element?,Original project (edited where needed),What is the most electronegative chemical element?,,Original project / new original content
hard,Science,How many pairs of chromosomes are normally present in a human somatic cell?,Original project (edited where needed),How many pairs of chromosomes are in a human cell?,,Original project / new original content
hard,Science,Which particle was confirmed at CERN in 2012?,Original project (edited where needed),Which particle was confirmed at CERN in 2012?,,Original project / new original content
hard,Science,Who discovered penicillin?,Original project (edited where needed),Who discovered penicillin?,,Original project / new original content
hard,Science,What is the field rate in hertz of the traditional 625-line PAL television system?,Open Trivia DB via leakyhose/open-trivia-dataset @77d8e3cb5c8e264d50220eee75cfe08d233b1910,How many Hz does the video standard PAL support?,https://opentdb.com/,CC BY-SA 4.0 (adapted)
hard,Science,What is the smallest number that can be expressed as the sum of two positive cubes in two different ways?,Open Trivia DB via leakyhose/open-trivia-dataset @77d8e3cb5c8e264d50220eee75cfe08d233b1910,What is the smallest number that can be expressed as the sum of two positive cubes in two different ways?,https://opentdb.com/,CC BY-SA 4.0 (adapted)
hard,Science,Who built the first laser?,Open Trivia DB via leakyhose/open-trivia-dataset @77d8e3cb5c8e264d50220eee75cfe08d233b1910,Who built the first laser?,https://opentdb.com/,CC BY-SA 4.0 (adapted)
hard,Science,What is the unit of electrical inductance?,Open Trivia DB via leakyhose/open-trivia-dataset @77d8e3cb5c8e264d50220eee75cfe08d233b1910,What is the unit of electrical inductance?,https://opentdb.com/,CC BY-SA 4.0 (adapted)
hard,Science,What is the scientific name of the Budgerigar?,Open Trivia DB via leakyhose/open-trivia-dataset @77d8e3cb5c8e264d50220eee75cfe08d233b1910,What is the scientific name of the Budgerigar?,https://opentdb.com/,CC BY-SA 4.0 (adapted)
hard,Science,The internet domain .fm is the country-code top-level domain for which Pacific Ocean island nation?,Open Trivia DB via leakyhose/open-trivia-dataset @77d8e3cb5c8e264d50220eee75cfe08d233b1910,The internet domain .fm is the country-code top-level domain for which Pacific Ocean island nation?,https://opentdb.com/,CC BY-SA 4.0 (adapted)
hard,Science,How many Millibars (mbar) to 1 Inch of Mercury (inHg),Open Trivia DB via leakyhose/open-trivia-dataset @77d8e3cb5c8e264d50220eee75cfe08d233b1910,How many Millibars (mbar) to 1 Inch of Mercury (inHg),https://opentdb.com/,CC BY-SA 4.0 (adapted)
hard,Science,What vulnerability ranked #1 on the OWASP Top 10 in 2013?,Open Trivia DB via leakyhose/open-trivia-dataset @77d8e3cb5c8e264d50220eee75cfe08d233b1910,What vulnerability ranked #1 on the OWASP Top 10 in 2013?,https://opentdb.com/,CC BY-SA 4.0 (adapted)
hard,Science,How many zeptometres are inside one femtometre?,Open Trivia DB via leakyhose/open-trivia-dataset @77d8e3cb5c8e264d50220eee75cfe08d233b1910,How many zeptometres are inside one femtometre?,https://opentdb.com/,CC BY-SA 4.0 (adapted)
hard,Science,How many protons are in an oxygen atom?,Open Trivia DB via leakyhose/open-trivia-dataset @77d8e3cb5c8e264d50220eee75cfe08d233b1910,How many protons are in an oxygen atom?,https://opentdb.com/,CC BY-SA 4.0 (adapted)
hard,Science,What scientific family does the Aardwolf belong to?,Open Trivia DB via leakyhose/open-trivia-dataset @77d8e3cb5c8e264d50220eee75cfe08d233b1910,What scientific family does the Aardwolf belong to?,https://opentdb.com/,CC BY-SA 4.0 (adapted)
hard,Science,What is the codename of the eighth generation Intel Core micro-architecture launched in October 2017?,Open Trivia DB via leakyhose/open-trivia-dataset @77d8e3cb5c8e264d50220eee75cfe08d233b1910,What is the codename of the eighth generation Intel Core micro-architecture launched in October 2017?,https://opentdb.com/,CC BY-SA 4.0 (adapted)
hard,Science,What is the approximate value of mathematical constant e?,Open Trivia DB via leakyhose/open-trivia-dataset @77d8e3cb5c8e264d50220eee75cfe08d233b1910,What is the approximate value of mathematical constant e?,https://opentdb.com/,CC BY-SA 4.0 (adapted)
hard,Science,What was the name of the first Bulgarian personal computer?,Open Trivia DB via leakyhose/open-trivia-dataset @77d8e3cb5c8e264d50220eee75cfe08d233b1910,What was the name of the first Bulgarian personal computer?,https://opentdb.com/,CC BY-SA 4.0 (adapted)
hard,Science,Finding an antiderivative reverses which calculus operation?,Open Trivia DB via leakyhose/open-trivia-dataset @77d8e3cb5c8e264d50220eee75cfe08d233b1910,Integration is the reverse of what mathematical operation?,https://opentdb.com/,CC BY-SA 4.0 (adapted)
hard,Science,What nucleotide pairs with guanine?,Open Trivia DB via leakyhose/open-trivia-dataset @77d8e3cb5c8e264d50220eee75cfe08d233b1910,What nucleotide pairs with guanine?,https://opentdb.com/,CC BY-SA 4.0 (adapted)
hard,Science,"What binary-prefix unit is equal to 1,024 bytes?",Open Trivia DB via leakyhose/open-trivia-dataset @77d8e3cb5c8e264d50220eee75cfe08d233b1910,What does the International System of Quantities refer 1024 bytes as?,https://opentdb.com/,CC BY-SA 4.0 (adapted)
hard,Science,What physics principle relates the net electric flux out of a closed surface to the charge enclosed by that surface?,Open Trivia DB via leakyhose/open-trivia-dataset @77d8e3cb5c8e264d50220eee75cfe08d233b1910,What physics principle relates the net electric flux out of a closed surface to the charge enclosed by that surface?,https://opentdb.com/,CC BY-SA 4.0 (adapted)
hard,Science,What is the scientific name of the cheetah?,Open Trivia DB via leakyhose/open-trivia-dataset @77d8e3cb5c8e264d50220eee75cfe08d233b1910,What is the scientific name of the cheetah?,https://opentdb.com/,CC BY-SA 4.0 (adapted)
hard,Science,What internet protocol was documented in RFC 1459?,Open Trivia DB via leakyhose/open-trivia-dataset @77d8e3cb5c8e264d50220eee75cfe08d233b1910,What internet protocol was documented in RFC 1459?,https://opentdb.com/,CC BY-SA 4.0 (adapted)
hard,Science,What is the derivative of Acceleration with respect to time?,Open Trivia DB via leakyhose/open-trivia-dataset @77d8e3cb5c8e264d50220eee75cfe08d233b1910,What is the derivative of Acceleration with respect to time?,https://opentdb.com/,CC BY-SA 4.0 (adapted)
hard,Science,What is the molecular formula of Ozone?,Open Trivia DB via leakyhose/open-trivia-dataset @77d8e3cb5c8e264d50220eee75cfe08d233b1910,What is the molecular formula of Ozone?,https://opentdb.com/,CC BY-SA 4.0 (adapted)
hard,Science,"To which biological phylum do all mammals, birds and reptiles belong?",Open Trivia DB via leakyhose/open-trivia-dataset @77d8e3cb5c8e264d50220eee75cfe08d233b1910,"To which biological phylum do all mammals, birds and reptiles belong?",https://opentdb.com/,CC BY-SA 4.0 (adapted)
hard,Science,What is the default TCP port for unencrypted HTTP?,Open Trivia DB via leakyhose/open-trivia-dataset @77d8e3cb5c8e264d50220eee75cfe08d233b1910,What port does HTTP run on?,https://opentdb.com/,CC BY-SA 4.0 (adapted)
hard,Science,The decimal number 31 in hexadecimal would be what?,Open Trivia DB via leakyhose/open-trivia-dataset @77d8e3cb5c8e264d50220eee75cfe08d233b1910,The decimal number 31 in hexadecimal would be what?,https://opentdb.com/,CC BY-SA 4.0 (adapted)
hard,Science,Approximately how many specified elementary entities are in one mole?,Open Trivia DB via leakyhose/open-trivia-dataset @77d8e3cb5c8e264d50220eee75cfe08d233b1910,How many objects are equivalent to one mole?,https://opentdb.com/,CC BY-SA 4.0 (adapted)
hard,Science,"Which species is a ""mountain chicken""?",Open Trivia DB via leakyhose/open-trivia-dataset @77d8e3cb5c8e264d50220eee75cfe08d233b1910,"Which species is a ""mountain chicken""?",https://opentdb.com/,CC BY-SA 4.0 (adapted)
hard,Science,What is the name given to layer 4 of the Open Systems Interconnection (ISO) model?,Open Trivia DB via leakyhose/open-trivia-dataset @77d8e3cb5c8e264d50220eee75cfe08d233b1910,What is the name given to layer 4 of the Open Systems Interconnection (ISO) model?,https://opentdb.com/,CC BY-SA 4.0 (adapted)
hard,Science,What is the plane curve proposed by Descartes to challenge Fermat's extremum-finding techniques called?,Open Trivia DB via leakyhose/open-trivia-dataset @77d8e3cb5c8e264d50220eee75cfe08d233b1910,What is the plane curve proposed by Descartes to challenge Fermat's extremum-finding techniques called?,https://opentdb.com/,CC BY-SA 4.0 (adapted)
hard,Science,What is the scientific name of the knee cap?,Open Trivia DB via leakyhose/open-trivia-dataset @77d8e3cb5c8e264d50220eee75cfe08d233b1910,What is the scientific name of the knee cap?,https://opentdb.com/,CC BY-SA 4.0 (adapted)
hard,Science,What scientific suborder does the family Hyaenidae belong to?,Open Trivia DB via leakyhose/open-trivia-dataset @77d8e3cb5c8e264d50220eee75cfe08d233b1910,What scientific suborder does the family Hyaenidae belong to?,https://opentdb.com/,CC BY-SA 4.0 (adapted)
hard,Science,"Released in 2001, the first edition of Apple's Mac OS X operating system (version 10.0) was given what animal code name?",Open Trivia DB via leakyhose/open-trivia-dataset @77d8e3cb5c8e264d50220eee75cfe08d233b1910,"Released in 2001, the first edition of Apple's Mac OS X operating system (version 10.0) was given what animal code name?",https://opentdb.com/,CC BY-SA 4.0 (adapted)
hard,Science,Autosomal-dominant Compelling Helio-Ophthalmic Outburst syndrome is the need to do what when seeing the Sun?,Open Trivia DB via leakyhose/open-trivia-dataset @77d8e3cb5c8e264d50220eee75cfe08d233b1910,Autosomal-dominant Compelling Helio-Ophthalmic Outburst syndrome is the need to do what when seeing the Sun?,https://opentdb.com/,CC BY-SA 4.0 (adapted)
hard,Science,What bird is born with claws on its wing digits?,Open Trivia DB via leakyhose/open-trivia-dataset @77d8e3cb5c8e264d50220eee75cfe08d233b1910,What bird is born with claws on its wing digits?,https://opentdb.com/,CC BY-SA 4.0 (adapted)
hard,Science,What was the name of the security vulnerability found in Bash in 2014?,Open Trivia DB via leakyhose/open-trivia-dataset @77d8e3cb5c8e264d50220eee75cfe08d233b1910,What was the name of the security vulnerability found in Bash in 2014?,https://opentdb.com/,CC BY-SA 4.0 (adapted)
hard,Science,What does the scientific name of the Cambrian-Period sea creature Anomalocaris mean?,Open Trivia DB via leakyhose/open-trivia-dataset @77d8e3cb5c8e264d50220eee75cfe08d233b1910,What does the scientific name of the Cambrian-Period sea creature Anomalocaris mean?,https://opentdb.com/,CC BY-SA 4.0 (adapted)
hard,Science,What type of creature is a Bonobo?,Open Trivia DB via leakyhose/open-trivia-dataset @77d8e3cb5c8e264d50220eee75cfe08d233b1910,What type of creature is a Bonobo?,https://opentdb.com/,CC BY-SA 4.0 (adapted)
hard,Science,The Harvard architecture for micro-controllers added which additional bus?,Open Trivia DB via leakyhose/open-trivia-dataset @77d8e3cb5c8e264d50220eee75cfe08d233b1910,The Harvard architecture for micro-controllers added which additional bus?,https://opentdb.com/,CC BY-SA 4.0 (adapted)
hard,Science,Which moon is the only satellite in our solar system to possess a dense atmosphere?,Open Trivia DB via leakyhose/open-trivia-dataset @77d8e3cb5c8e264d50220eee75cfe08d233b1910,Which moon is the only satellite in our solar system to possess a dense atmosphere?,https://opentdb.com/,CC BY-SA 4.0 (adapted)
hard,Science,What is the Gray Wolf's scientific name?,Open Trivia DB via leakyhose/open-trivia-dataset @77d8e3cb5c8e264d50220eee75cfe08d233b1910,What is the Gray Wolf's scientific name?,https://opentdb.com/,CC BY-SA 4.0 (adapted)
hard,Science,"What common name is given to the medial condition, tibial stress syndrome (MTSS)?",Open Trivia DB via leakyhose/open-trivia-dataset @77d8e3cb5c8e264d50220eee75cfe08d233b1910,"What common name is given to the medial condition, tibial stress syndrome (MTSS)?",https://opentdb.com/,CC BY-SA 4.0 (adapted)
hard,Science,What is the name of the copper-rich protein that creates the blue blood in the Antarctic octopus?,Open Trivia DB via leakyhose/open-trivia-dataset @77d8e3cb5c8e264d50220eee75cfe08d233b1910,What is the name of the copper-rich protein that creates the blue blood in the Antarctic octopus?,https://opentdb.com/,CC BY-SA 4.0 (adapted)
hard,Science,"Who invented the ""Spanning Tree Protocol""?",Open Trivia DB via leakyhose/open-trivia-dataset @77d8e3cb5c8e264d50220eee75cfe08d233b1910,"Who invented the ""Spanning Tree Protocol""?",https://opentdb.com/,CC BY-SA 4.0 (adapted)
hard,Science,"What is the scientific name for the extinct hominin known as ""Lucy""?",Open Trivia DB via leakyhose/open-trivia-dataset @77d8e3cb5c8e264d50220eee75cfe08d233b1910,"What is the scientific name for the extinct hominin known as ""Lucy""?",https://opentdb.com/,CC BY-SA 4.0 (adapted)
hard,Science,The Western Lowland Gorilla is scientifically know as?,Open Trivia DB via leakyhose/open-trivia-dataset @77d8e3cb5c8e264d50220eee75cfe08d233b1910,The Western Lowland Gorilla is scientifically know as?,https://opentdb.com/,CC BY-SA 4.0 (adapted)
hard,Science,Which data structure does FILO apply to?,Open Trivia DB via leakyhose/open-trivia-dataset @77d8e3cb5c8e264d50220eee75cfe08d233b1910,Which data structure does FILO apply to?,https://opentdb.com/,CC BY-SA 4.0 (adapted)
hard,Science,"The word ""science"" stems from the word ""scire"" meaning what?",Open Trivia DB via leakyhose/open-trivia-dataset @77d8e3cb5c8e264d50220eee75cfe08d233b1910,"The word ""science"" stems from the word ""scire"" meaning what?",https://opentdb.com/,CC BY-SA 4.0 (adapted)
hard,Science,What was the first organic compound to be synthesized from inorganic compounds?,Open Trivia DB via leakyhose/open-trivia-dataset @77d8e3cb5c8e264d50220eee75cfe08d233b1910,What was the first organic compound to be synthesized from inorganic compounds?,https://opentdb.com/,CC BY-SA 4.0 (adapted)
hard,Science,"Lenovo acquired IBM's personal computer division, including the ThinkPad line of laptops and tablets, in what year?",Open Trivia DB via leakyhose/open-trivia-dataset @77d8e3cb5c8e264d50220eee75cfe08d233b1910,"Lenovo acquired IBM's personal computer division, including the ThinkPad line of laptops and tablets, in what year?",https://opentdb.com/,CC BY-SA 4.0 (adapted)
hard,Science,The 'Islets of Langerhans' is found in which human organ?,Open Trivia DB via leakyhose/open-trivia-dataset @77d8e3cb5c8e264d50220eee75cfe08d233b1910,The 'Islets of Langerhans' is found in which human organ?,https://opentdb.com/,CC BY-SA 4.0 (adapted)
hard,Science,Which RAID array type is associated with data mirroring?,Open Trivia DB via leakyhose/open-trivia-dataset @77d8e3cb5c8e264d50220eee75cfe08d233b1910,Which RAID array type is associated with data mirroring?,https://opentdb.com/,CC BY-SA 4.0 (adapted)
hard,Science,What is the scientific name of the red fox?,Open Trivia DB via leakyhose/open-trivia-dataset @77d8e3cb5c8e264d50220eee75cfe08d233b1910,What is the scientific name of the red fox?,https://opentdb.com/,CC BY-SA 4.0 (adapted)
hard,Science,"According to DeMorgan's Theorem, the Boolean expression (AB)' is equivalent to:",Open Trivia DB via leakyhose/open-trivia-dataset @77d8e3cb5c8e264d50220eee75cfe08d233b1910,"According to DeMorgan's Theorem, the Boolean expression (AB)' is equivalent to:",https://opentdb.com/,CC BY-SA 4.0 (adapted)
hard,Science,A neutral atom of which element contains 92 electrons?,Open Trivia DB via leakyhose/open-trivia-dataset @77d8e3cb5c8e264d50220eee75cfe08d233b1910,What element on the periodic table has 92 electrons?,https://opentdb.com/,CC BY-SA 4.0 (adapted)
hard,Science,"What is ""Stenoma""?",Open Trivia DB via leakyhose/open-trivia-dataset @77d8e3cb5c8e264d50220eee75cfe08d233b1910,"What is ""Stenoma""?",https://opentdb.com/,CC BY-SA 4.0 (adapted)
hard,Science,What is the chromosome notation for a person with one X chromosome and two Y chromosomes?,Open Trivia DB via leakyhose/open-trivia-dataset @77d8e3cb5c8e264d50220eee75cfe08d233b1910,What genetic disease is caused by having an extra Y chromosome (XYY)?,https://opentdb.com/,CC BY-SA 4.0 (adapted)
hard,Science,Dutch computer scientist Mark Overmars is known for creating which game development engine?,Open Trivia DB via leakyhose/open-trivia-dataset @77d8e3cb5c8e264d50220eee75cfe08d233b1910,Dutch computer scientist Mark Overmars is known for creating which game development engine?,https://opentdb.com/,CC BY-SA 4.0 (adapted)
hard,Science,What type of sound chip does the Super Nintendo Entertainment System (SNES) have?,Open Trivia DB via leakyhose/open-trivia-dataset @77d8e3cb5c8e264d50220eee75cfe08d233b1910,What type of sound chip does the Super Nintendo Entertainment System (SNES) have?,https://opentdb.com/,CC BY-SA 4.0 (adapted)
hard,Science,Which constellation contains the center of the Milky Way?,Open Trivia DB via leakyhose/open-trivia-dataset @77d8e3cb5c8e264d50220eee75cfe08d233b1910,Which constellation contains the center of the Milky Way?,https://opentdb.com/,CC BY-SA 4.0 (adapted)
hard,Science,"Australia, Japan, and Southeast Asia are in which ITU Region?",Open Trivia DB via leakyhose/open-trivia-dataset @77d8e3cb5c8e264d50220eee75cfe08d233b1910,"Australia, Japan, and Southeast Asia are in which ITU Region?",https://opentdb.com/,CC BY-SA 4.0 (adapted)
hard,Science,Where in the human body is the Pineal Gland located?,Open Trivia DB via leakyhose/open-trivia-dataset @77d8e3cb5c8e264d50220eee75cfe08d233b1910,Where in the human body is the Pineal Gland located?,https://opentdb.com/,CC BY-SA 4.0 (adapted)
hard,Science,What is the name for the auditory illusion of a note that seems to be rising infinitely?,Open Trivia DB via leakyhose/open-trivia-dataset @77d8e3cb5c8e264d50220eee75cfe08d233b1910,What is the name for the auditory illusion of a note that seems to be rising infinitely?,https://opentdb.com/,CC BY-SA 4.0 (adapted)
hard,Science,How long is a light-year?,Open Trivia DB via leakyhose/open-trivia-dataset @77d8e3cb5c8e264d50220eee75cfe08d233b1910,How long is a light-year?,https://opentdb.com/,CC BY-SA 4.0 (adapted)
hard,Science,The core of the Sun can reach which temperature?,Open Trivia DB via leakyhose/open-trivia-dataset @77d8e3cb5c8e264d50220eee75cfe08d233b1910,The core of the Sun can reach which temperature?,https://opentdb.com/,CC BY-SA 4.0 (adapted)
hard,Science,An organic compound is considered an alcohol if it has what functional group?,Open Trivia DB via leakyhose/open-trivia-dataset @77d8e3cb5c8e264d50220eee75cfe08d233b1910,An organic compound is considered an alcohol if it has what functional group?,https://opentdb.com/,CC BY-SA 4.0 (adapted)
hard,Science,Where is the Gluteus Maximus muscle located?,Open Trivia DB via leakyhose/open-trivia-dataset @77d8e3cb5c8e264d50220eee75cfe08d233b1910,Where is the Gluteus Maximus muscle located?,https://opentdb.com/,CC BY-SA 4.0 (adapted)
hard,Science,What causes the sound of a heartbeat?,Open Trivia DB via leakyhose/open-trivia-dataset @77d8e3cb5c8e264d50220eee75cfe08d233b1910,What causes the sound of a heartbeat?,https://opentdb.com/,CC BY-SA 4.0 (adapted)
hard,Science,What is the molecular formula of Glucose?,Open Trivia DB via leakyhose/open-trivia-dataset @77d8e3cb5c8e264d50220eee75cfe08d233b1910,What is the molecular formula of Glucose?,https://opentdb.com/,CC BY-SA 4.0 (adapted)
hard,Science,Which is the chemical name of H2O?,Open Trivia DB via leakyhose/open-trivia-dataset @77d8e3cb5c8e264d50220eee75cfe08d233b1910,Which is the chemical name of H2O?,https://opentdb.com/,CC BY-SA 4.0 (adapted)
hard,Science,How many legs is it biologically impossible for a centipede to have?,Open Trivia DB via leakyhose/open-trivia-dataset @77d8e3cb5c8e264d50220eee75cfe08d233b1910,How many legs is it biologically impossible for a centipede to have?,https://opentdb.com/,CC BY-SA 4.0 (adapted)
hard,Science,What is isobutylphenylpropanoic acid more commonly known as?,Open Trivia DB via leakyhose/open-trivia-dataset @77d8e3cb5c8e264d50220eee75cfe08d233b1910,What is isobutylphenylpropanoic acid more commonly known as?,https://opentdb.com/,CC BY-SA 4.0 (adapted)
hard,Science,Muscle fiber is constructed of bundles small long organelles called what?,Open Trivia DB via leakyhose/open-trivia-dataset @77d8e3cb5c8e264d50220eee75cfe08d233b1910,Muscle fiber is constructed of bundles small long organelles called what?,https://opentdb.com/,CC BY-SA 4.0 (adapted)
hard,Science,Coulrophobia is the irrational fear of what?,Open Trivia DB via leakyhose/open-trivia-dataset @77d8e3cb5c8e264d50220eee75cfe08d233b1910,Coulrophobia is the irrational fear of what?,https://opentdb.com/,CC BY-SA 4.0 (adapted)
hard,Science,What is the standard SI unit for luminous intensity?,Open Trivia DB via leakyhose/open-trivia-dataset @77d8e3cb5c8e264d50220eee75cfe08d233b1910,What is the standard SI unit for luminous intensity?,https://opentdb.com/,CC BY-SA 4.0 (adapted)
hard,Science,Quercus robur is the scientific name of which familiar European tree?,Open Trivia DB via leakyhose/open-trivia-dataset @77d8e3cb5c8e264d50220eee75cfe08d233b1910,If you planted the seeds of Quercus robur what would grow?,https://opentdb.com/,CC BY-SA 4.0 (adapted)
hard,Science,"On the Beaufort Scale of wind force, what wind name is given to number 8?",Open Trivia DB via leakyhose/open-trivia-dataset @77d8e3cb5c8e264d50220eee75cfe08d233b1910,"On the Beaufort Scale of wind force, what wind name is given to number 8?",https://opentdb.com/,CC BY-SA 4.0 (adapted)
hard,Science,Folic acid is a synthetic form of which numbered B vitamin?,Open Trivia DB via leakyhose/open-trivia-dataset @77d8e3cb5c8e264d50220eee75cfe08d233b1910,Folic acid is the synthetic form of which vitamin?,https://opentdb.com/,CC BY-SA 4.0 (adapted)
hard,Science,"""The Big Bang Theory"" was first theorized by a priest of what religious ideology?",Open Trivia DB via leakyhose/open-trivia-dataset @77d8e3cb5c8e264d50220eee75cfe08d233b1910,"""The Big Bang Theory"" was first theorized by a priest of what religious ideology?",https://opentdb.com/,CC BY-SA 4.0 (adapted)
hard,Science,Which enzyme synthesises RNA using a DNA template?,Newly authored supplement,Which enzyme synthesises RNA using a DNA template?,,Original project / new original content
hard,Science,What is the SI unit of magnetic flux?,Newly authored supplement,What is the SI unit of magnetic flux?,,Original project / new original content
hard,Science,What is the SI unit of magnetic flux density?,Newly authored supplement,What is the SI unit of magnetic flux density?,,Original project / new original content
hard,Science,Which principle states that a system at equilibrium responds to oppose an imposed change?,Newly authored supplement,Which principle states that a system at equilibrium responds to oppose an imposed change?,,Original project / new original content
hard,Science,What is the term for nuclides with the same mass number but different atomic numbers?,Newly authored supplement,What is the term for nuclides with the same mass number but different atomic numbers?,,Original project / new original content
hard,Science,Which organelle modifies and sorts many proteins before they are transported elsewhere?,Newly authored supplement,Which organelle modifies and sorts many proteins before they are transported elsewhere?,,Original project / new original content
hard,Science,What is the name of the cycle that fixes carbon dioxide in photosynthesis?,Newly authored supplement,What is the name of the cycle that fixes carbon dioxide in photosynthesis?,,Original project / new original content
hard,Science,Which theorem states that every square matrix satisfies its own characteristic equation?,Newly authored supplement,Which theorem states that every square matrix satisfies its own characteristic equation?,,Original project / new original content
hard,Science,What is the SI unit of absorbed ionising-radiation dose?,Newly authored supplement,What is the SI unit of absorbed ionising-radiation dose?,,Original project / new original content
hard,Science,What is the SI unit of radioactive activity?,Newly authored supplement,What is the SI unit of radioactive activity?,,Original project / new original content
hard,Science,Which law states that the pressure of a fixed amount of gas is inversely proportional to its volume at constant temperature?,Newly authored supplement,Which law states that the pressure of a fixed amount of gas is inversely proportional to its volume at constant temperature?,,Original project / new original content
hard,Science,Which dimensionless number compares inertial forces with viscous forces in fluid flow?,Newly authored supplement,Which dimensionless number compares inertial forces with viscous forces in fluid flow?,,Original project / new original content
hard,Science,Which branch of mathematics studies properties preserved under continuous deformation?,Newly authored supplement,Which branch of mathematics studies properties preserved under continuous deformation?,,Original project / new original content
hard,Science,What is the term for a species found naturally only in a particular geographic area?,Newly authored supplement,What is the term for a species found naturally only in a particular geographic area?,,Original project / new original content
hard,Sports & Leisure,Which country won the first FIFA World Cup in 1930?,Original project (edited where needed),Which country won the first FIFA World Cup in 1930?,,Original project / new original content
hard,Sports & Leisure,"In golf, what is a score of three under par on a single hole called?",Original project (edited where needed),"In golf, what is a score of three under par on a single hole called?",,Original project / new original content
hard,Sports & Leisure,Which swimmer finished the 2016 Olympics with a career total of 23 Olympic gold medals?,Original project (edited where needed),Who holds the record for the most Olympic gold medals?,,Original project / new original content
hard,Sports & Leisure,Which gymnast scored the first perfect 10 at the Olympics in 1976?,Original project (edited where needed),Which gymnast scored the first perfect 10 at the Olympics in 1976?,,Original project / new original content
hard,Sports & Leisure,Which nation won its fourth men's Rugby World Cup in 2023?,Original project (edited where needed),Which nation has won the most men's Rugby World Cups?,,Original project / new original content
hard,Sports & Leisure,"In cricket, what is taking three wickets on three consecutive balls called?",Original project (edited where needed),"In cricket, what is taking three wickets on three consecutive balls called?",,Original project / new original content
hard,Sports & Leisure,Which two drivers had each won seven Formula One World Drivers' Championships by the end of 2020?,Original project (edited where needed),Which two drivers share the record of seven Formula 1 World Championships?,,Original project / new original content
hard,Sports & Leisure,"In chess, forcing a draw through endless checks is called what?",Original project (edited where needed),"In chess, forcing a draw through endless checks is called what?",,Original project / new original content
hard,Sports & Leisure,Which English football team is nicknamed 'The Tigers'?,Open Trivia DB via leakyhose/open-trivia-dataset @77d8e3cb5c8e264d50220eee75cfe08d233b1910,Which English football team is nicknamed 'The Tigers'?,https://opentdb.com/,CC BY-SA 4.0 (adapted)
hard,Sports & Leisure,"In Magic: The Gathering, what was a tribute card to Jamie Wakefield's late wife Marilyn, who loved horses?",Open Trivia DB via leakyhose/open-trivia-dataset @77d8e3cb5c8e264d50220eee75cfe08d233b1910,"In Magic: The Gathering, what was a tribute card to Jamie Wakefield's late wife Marilyn, who loved horses?",https://opentdb.com/,CC BY-SA 4.0 (adapted)
hard,Sports & Leisure,"What was the development code name for the ""Urza's Destiny"" expansion for ""Magic: The Gathering"", released in 1999?",Open Trivia DB via leakyhose/open-trivia-dataset @77d8e3cb5c8e264d50220eee75cfe08d233b1910,"What was the development code name for the ""Urza's Destiny"" expansion for ""Magic: The Gathering"", released in 1999?",https://opentdb.com/,CC BY-SA 4.0 (adapted)
hard,Sports & Leisure,How many times did Martina Navratilova win the Wimbledon Singles Championship?,Open Trivia DB via leakyhose/open-trivia-dataset @77d8e3cb5c8e264d50220eee75cfe08d233b1910,How many times did Martina Navratilova win the Wimbledon Singles Championship?,https://opentdb.com/,CC BY-SA 4.0 (adapted)
hard,Sports & Leisure,"Which card is on the cover of the Beta rulebook of ""Magic: The Gathering""?",Open Trivia DB via leakyhose/open-trivia-dataset @77d8e3cb5c8e264d50220eee75cfe08d233b1910,"Which card is on the cover of the Beta rulebook of ""Magic: The Gathering""?",https://opentdb.com/,CC BY-SA 4.0 (adapted)
hard,Sports & Leisure,"Which Italian footballer told Neuer where he's putting his shot and dragging it wide, during the match Italy-Germany, UEFA EURO 2016?",Open Trivia DB via leakyhose/open-trivia-dataset @77d8e3cb5c8e264d50220eee75cfe08d233b1910,"Which Italian footballer told Neuer where he's putting his shot and dragging it wide, during the match Italy-Germany, UEFA EURO 2016?",https://opentdb.com/,CC BY-SA 4.0 (adapted)
hard,Sports & Leisure,"The board game ""Ra"" was designed by which designer?",Open Trivia DB via leakyhose/open-trivia-dataset @77d8e3cb5c8e264d50220eee75cfe08d233b1910,"The board game ""Ra"" was designed by which designer?",https://opentdb.com/,CC BY-SA 4.0 (adapted)
hard,Sports & Leisure,With which doubles partner did John McEnroe have most success?,Open Trivia DB via leakyhose/open-trivia-dataset @77d8e3cb5c8e264d50220eee75cfe08d233b1910,With which doubles partner did John McEnroe have most success?,https://opentdb.com/,CC BY-SA 4.0 (adapted)
hard,Sports & Leisure,Which Dungeons & Dragons monster has challenge rating 30 in the 2014 Monster Manual?,Open Trivia DB via leakyhose/open-trivia-dataset @77d8e3cb5c8e264d50220eee75cfe08d233b1910,What is the most challenging monster in the Dungeons & Dragons 5th Edition Monster Manual?,https://opentdb.com/,CC BY-SA 4.0 (adapted)
hard,Sports & Leisure,Where was the Games of the XXII Olympiad held?,Open Trivia DB via leakyhose/open-trivia-dataset @77d8e3cb5c8e264d50220eee75cfe08d233b1910,Where was the Games of the XXII Olympiad held?,https://opentdb.com/,CC BY-SA 4.0 (adapted)
hard,Sports & Leisure,At which race was the 2018 F1 Drivers Championship won?,Open Trivia DB via leakyhose/open-trivia-dataset @77d8e3cb5c8e264d50220eee75cfe08d233b1910,At which race was the 2018 F1 Drivers Championship won?,https://opentdb.com/,CC BY-SA 4.0 (adapted)
hard,Sports & Leisure,What Magic: The Gathering card's flavor text is just 'Ribbit.'?,Open Trivia DB via leakyhose/open-trivia-dataset @77d8e3cb5c8e264d50220eee75cfe08d233b1910,What Magic: The Gathering card's flavor text is just 'Ribbit.'?,https://opentdb.com/,CC BY-SA 4.0 (adapted)
hard,Sports & Leisure,The Mazda 787B won the 24 Hours of Le Mans in what year?,Open Trivia DB via leakyhose/open-trivia-dataset @77d8e3cb5c8e264d50220eee75cfe08d233b1910,The Mazda 787B won the 24 Hours of Le Mans in what year?,https://opentdb.com/,CC BY-SA 4.0 (adapted)
hard,Sports & Leisure,"On a standard US Monopoly board, what is the purchase price of Tennessee Avenue?",Open Trivia DB via leakyhose/open-trivia-dataset @77d8e3cb5c8e264d50220eee75cfe08d233b1910,"On a standard Monopoly board, how much do you have to pay for Tennessee Ave?",https://opentdb.com/,CC BY-SA 4.0 (adapted)
hard,Sports & Leisure,Which male player won the gold medal of table tennis singles in 2016 Olympics Games?,Open Trivia DB via leakyhose/open-trivia-dataset @77d8e3cb5c8e264d50220eee75cfe08d233b1910,Which male player won the gold medal of table tennis singles in 2016 Olympics Games?,https://opentdb.com/,CC BY-SA 4.0 (adapted)
hard,Sports & Leisure,"In Magic: The Gathering, what term for blocking was established in the Portal set?",Open Trivia DB via leakyhose/open-trivia-dataset @77d8e3cb5c8e264d50220eee75cfe08d233b1910,"In Magic: The Gathering, what term for blocking was established in the Portal set?",https://opentdb.com/,CC BY-SA 4.0 (adapted)
hard,Sports & Leisure,"Prior to 2018, which car company is the only Japanese company which won the 24 Hours of Le Mans?",Open Trivia DB via leakyhose/open-trivia-dataset @77d8e3cb5c8e264d50220eee75cfe08d233b1910,"Prior to 2018, which car company is the only Japanese company which won the 24 Hours of Le Mans?",https://opentdb.com/,CC BY-SA 4.0 (adapted)
hard,Sports & Leisure,Which year was the third Super Bowl held?,Open Trivia DB via leakyhose/open-trivia-dataset @77d8e3cb5c8e264d50220eee75cfe08d233b1910,Which year was the third Super Bowl held?,https://opentdb.com/,CC BY-SA 4.0 (adapted)
hard,Sports & Leisure,"What was the development code name for the ""Weatherlight"" expansion for ""Magic: The Gathering"", released in 1997?",Open Trivia DB via leakyhose/open-trivia-dataset @77d8e3cb5c8e264d50220eee75cfe08d233b1910,"What was the development code name for the ""Weatherlight"" expansion for ""Magic: The Gathering"", released in 1997?",https://opentdb.com/,CC BY-SA 4.0 (adapted)
hard,Sports & Leisure,Who scored the injury time winning goal in the 1999 UEFA Champions League final between Manchester United and Bayern Munich?,Open Trivia DB via leakyhose/open-trivia-dataset @77d8e3cb5c8e264d50220eee75cfe08d233b1910,Who scored the injury time winning goal in the 1999 UEFA Champions League final between Manchester United and Bayern Munich?,https://opentdb.com/,CC BY-SA 4.0 (adapted)
hard,Sports & Leisure,What is the total face value of all 100 tiles in a standard English-language Scrabble set?,Open Trivia DB via leakyhose/open-trivia-dataset @77d8e3cb5c8e264d50220eee75cfe08d233b1910,What is the sum of all the tiles in a standard box of Scrabble?,https://opentdb.com/,CC BY-SA 4.0 (adapted)
hard,Sports & Leisure,"In Magic: The Gathering, what card's flavor text is ""Catch!""?",Open Trivia DB via leakyhose/open-trivia-dataset @77d8e3cb5c8e264d50220eee75cfe08d233b1910,"In Magic: The Gathering, what card's flavor text is ""Catch!""?",https://opentdb.com/,CC BY-SA 4.0 (adapted)
hard,Sports & Leisure,"What is the full name of the footballer ""Cristiano Ronaldo""?",Open Trivia DB via leakyhose/open-trivia-dataset @77d8e3cb5c8e264d50220eee75cfe08d233b1910,"What is the full name of the footballer ""Cristiano Ronaldo""?",https://opentdb.com/,CC BY-SA 4.0 (adapted)
hard,Sports & Leisure,Which character class in Dungeons and Dragons 5th edition gains it's powers from making a pact with a being of higher power?,Open Trivia DB via leakyhose/open-trivia-dataset @77d8e3cb5c8e264d50220eee75cfe08d233b1910,Which character class in Dungeons and Dragons 5th edition gains it's powers from making a pact with a being of higher power?,https://opentdb.com/,CC BY-SA 4.0 (adapted)
hard,Sports & Leisure,What tool lends it's name to a last-stone advantage in an end in Curling?,Open Trivia DB via leakyhose/open-trivia-dataset @77d8e3cb5c8e264d50220eee75cfe08d233b1910,What tool lends it's name to a last-stone advantage in an end in Curling?,https://opentdb.com/,CC BY-SA 4.0 (adapted)
hard,Sports & Leisure,"In standard US Monopoly, what is the base rent for unimproved Park Place when its owner does not own the complete colour group?",Open Trivia DB via leakyhose/open-trivia-dataset @77d8e3cb5c8e264d50220eee75cfe08d233b1910,"In standard Monopoly, what's the rent if you land on Park Place with no houses?",https://opentdb.com/,CC BY-SA 4.0 (adapted)
hard,Sports & Leisure,What is “The Sport of Kings”?,Open Trivia DB via leakyhose/open-trivia-dataset @77d8e3cb5c8e264d50220eee75cfe08d233b1910,What is “The Sport of Kings”?,https://opentdb.com/,CC BY-SA 4.0 (adapted)
hard,Sports & Leisure,"Which ability from the ""Magic: The Gathering"" Scars of Mirrodin expansion involves having at least three artifacts in play?",Open Trivia DB via leakyhose/open-trivia-dataset @77d8e3cb5c8e264d50220eee75cfe08d233b1910,"Which ability from the ""Magic: The Gathering"" Scars of Mirrodin expansion involves having at least three artifacts in play?",https://opentdb.com/,CC BY-SA 4.0 (adapted)
hard,Sports & Leisure,Who won the 1998 Daytona 500?,Open Trivia DB via leakyhose/open-trivia-dataset @77d8e3cb5c8e264d50220eee75cfe08d233b1910,Who won the 1998 Daytona 500?,https://opentdb.com/,CC BY-SA 4.0 (adapted)
hard,Sports & Leisure,What do you declare in Rīchi Mahjong when you've drawn your winning tile?,Open Trivia DB via leakyhose/open-trivia-dataset @77d8e3cb5c8e264d50220eee75cfe08d233b1910,What do you declare in Rīchi Mahjong when you've drawn your winning tile?,https://opentdb.com/,CC BY-SA 4.0 (adapted)
hard,Sports & Leisure,What team did England beat in the semi-final stage to win in the 1966 World Cup final?,Open Trivia DB via leakyhose/open-trivia-dataset @77d8e3cb5c8e264d50220eee75cfe08d233b1910,What team did England beat in the semi-final stage to win in the 1966 World Cup final?,https://opentdb.com/,CC BY-SA 4.0 (adapted)
hard,Sports & Leisure,"Some of the ""Fallen Empires"" cards from ""Magic: The Gathering"" were misprinted on the backs of which other card game?",Open Trivia DB via leakyhose/open-trivia-dataset @77d8e3cb5c8e264d50220eee75cfe08d233b1910,"Some of the ""Fallen Empires"" cards from ""Magic: The Gathering"" were misprinted on the backs of which other card game?",https://opentdb.com/,CC BY-SA 4.0 (adapted)
hard,Sports & Leisure,"The board game ""Monopoly"" is a variation of what board game?",Open Trivia DB via leakyhose/open-trivia-dataset @77d8e3cb5c8e264d50220eee75cfe08d233b1910,"The board game ""Monopoly"" is a variation of what board game?",https://opentdb.com/,CC BY-SA 4.0 (adapted)
hard,Sports & Leisure,"Which player ""kung-fu kicked"" a Crystal Palace fan in January 1995?",Open Trivia DB via leakyhose/open-trivia-dataset @77d8e3cb5c8e264d50220eee75cfe08d233b1910,"Which player ""kung-fu kicked"" a Crystal Palace fan in January 1995?",https://opentdb.com/,CC BY-SA 4.0 (adapted)
hard,Sports & Leisure,Which female player won the gold medal of table tennis singles in 2016 Olympics Games?,Open Trivia DB via leakyhose/open-trivia-dataset @77d8e3cb5c8e264d50220eee75cfe08d233b1910,Which female player won the gold medal of table tennis singles in 2016 Olympics Games?,https://opentdb.com/,CC BY-SA 4.0 (adapted)
hard,Sports & Leisure,Which chess opening begins 1.e4 c5?,Newly authored supplement,Which chess opening begins 1.e4 c5?,,Original project / new original content
hard,Sports & Leisure,Which chess opening begins 1.d4 d5 2.c4?,Newly authored supplement,Which chess opening begins 1.d4 d5 2.c4?,,Original project / new original content
hard,Sports & Leisure,Which chess opening begins 1.e4 e6?,Newly authored supplement,Which chess opening begins 1.e4 e6?,,Original project / new original content
hard,Sports & Leisure,Which chess opening begins 1.e4 c6?,Newly authored supplement,Which chess opening begins 1.e4 c6?,,Original project / new original content
hard,Sports & Leisure,Which chess opening begins 1.e4 e5 2.Nf3 Nc6 3.Bb5?,Newly authored supplement,Which chess opening begins 1.e4 e5 2.Nf3 Nc6 3.Bb5?,,Original project / new original content
hard,Sports & Leisure,What is the chess term for a situation in which any legal move worsens a player's position?,Newly authored supplement,What is the chess term for a situation in which any legal move worsens a player's position?,,Original project / new original content
hard,Sports & Leisure,What is the chess term for a draw when the player to move has no legal moves but is not in check?,Newly authored supplement,What is the chess term for a draw when the player to move has no legal moves but is not in check?,,Original project / new original content
hard,Sports & Leisure,Which special pawn capture must be made immediately after an opposing pawn advances two squares alongside it?,Newly authored supplement,Which special pawn capture must be made immediately after an opposing pawn advances two squares alongside it?,,Original project / new original content
hard,Sports & Leisure,What is the name of the chess tactic in which a piece cannot move without exposing a more valuable piece behind it?,Newly authored supplement,What is the name of the chess tactic in which a piece cannot move without exposing a more valuable piece behind it?,,Original project / new original content
hard,Sports & Leisure,Which chess tactic attacks a valuable piece so that moving it exposes another piece behind it?,Newly authored supplement,Which chess tactic attacks a valuable piece so that moving it exposes another piece behind it?,,Original project / new original content
hard,Sports & Leisure,Which Cuban player became world chess champion in 1921?,Newly authored supplement,Which Cuban player became world chess champion in 1921?,,Original project / new original content
hard,Sports & Leisure,Who defeated Boris Spassky in the 1972 world chess championship?,Newly authored supplement,Who defeated Boris Spassky in the 1972 world chess championship?,,Original project / new original content
hard,Sports & Leisure,Which Soviet chess player was nicknamed the Magician from Riga?,Newly authored supplement,Which Soviet chess player was nicknamed the Magician from Riga?,,Original project / new original content
hard,Sports & Leisure,"In contract bridge, how many cards does each player receive?",Newly authored supplement,"In contract bridge, how many cards does each player receive?",,Original project / new original content
hard,Sports & Leisure,"In contract bridge, what is the highest-ranking suit for bidding?",Newly authored supplement,"In contract bridge, what is the highest-ranking suit for bidding?",,Original project / new original content
hard,Sports & Leisure,"In contract bridge, what is a contract to win all thirteen tricks called?",Newly authored supplement,"In contract bridge, what is a contract to win all thirteen tricks called?",,Original project / new original content
hard,Sports & Leisure,"In contract bridge, what is a contract to win twelve tricks called?",Newly authored supplement,"In contract bridge, what is a contract to win twelve tricks called?",,Original project / new original content
hard,Sports & Leisure,"In cribbage, what is the highest possible score for a single hand including the starter card?",Newly authored supplement,"In cribbage, what is the highest possible score for a single hand including the starter card?",,Original project / new original content
hard,Sports & Leisure,What is each narrow triangular space on a backgammon board called?,Newly authored supplement,What is each narrow triangular space on a backgammon board called?,,Original project / new original content
hard,Sports & Leisure,"In backgammon, what is the term for removing one's checkers from the board at the end of play?",Newly authored supplement,"In backgammon, what is the term for removing one's checkers from the board at the end of play?",,Original project / new original content
hard,Sports & Leisure,"In backgammon, what is a single checker alone on a point called?",Newly authored supplement,"In backgammon, what is a single checker alone on a point called?",,Original project / new original content
hard,Sports & Leisure,"In English draughts, what is a piece called after it reaches the opponent's back rank?",Newly authored supplement,"In English draughts, what is a piece called after it reaches the opponent's back rank?",,Original project / new original content
hard,Sports & Leisure,How many tiles are in a standard double-six domino set?,Newly authored supplement,How many tiles are in a standard double-six domino set?,,Original project / new original content
hard,Sports & Leisure,"Which card game traditionally uses a thirty-two-card deck and three players, and originated in Germany?",Newly authored supplement,"Which card game traditionally uses a thirty-two-card deck and three players, and originated in Germany?",,Original project / new original content
hard,Sports & Leisure,What is the name of the Japanese chess variant in which captured pieces may be dropped back onto the board?,Newly authored supplement,What is the name of the Japanese chess variant in which captured pieces may be dropped back onto the board?,,Original project / new original content
hard,Sports & Leisure,What is the name of the Chinese chess variant played on a board divided by a river?,Newly authored supplement,What is the name of the Chinese chess variant played on a board divided by a river?,,Original project / new original content
hard,Sports & Leisure,Which abstract strategy game uses rings and markers and was designed by Kris Burm?,Newly authored supplement,Which abstract strategy game uses rings and markers and was designed by Kris Burm?,,Original project / new original content
hard,Sports & Leisure,Which board game designed by Uwe Rosenberg has players develop a farm and feed their family?,Newly authored supplement,Which board game designed by Uwe Rosenberg has players develop a farm and feed their family?,,Original project / new original content
hard,Sports & Leisure,Which board game by Alan R. Moon has players claim railway routes between cities?,Newly authored supplement,Which board game by Alan R. Moon has players claim railway routes between cities?,,Original project / new original content
hard,Sports & Leisure,Which cooperative board game has players contain outbreaks and discover cures for four diseases?,Newly authored supplement,Which cooperative board game has players contain outbreaks and discover cures for four diseases?,,Original project / new original content
hard,Sports & Leisure,Which board game by Klaus Teuber was first published in German as Die Siedler von Catan?,Newly authored supplement,Which board game by Klaus Teuber was first published in German as Die Siedler von Catan?,,Original project / new original content
hard,Sports & Leisure,Which word game uses sixteen letter cubes in a four-by-four grid and a sand timer?,Newly authored supplement,Which word game uses sixteen letter cubes in a four-by-four grid and a sand timer?,,Original project / new original content
hard,Sports & Leisure,Which two-player board game asks players to deduce the identity of the opponent's character by asking yes-or-no questions?,Newly authored supplement,Which two-player board game asks players to deduce the identity of the opponent's character by asking yes-or-no questions?,,Original project / new original content
hard,Sports & Leisure,Which game designed by Richard Garfield uses collectible cards and five colours of mana?,Newly authored supplement,Which game designed by Richard Garfield uses collectible cards and five colours of mana?,,Original project / new original content
hard,Sports & Leisure,What is the name for a badminton shot that drops just beyond the net?,Newly authored supplement,What is the name for a badminton shot that drops just beyond the net?,,Original project / new original content
hard,Sports & Leisure,What is the maximum score for a perfect game of ten-pin bowling?,Newly authored supplement,What is the maximum score for a perfect game of ten-pin bowling?,,Original project / new original content
hard,Sports & Leisure,What is the term for taking a wicket with the first ball faced by a cricket batter?,Newly authored supplement,What is the term for taking a wicket with the first ball faced by a cricket batter?,,Original project / new original content
hard,Sports & Leisure,"In cricket, what is an over in which no runs are charged to the bowler called?",Newly authored supplement,"In cricket, what is an over in which no runs are charged to the bowler called?",,Original project / new original content
hard,Sports & Leisure,Which cricket dismissal is abbreviated LBW?,Newly authored supplement,Which cricket dismissal is abbreviated LBW?,,Original project / new original content
hard,Sports & Leisure,"In cricket, what is the term for a ball hit over the boundary without bouncing?",Newly authored supplement,"In cricket, what is the term for a ball hit over the boundary without bouncing?",,Original project / new original content
hard,Sports & Leisure,"In snooker, which colour ball is worth five points?",Newly authored supplement,"In snooker, which colour ball is worth five points?",,Original project / new original content
hard,Sports & Leisure,"In snooker, which colour ball is worth six points?",Newly authored supplement,"In snooker, which colour ball is worth six points?",,Original project / new original content
hard,Sports & Leisure,"In darts, what is the standard starting score in a professional leg that ends with a double?",Newly authored supplement,"In darts, what is the standard starting score in a professional leg that ends with a double?",,Original project / new original content
hard,Sports & Leisure,Which country hosted the first Winter Olympic Games in 1924?,Newly authored supplement,Which country hosted the first Winter Olympic Games in 1924?,,Original project / new original content
hard,Sports & Leisure,Which city hosted the 1952 Summer Olympic Games?,Newly authored supplement,Which city hosted the 1952 Summer Olympic Games?,,Original project / new original content
hard,Sports & Leisure,Which city hosted the 1968 Summer Olympic Games?,Newly authored supplement,Which city hosted the 1968 Summer Olympic Games?,,Original project / new original content
hard,Sports & Leisure,Which city hosted the 1976 Summer Olympic Games?,Newly authored supplement,Which city hosted the 1976 Summer Olympic Games?,,Original project / new original content
hard,Sports & Leisure,Which city hosted the 1992 Summer Olympic Games?,Newly authored supplement,Which city hosted the 1992 Summer Olympic Games?,,Original project / new original content
hard,Sports & Leisure,Which city hosted the 1994 Winter Olympic Games?,Newly authored supplement,Which city hosted the 1994 Winter Olympic Games?,,Original project / new original content
hard,Sports & Leisure,Who won the men's marathon at the 1960 Olympics while running barefoot?,Newly authored supplement,Who won the men's marathon at the 1960 Olympics while running barefoot?,,Original project / new original content
hard,Sports & Leisure,Which athlete won four gold medals at the 1936 Berlin Olympics?,Newly authored supplement,Which athlete won four gold medals at the 1936 Berlin Olympics?,,Original project / new original content
hard,Sports & Leisure,Which gymnast won the all-around women's title at the 1972 Olympics?,Newly authored supplement,Which gymnast won the all-around women's title at the 1972 Olympics?,,Original project / new original content
hard,Sports & Leisure,Which Romanian tennis player won the men's singles title at the 1972 US Open?,Newly authored supplement,Which Romanian tennis player won the men's singles title at the 1972 US Open?,,Original project / new original content
hard,Sports & Leisure,Which Australian tennis player won all four men's Grand Slam singles titles in 1969?,Newly authored supplement,Which Australian tennis player won all four men's Grand Slam singles titles in 1969?,,Original project / new original content
hard,Sports & Leisure,Which Swedish tennis player won five consecutive Wimbledon men's singles titles from 1976 to 1980?,Newly authored supplement,Which Swedish tennis player won five consecutive Wimbledon men's singles titles from 1976 to 1980?,,Original project / new original content
hard,Sports & Leisure,Which French cyclist won five Tours de France between 1957 and 1964?,Newly authored supplement,Which French cyclist won five Tours de France between 1957 and 1964?,,Original project / new original content
hard,Sports & Leisure,Which Belgian cyclist was nicknamed the Cannibal?,Newly authored supplement,Which Belgian cyclist was nicknamed the Cannibal?,,Original project / new original content
